seq,obj_id,mode,degradation,is_compound,level,severity_mean,severity_max,frame_stride,n_frames,J,F,J&F,n_decisions,n_reanchors,tau_score,reseed_stride,n_rejected,n_reseeds,n_encoder_calls,n_predict_failures,wall_time_s,n_present,n_clip,p1_scale,protocol,J_raw,F_raw,J&F_raw
bike-packing,1,greedy,clean,0,1.0,1.0,1.0,1,69,0.16056514115825468,0.1896505184423028,0.17510782980027872,0,0,0.0,0,0,0,68,0,27.57987952232361,69,69,1,P1,0.16056514115825468,0.1896505184423028,0.17510782980027872
bike-packing,2,greedy,clean,0,1.0,1.0,1.0,1,69,0.9112431615246372,0.745295403963996,0.8282692827443165,0,0,0.0,0,0,0,68,0,27.316671133041382,69,69,1,P1,0.9112431615246372,0.745295403963996,0.8282692827443165
bike-packing,1,sam2video,clean,0,1.0,1.0,1.0,1,69,0.8780640013675431,0.7003332090792571,0.7891986052234001,0,0,0.0,0,0,0,71,0,285.624240398407,69,69,1,P1,0.8780640013675431,0.7003332090792571,0.7891986052234001
bike-packing,2,sam2video,clean,0,1.0,1.0,1.0,1,69,0.942069062341823,0.7925120257556231,0.8672905440487231,0,0,0.0,0,0,0,71,0,209.31871557235718,69,69,1,P1,0.942069062341823,0.7925120257556231,0.8672905440487231
blackswan,1,greedy,clean,0,1.0,1.0,1.0,1,50,0.9482924887744363,0.7953538527768926,0.8718231707756645,0,0,0.0,0,0,0,49,0,75.73082613945007,50,50,1,P1,0.9482924887744363,0.7953538527768926,0.8718231707756645
blackswan,1,sam2video,clean,0,1.0,1.0,1.0,1,50,0.9609294209301438,0.8498364891583158,0.9053829550442298,0,0,0.0,0,0,0,52,0,98.4198477268219,50,50,1,P1,0.9609294209301438,0.8498364891583158,0.9053829550442298
bmx-trees,1,greedy,clean,0,1.0,1.0,1.0,1,80,0.11634895564008989,0.13644701963269995,0.12639798763639493,0,0,0.0,0,0,0,79,0,115.4725112915039,80,80,1,P1,0.11634895564008989,0.13644701963269995,0.12639798763639493
bmx-trees,2,greedy,clean,0,1.0,1.0,1.0,1,80,0.1319990770371569,0.13793551187099182,0.13496729445407435,0,0,0.0,0,0,0,79,0,103.80407381057739,80,80,1,P1,0.1319990770371569,0.13793551187099182,0.13496729445407435
dogs-jump,1,greedy,clean,0,1.0,1.0,1.0,1,66,0.8841667310721413,0.7693386471021176,0.8267526890871295,0,0,0.0,0,0,0,65,0,26.430482625961304,66,66,1,P1,0.8841667310721413,0.7693386471021176,0.8267526890871295
dogs-jump,2,greedy,clean,0,1.0,1.0,1.0,1,66,0.5807054676346792,0.5357832270893266,0.5582443473620029,0,0,0.0,0,0,0,65,0,25.809064149856567,66,66,1,P1,0.5807054676346792,0.5357832270893266,0.5582443473620029
dogs-jump,3,greedy,clean,0,1.0,1.0,1.0,1,66,0.9432827819309694,0.8737382594571746,0.908510520694072,0,0,0.0,0,0,0,65,0,36.81384205818176,66,66,1,P1,0.9432827819309694,0.8737382594571746,0.908510520694072
bmx-trees,1,sam2video,clean,0,1.0,1.0,1.0,1,80,0.6008535836647708,0.7376195293824214,0.669236556523596,0,0,0.0,0,0,0,82,0,21.941317319869995,80,80,1,P1,0.6008535836647708,0.7376195293824214,0.669236556523596
bmx-trees,2,sam2video,clean,0,1.0,1.0,1.0,1,80,0.8080967046045563,0.7858549587638604,0.7969758316842084,0,0,0.0,0,0,0,82,0,22.085959434509277,80,80,1,P1,0.8080967046045563,0.7858549587638604,0.7969758316842084
breakdance,1,greedy,clean,0,1.0,1.0,1.0,1,84,0.8776754100042659,0.7218545490480746,0.7997649795261702,0,0,0.0,0,0,0,83,0,46.025030851364136,84,84,1,P1,0.8776754100042659,0.7218545490480746,0.7997649795261702
breakdance,1,sam2video,clean,0,1.0,1.0,1.0,1,84,0.9664011745747367,0.8648734891088684,0.9156373318418025,0,0,0.0,0,0,0,86,0,31.45169758796692,84,84,1,P1,0.9664011745747367,0.8648734891088684,0.9156373318418025
camel,1,greedy,clean,0,1.0,1.0,1.0,1,90,0.9658785161266985,0.8638099497483899,0.9148442329375441,0,0,0.0,0,0,0,89,0,44.993391275405884,90,90,1,P1,0.9658785161266985,0.8638099497483899,0.9148442329375441
horsejump-high,1,greedy,clean,0,1.0,1.0,1.0,1,50,0.771349603367754,0.6787689006197215,0.7250592519937378,0,0,0.0,0,0,0,49,0,15.812049627304077,50,50,1,P1,0.771349603367754,0.6787689006197215,0.7250592519937378
horsejump-high,2,greedy,clean,0,1.0,1.0,1.0,1,50,0.8338825063709646,0.7840722484824703,0.8089773774267175,0,0,0.0,0,0,0,49,0,14.572274684906006,50,50,1,P1,0.8338825063709646,0.7840722484824703,0.8089773774267175
horsejump-high,1,sam2video,clean,0,1.0,1.0,1.0,1,50,0.9043721515928168,0.8186626045940875,0.8615173780934522,0,0,0.0,0,0,0,52,0,35.242090463638306,50,50,1,P1,0.9043721515928168,0.8186626045940875,0.8615173780934522
horsejump-high,2,sam2video,clean,0,1.0,1.0,1.0,1,50,0.859468247957594,0.8208858009043645,0.8401770244309792,0,0,0.0,0,0,0,52,0,53.5823814868927,50,50,1,P1,0.859468247957594,0.8208858009043645,0.8401770244309792
car-roundabout,1,greedy,clean,0,1.0,1.0,1.0,1,75,0.9111570684258834,0.7546425347559068,0.832899801590895,0,0,0.0,0,0,0,74,0,24.343106269836426,75,75,1,P1,0.9111570684258834,0.7546425347559068,0.832899801590895
car-shadow,1,greedy,clean,0,1.0,1.0,1.0,1,40,0.9750305347425984,0.8624251998086301,0.9187278672756143,0,0,0.0,0,0,0,39,0,12.108332633972168,40,40,1,P1,0.9750305347425984,0.8624251998086301,0.9187278672756143
cows,1,greedy,clean,0,1.0,1.0,1.0,1,104,0.9690531249909569,0.8603844253848679,0.9147187751879124,0,0,0.0,0,0,0,103,0,31.819698333740234,104,104,1,P1,0.9690531249909569,0.8603844253848679,0.9147187751879124
dance-twirl,1,greedy,clean,0,1.0,1.0,1.0,1,90,0.9109020060884194,0.7425824118516393,0.8267422089700294,0,0,0.0,0,0,0,89,0,27.89144802093506,90,90,1,P1,0.9109020060884194,0.7425824118516393,0.8267422089700294
dog,1,greedy,clean,0,1.0,1.0,1.0,1,60,0.9618400007768452,0.7891198210492972,0.8754799109130712,0,0,0.0,0,0,0,59,0,18.961233615875244,60,60,1,P1,0.9618400007768452,0.7891198210492972,0.8754799109130712
drift-chicane,1,greedy,clean,0,1.0,1.0,1.0,1,52,0.10550452673228279,0.23127097647121383,0.16838775160174832,0,0,0.0,0,0,0,51,0,14.933417320251465,52,52,1,P1,0.10550452673228279,0.23127097647121383,0.16838775160174832
drift-straight,1,greedy,clean,0,1.0,1.0,1.0,1,50,0.934927729041309,0.7085018548148898,0.8217147919280994,0,0,0.0,0,0,0,49,0,15.601854801177979,50,50,1,P1,0.934927729041309,0.7085018548148898,0.8217147919280994
goat,1,greedy,clean,0,1.0,1.0,1.0,1,90,0.9279389967694761,0.7207881746064715,0.8243635856879739,0,0,0.0,0,0,0,89,0,27.9873468875885,90,90,1,P1,0.9279389967694761,0.7207881746064715,0.8243635856879739
gold-fish,1,greedy,clean,0,1.0,1.0,1.0,1,78,0.9078836444973591,0.7450086651068688,0.826446154802114,0,0,0.0,0,0,0,77,0,24.447840213775635,78,78,1,P1,0.9078836444973591,0.7450086651068688,0.826446154802114
gold-fish,2,greedy,clean,0,1.0,1.0,1.0,1,78,0.9029128253251151,0.799511428314358,0.8512121268197366,0,0,0.0,0,0,0,77,0,25.277070999145508,78,78,1,P1,0.9029128253251151,0.799511428314358,0.8512121268197366
gold-fish,3,greedy,clean,0,1.0,1.0,1.0,1,78,0.9050660139778671,0.7791402169196113,0.8421031154487393,0,0,0.0,0,0,0,77,0,24.678274869918823,78,78,1,P1,0.9050660139778671,0.7791402169196113,0.8421031154487393
gold-fish,4,greedy,clean,0,1.0,1.0,1.0,1,78,0.9306390390198859,0.8361790240502205,0.8834090315350531,0,0,0.0,0,0,0,77,0,24.46366000175476,78,78,1,P1,0.9306390390198859,0.8361790240502205,0.8834090315350531
gold-fish,5,greedy,clean,0,1.0,1.0,1.0,1,78,0.9231230090508927,0.7635419733548143,0.8433324912028535,0,0,0.0,0,0,0,77,0,24.528379440307617,78,78,1,P1,0.9231230090508927,0.7635419733548143,0.8433324912028535
india,1,greedy,clean,0,1.0,1.0,1.0,1,81,0.5970447354,0.4909336594,0.5439891974,0,0,0.0,0,0,0,80,0,24.99903392791748,62,81,1.306451613,P1,0.4569972048715166,0.3757763812366471,0.4163867930540819
india,2,greedy,clean,0,1.0,1.0,1.0,1,81,0.5075367253,0.4237440181,0.4656403717,0,0,0.0,0,0,0,80,0,23.719524383544922,67,81,1.208955224,P1,0.41981432835972404,0.35050431129232484,0.38515931982602447
india,3,greedy,clean,0,1.0,1.0,1.0,1,81,0.4424638724,0.3447028863,0.3935833794,0,0,0.0,0,0,0,80,0,23.27776002883911,71,81,1.14084507,P1,0.3878387030116717,0.3021469743954919,0.3449928387035818
judo,1,greedy,clean,0,1.0,1.0,1.0,1,34,0.7520856464671369,0.679543920714506,0.7158147835908215,0,0,0.0,0,0,0,33,0,10.140370607376099,34,34,1,P1,0.7520856464671369,0.679543920714506,0.7158147835908215
judo,2,greedy,clean,0,1.0,1.0,1.0,1,34,0.855554032497469,0.6722394305027359,0.7638967315001024,0,0,0.0,0,0,0,33,0,10.06203031539917,34,34,1,P1,0.855554032497469,0.6722394305027359,0.7638967315001024
bike-packing,1,greedy,fog,0,3.0,3.0022406578063965,3.8971047401428223,1,69,0.1606054771520633,0.16250134181219272,0.161553409482128,0,0,0.0,0,0,0,68,0,21.346516847610474,69,69,1,P1,0.1606054771520633,0.16250134181219272,0.161553409482128
bike-packing,2,greedy,fog,0,3.0,3.0022406578063965,3.8971047401428223,1,69,0.8311495417388762,0.6523423444813199,0.7417459431100981,0,0,0.0,0,0,0,68,0,20.457005500793457,69,69,1,P1,0.8311495417388762,0.6523423444813199,0.7417459431100981
bike-packing,1,greedy,dust,0,3.0,3.0022406578063965,3.8971047401428223,1,69,0.15848122404214848,0.16748915339698398,0.16298518871956624,0,0,0.0,0,0,0,68,0,15.804404497146606,69,69,1,P1,0.15848122404214848,0.16748915339698398,0.16298518871956624
bike-packing,2,greedy,dust,0,3.0,3.0022406578063965,3.8971047401428223,1,69,0.8638505876264406,0.7031223318146269,0.7834864597205338,0,0,0.0,0,0,0,68,0,20.27056336402893,69,69,1,P1,0.8638505876264406,0.7031223318146269,0.7834864597205338
bike-packing,1,greedy,underwater,0,3.0,3.0022406578063965,3.8971047401428223,1,69,0.15664072371114135,0.14650520945237303,0.15157296658175717,0,0,0.0,0,0,0,68,0,19.455994844436646,69,69,1,P1,0.15664072371114135,0.14650520945237303,0.15157296658175717
bike-packing,2,greedy,underwater,0,3.0,3.0022406578063965,3.8971047401428223,1,69,0.7727168274102337,0.5908688072508312,0.6817928173305325,0,0,0.0,0,0,0,68,0,20.379671812057495,69,69,1,P1,0.7727168274102337,0.5908688072508312,0.6817928173305325
blackswan,1,greedy,fog,0,3.0,3.0,3.898238182067871,1,50,0.9234041587385973,0.7458874193051725,0.8346457890218849,0,0,0.0,0,0,0,49,0,13.720287799835205,50,50,1,P1,0.9234041587385973,0.7458874193051725,0.8346457890218849
blackswan,1,greedy,dust,0,3.0,3.0,3.898238182067871,1,50,0.9488751569721391,0.7984221693956342,0.8736486631838867,0,0,0.0,0,0,0,49,0,13.82707929611206,50,50,1,P1,0.9488751569721391,0.7984221693956342,0.8736486631838867
blackswan,1,greedy,underwater,0,3.0,3.0,3.898238182067871,1,50,0.9483991736735016,0.8004094492810164,0.874404311477259,0,0,0.0,0,0,0,49,0,14.536545276641846,50,50,1,P1,0.9483991736735016,0.8004094492810164,0.874404311477259
bmx-trees,1,greedy,fog,0,3.0,3.0,3.8998892307281494,1,80,0.22120245913681275,0.25939285088671743,0.2402976550117651,0,0,0.0,0,0,0,79,0,23.400904417037964,80,80,1,P1,0.22120245913681275,0.25939285088671743,0.2402976550117651
bmx-trees,2,greedy,fog,0,3.0,3.0,3.8998892307281494,1,80,0.3528196094462089,0.3689452487025322,0.3608824290743705,0,0,0.0,0,0,0,79,0,23.29931926727295,80,80,1,P1,0.3528196094462089,0.3689452487025322,0.3608824290743705
bmx-trees,1,greedy,dust,0,3.0,3.0,3.8998892307281494,1,80,0.11664015907103309,0.15009391651029258,0.13336703779066283,0,0,0.0,0,0,0,79,0,23.522549152374268,80,80,1,P1,0.11664015907103309,0.15009391651029258,0.13336703779066283
bmx-trees,2,greedy,dust,0,3.0,3.0,3.8998892307281494,1,80,0.1660149387191976,0.22189150984396985,0.19395322428158374,0,0,0.0,0,0,0,79,0,22.526285409927368,80,80,1,P1,0.1660149387191976,0.22189150984396985,0.19395322428158374
bmx-trees,1,greedy,underwater,0,3.0,3.0,3.8998892307281494,1,80,0.18138679268485194,0.24666291150932657,0.21402485209708927,0,0,0.0,0,0,0,79,0,23.599653005599976,80,80,1,P1,0.18138679268485194,0.24666291150932657,0.21402485209708927
bmx-trees,2,greedy,underwater,0,3.0,3.0,3.8998892307281494,1,80,0.4272050095186654,0.453694332788862,0.4404496711537637,0,0,0.0,0,0,0,79,0,23.269254207611084,80,80,1,P1,0.4272050095186654,0.453694332788862,0.4404496711537637
breakdance,1,greedy,fog,0,3.0,3.000000238418579,3.8995096683502197,1,84,0.7533140288781986,0.5975814175367586,0.6754477232074787,0,0,0.0,0,0,0,83,0,24.196945667266846,84,84,1,P1,0.7533140288781986,0.5975814175367586,0.6754477232074787
breakdance,1,greedy,dust,0,3.0,3.000000238418579,3.8995096683502197,1,84,0.8731130969992104,0.7046895851410857,0.788901341070148,0,0,0.0,0,0,0,83,0,25.375515460968018,84,84,1,P1,0.8731130969992104,0.7046895851410857,0.788901341070148
breakdance,1,greedy,underwater,0,3.0,3.000000238418579,3.8995096683502197,1,84,0.7365385542299473,0.5992091565637053,0.6678738553968263,0,0,0.0,0,0,0,83,0,24.852725744247437,84,84,1,P1,0.7365385542299473,0.5992091565637053,0.6678738553968263
camel,1,greedy,fog,0,3.0,3.0,3.899909496307373,1,90,0.9652333743487688,0.863951373584162,0.9145923739664654,0,0,0.0,0,0,0,89,0,25.211480617523193,90,90,1,P1,0.9652333743487688,0.863951373584162,0.9145923739664654
camel,1,greedy,dust,0,3.0,3.0,3.899909496307373,1,90,0.9690163876711267,0.8783829943647556,0.9236996910179411,0,0,0.0,0,0,0,89,0,25.98112463951111,90,90,1,P1,0.9690163876711267,0.8783829943647556,0.9236996910179411
camel,1,greedy,underwater,0,3.0,3.0,3.899909496307373,1,90,0.9685996651568405,0.879649194296004,0.9241244297264222,0,0,0.0,0,0,0,89,0,26.24844002723694,90,90,1,P1,0.9685996651568405,0.879649194296004,0.9241244297264222
car-roundabout,1,greedy,fog,0,3.0,3.005295515060425,3.8974721431732178,1,75,0.8978058216160639,0.7200481210780066,0.8089269713470353,0,0,0.0,0,0,0,74,0,22.70838475227356,75,75,1,P1,0.8978058216160639,0.7200481210780066,0.8089269713470353
car-roundabout,1,greedy,dust,0,3.0,3.005295515060425,3.8974721431732178,1,75,0.948611183839079,0.7759001815971387,0.8622556827181089,0,0,0.0,0,0,0,74,0,21.468921899795532,75,75,1,P1,0.948611183839079,0.7759001815971387,0.8622556827181089
car-roundabout,1,greedy,underwater,0,3.0,3.005295515060425,3.8974721431732178,1,75,0.9837272251956993,0.8492878022924679,0.9165075137440837,0,0,0.0,0,0,0,74,0,22.2633113861084,75,75,1,P1,0.9837272251956993,0.8492878022924679,0.9165075137440837
car-shadow,1,greedy,fog,0,3.0,3.0,3.8968522548675537,1,40,0.9740241150674065,0.8599817528382872,0.9170029339528468,0,0,0.0,0,0,0,39,0,11.92626404762268,40,40,1,P1,0.9740241150674065,0.8599817528382872,0.9170029339528468
car-shadow,1,greedy,dust,0,3.0,3.0,3.8968522548675537,1,40,0.9769864621153802,0.8758247963167649,0.9264056292160725,0,0,0.0,0,0,0,39,0,11.31523060798645,40,40,1,P1,0.9769864621153802,0.8758247963167649,0.9264056292160725
car-shadow,1,greedy,underwater,0,3.0,3.0,3.8968522548675537,1,40,0.9764909153493789,0.8746752249545061,0.9255830701519425,0,0,0.0,0,0,0,39,0,11.591878652572632,40,40,1,P1,0.9764909153493789,0.8746752249545061,0.9255830701519425
cows,1,greedy,fog,0,3.0,3.0,3.899272918701172,1,104,0.9613628355888211,0.8289502837828635,0.8951565596858423,0,0,0.0,0,0,0,103,0,30.708190441131592,104,104,1,P1,0.9613628355888211,0.8289502837828635,0.8951565596858423
cows,1,greedy,dust,0,3.0,3.0,3.899272918701172,1,104,0.9681392317893768,0.8585287703058412,0.913334001047609,0,0,0.0,0,0,0,103,0,36.151808977127075,104,104,1,P1,0.9681392317893768,0.8585287703058412,0.913334001047609
cows,1,greedy,underwater,0,3.0,3.0,3.899272918701172,1,104,0.9645172129122261,0.8457874491815829,0.9051523310469045,0,0,0.0,0,0,0,103,0,34.12624263763428,104,104,1,P1,0.9645172129122261,0.8457874491815829,0.9051523310469045
dance-twirl,1,greedy,fog,0,3.0,3.0,3.8980700969696045,1,90,0.9004153701935371,0.7119316634742725,0.8061735168339048,0,0,0.0,0,0,0,89,0,29.56611156463623,90,90,1,P1,0.9004153701935371,0.7119316634742725,0.8061735168339048
dance-twirl,1,greedy,dust,0,3.0,3.0,3.8980700969696045,1,90,0.9084342510640487,0.7389446012750766,0.8236894261695626,0,0,0.0,0,0,0,89,0,28.27500343322754,90,90,1,P1,0.9084342510640487,0.7389446012750766,0.8236894261695626
dance-twirl,1,greedy,underwater,0,3.0,3.0,3.8980700969696045,1,90,0.895075178643455,0.7153649611966031,0.805220069920029,0,0,0.0,0,0,0,89,0,27.004108428955078,90,90,1,P1,0.895075178643455,0.7153649611966031,0.805220069920029
dog,1,greedy,fog,0,3.0,2.999999761581421,3.896777629852295,1,60,0.9303462744185858,0.6878184022627032,0.8090823383406445,0,0,0.0,0,0,0,59,0,18.751941204071045,60,60,1,P1,0.9303462744185858,0.6878184022627032,0.8090823383406445
dog,1,greedy,dust,0,3.0,2.999999761581421,3.896777629852295,1,60,0.9456184563683294,0.7426395470264079,0.8441290016973686,0,0,0.0,0,0,0,59,0,18.229642629623413,60,60,1,P1,0.9456184563683294,0.7426395470264079,0.8441290016973686
dog,1,greedy,underwater,0,3.0,2.999999761581421,3.896777629852295,1,60,0.9302335561121797,0.7019301355877775,0.8160818458499786,0,0,0.0,0,0,0,59,0,18.082096576690674,60,60,1,P1,0.9302335561121797,0.7019301355877775,0.8160818458499786
dogs-jump,1,greedy,fog,0,3.0,3.000000238418579,3.8983314037323,1,66,0.4983172112953949,0.46343062391335627,0.4808739176043756,0,0,0.0,0,0,0,65,0,17.34079909324646,66,66,1,P1,0.4983172112953949,0.46343062391335627,0.4808739176043756
dogs-jump,2,greedy,fog,0,3.0,3.000000238418579,3.8983314037323,1,66,0.10403297887313769,0.11206782817212894,0.10805040352263331,0,0,0.0,0,0,0,65,0,20.12608575820923,66,66,1,P1,0.10403297887313769,0.11206782817212894,0.10805040352263331
dogs-jump,3,greedy,fog,0,3.0,3.000000238418579,3.8983314037323,1,66,0.830023684179642,0.7818923865553415,0.8059580353674918,0,0,0.0,0,0,0,65,0,19.68129873275757,66,66,1,P1,0.830023684179642,0.7818923865553415,0.8059580353674918
dogs-jump,1,greedy,dust,0,3.0,3.000000238418579,3.8983314037323,1,66,0.8735160753276614,0.7478418348761315,0.8106789551018965,0,0,0.0,0,0,0,65,0,21.053145170211792,66,66,1,P1,0.8735160753276614,0.7478418348761315,0.8106789551018965
dogs-jump,2,greedy,dust,0,3.0,3.000000238418579,3.8983314037323,1,66,0.12253741207528271,0.12100841936345945,0.12177291571937107,0,0,0.0,0,0,0,65,0,19.29792833328247,66,66,1,P1,0.12253741207528271,0.12100841936345945,0.12177291571937107
dogs-jump,3,greedy,dust,0,3.0,3.000000238418579,3.8983314037323,1,66,0.9218684215079848,0.8555676058706732,0.8887180136893289,0,0,0.0,0,0,0,65,0,20.660300493240356,66,66,1,P1,0.9218684215079848,0.8555676058706732,0.8887180136893289
dogs-jump,1,greedy,underwater,0,3.0,3.000000238418579,3.8983314037323,1,66,0.45324201905010625,0.44883651140795194,0.4510392652290291,0,0,0.0,0,0,0,65,0,20.767455577850342,66,66,1,P1,0.45324201905010625,0.44883651140795194,0.4510392652290291
dogs-jump,2,greedy,underwater,0,3.0,3.000000238418579,3.8983314037323,1,66,0.1010004216533082,0.1122375390136433,0.10661898033347575,0,0,0.0,0,0,0,65,0,19.697880744934082,66,66,1,P1,0.1010004216533082,0.1122375390136433,0.10661898033347575
dogs-jump,3,greedy,underwater,0,3.0,3.000000238418579,3.8983314037323,1,66,0.903002987221619,0.8414473202222708,0.8722251537219449,0,0,0.0,0,0,0,65,0,20.788262367248535,66,66,1,P1,0.903002987221619,0.8414473202222708,0.8722251537219449
drift-chicane,1,greedy,fog,0,3.0,2.999999761581421,3.8997039794921875,1,52,0.45297125363417934,0.33897117687790956,0.39597121525604445,0,0,0.0,0,0,0,51,0,13.420344829559326,52,52,1,P1,0.45297125363417934,0.33897117687790956,0.39597121525604445
drift-chicane,1,greedy,dust,0,3.0,2.999999761581421,3.8997039794921875,1,52,0.24596527292004838,0.28044316521440343,0.2632042190672259,0,0,0.0,0,0,0,51,0,15.450229167938232,52,52,1,P1,0.24596527292004838,0.28044316521440343,0.2632042190672259
drift-chicane,1,greedy,underwater,0,3.0,2.999999761581421,3.8997039794921875,1,52,0.09106930637801176,0.23274557568449333,0.16190744103125254,0,0,0.0,0,0,0,51,0,13.968384265899658,52,52,1,P1,0.09106930637801176,0.23274557568449333,0.16190744103125254
drift-straight,1,greedy,fog,0,3.0,3.0,3.899984836578369,1,50,0.6089796192398407,0.43978015815922683,0.5243798886995338,0,0,0.0,0,0,0,49,0,14.960540533065796,50,50,1,P1,0.6089796192398407,0.43978015815922683,0.5243798886995338
drift-straight,1,greedy,dust,0,3.0,3.0,3.899984836578369,1,50,0.9462116202131681,0.7095944958740346,0.8279030580436013,0,0,0.0,0,0,0,49,0,13.165483236312866,50,50,1,P1,0.9462116202131681,0.7095944958740346,0.8279030580436013
drift-straight,1,greedy,underwater,0,3.0,3.0,3.899984836578369,1,50,0.7378855365250147,0.5203624419362498,0.6291239892306322,0,0,0.0,0,0,0,49,0,15.330173969268799,50,50,1,P1,0.7378855365250147,0.5203624419362498,0.6291239892306322
goat,1,greedy,fog,0,3.0,3.0,3.8992443084716797,1,90,0.9016390776388051,0.6465569389659476,0.7740980083023763,0,0,0.0,0,0,0,89,0,27.233203887939453,90,90,1,P1,0.9016390776388051,0.6465569389659476,0.7740980083023763
goat,1,greedy,dust,0,3.0,3.0,3.8992443084716797,1,90,0.9210700939153267,0.702685654528621,0.8118778742219739,0,0,0.0,0,0,0,89,0,24.942962408065796,90,90,1,P1,0.9210700939153267,0.702685654528621,0.8118778742219739
goat,1,greedy,underwater,0,3.0,3.0,3.8992443084716797,1,90,0.9055101426434571,0.6640557506787602,0.7847829466611087,0,0,0.0,0,0,0,89,0,27.27021622657776,90,90,1,P1,0.9055101426434571,0.6640557506787602,0.7847829466611087
gold-fish,1,greedy,fog,0,3.0,2.999999761581421,3.899493455886841,1,78,0.7379785963581835,0.5446916497918546,0.641335123075019,0,0,0.0,0,0,0,77,0,23.541597366333008,78,78,1,P1,0.7379785963581835,0.5446916497918546,0.641335123075019
gold-fish,2,greedy,fog,0,3.0,2.999999761581421,3.899493455886841,1,78,0.811516637816622,0.6865934949334288,0.7490550663750254,0,0,0.0,0,0,0,77,0,23.141610145568848,78,78,1,P1,0.811516637816622,0.6865934949334288,0.7490550663750254
gold-fish,3,greedy,fog,0,3.0,2.999999761581421,3.899493455886841,1,78,0.7476767677424001,0.5982222874288096,0.6729495275856048,0,0,0.0,0,0,0,77,0,23.54365849494934,78,78,1,P1,0.7476767677424001,0.5982222874288096,0.6729495275856048
gold-fish,4,greedy,fog,0,3.0,2.999999761581421,3.899493455886841,1,78,0.8060837908473246,0.6319944971987554,0.71903914402304,0,0,0.0,0,0,0,77,0,24.222490787506104,78,78,1,P1,0.8060837908473246,0.6319944971987554,0.71903914402304
gold-fish,5,greedy,fog,0,3.0,2.999999761581421,3.899493455886841,1,78,0.7517083080182392,0.4316506720072748,0.591679490012757,0,0,0.0,0,0,0,77,0,22.437772512435913,78,78,1,P1,0.7517083080182392,0.4316506720072748,0.591679490012757
gold-fish,1,greedy,dust,0,3.0,2.999999761581421,3.899493455886841,1,78,0.8815258040257521,0.709988584109552,0.795757194067652,0,0,0.0,0,0,0,77,0,21.923583269119263,78,78,1,P1,0.8815258040257521,0.709988584109552,0.795757194067652
gold-fish,2,greedy,dust,0,3.0,2.999999761581421,3.899493455886841,1,78,0.8840832156974716,0.7772886611666875,0.8306859384320795,0,0,0.0,0,0,0,77,0,21.271211862564087,78,78,1,P1,0.8840832156974716,0.7772886611666875,0.8306859384320795
gold-fish,3,greedy,dust,0,3.0,2.999999761581421,3.899493455886841,1,78,0.8786327092124261,0.7361559098645192,0.8073943095384726,0,0,0.0,0,0,0,77,0,20.609320402145386,78,78,1,P1,0.8786327092124261,0.7361559098645192,0.8073943095384726
gold-fish,4,greedy,dust,0,3.0,2.999999761581421,3.899493455886841,1,78,0.8815905762310774,0.7461103658166872,0.8138504710238823,0,0,0.0,0,0,0,77,0,21.838337659835815,78,78,1,P1,0.8815905762310774,0.7461103658166872,0.8138504710238823
gold-fish,5,greedy,dust,0,3.0,2.999999761581421,3.899493455886841,1,78,0.9157170025976027,0.7050822359606012,0.8103996192791019,0,0,0.0,0,0,0,77,0,21.554675340652466,78,78,1,P1,0.9157170025976027,0.7050822359606012,0.8103996192791019
gold-fish,1,greedy,underwater,0,3.0,2.999999761581421,3.899493455886841,1,78,0.8683691737546124,0.6778408155624397,0.773104994658526,0,0,0.0,0,0,0,77,0,22.125694274902344,78,78,1,P1,0.8683691737546124,0.6778408155624397,0.773104994658526
gold-fish,2,greedy,underwater,0,3.0,2.999999761581421,3.899493455886841,1,78,0.8276339166985617,0.7181515449230869,0.7728927308108242,0,0,0.0,0,0,0,77,0,21.652504205703735,78,78,1,P1,0.8276339166985617,0.7181515449230869,0.7728927308108242
gold-fish,3,greedy,underwater,0,3.0,2.999999761581421,3.899493455886841,1,78,0.7682169494817678,0.6328148508486949,0.7005159001652314,0,0,0.0,0,0,0,77,0,20.62143588066101,78,78,1,P1,0.7682169494817678,0.6328148508486949,0.7005159001652314
gold-fish,4,greedy,underwater,0,3.0,2.999999761581421,3.899493455886841,1,78,0.8845450033451209,0.7264948348877157,0.8055199191164183,0,0,0.0,0,0,0,77,0,23.353244304656982,78,78,1,P1,0.8845450033451209,0.7264948348877157,0.8055199191164183
gold-fish,5,greedy,underwater,0,3.0,2.999999761581421,3.899493455886841,1,78,0.8577647869422784,0.6092343883529149,0.7334995876475967,0,0,0.0,0,0,0,77,0,23.379538536071777,78,78,1,P1,0.8577647869422784,0.6092343883529149,0.7334995876475967
horsejump-high,1,greedy,fog,0,3.0,3.0,3.8972883224487305,1,50,0.7829868149440823,0.6684780260907651,0.7257324205174237,0,0,0.0,0,0,0,49,0,16.134398221969604,50,50,1,P1,0.7829868149440823,0.6684780260907651,0.7257324205174237
horsejump-high,2,greedy,fog,0,3.0,3.0,3.8972883224487305,1,50,0.8126244153929083,0.7591082211695762,0.7858663182812422,0,0,0.0,0,0,0,49,0,15.769717931747437,50,50,1,P1,0.8126244153929083,0.7591082211695762,0.7858663182812422
horsejump-high,1,greedy,dust,0,3.0,3.0,3.8972883224487305,1,50,0.7722702064675778,0.676099539142578,0.7241848728050779,0,0,0.0,0,0,0,49,0,12.218169689178467,50,50,1,P1,0.7722702064675778,0.676099539142578,0.7241848728050779
horsejump-high,2,greedy,dust,0,3.0,3.0,3.8972883224487305,1,50,0.8411035760028319,0.7996529960833739,0.8203782860431029,0,0,0.0,0,0,0,49,0,15.873947381973267,50,50,1,P1,0.8411035760028319,0.7996529960833739,0.8203782860431029
horsejump-high,1,greedy,underwater,0,3.0,3.0,3.8972883224487305,1,50,0.7637209186641968,0.6592276842493229,0.7114743014567598,0,0,0.0,0,0,0,49,0,14.890727996826172,50,50,1,P1,0.7637209186641968,0.6592276842493229,0.7114743014567598
horsejump-high,2,greedy,underwater,0,3.0,3.0,3.8972883224487305,1,50,0.8246716363815715,0.7828171875318872,0.8037444119567294,0,0,0.0,0,0,0,49,0,17.304080724716187,50,50,1,P1,0.8246716363815715,0.7828171875318872,0.8037444119567294
india,1,greedy,fog,0,3.0,2.988983631134033,3.8996880054473877,1,81,0.826383739,0.5300238571,0.678203798,0,0,0.0,0,0,0,80,0,26.341012716293335,62,81,1.306451613,P1,0.6325406397476212,0.4056972733063792,0.5191189565270002
india,2,greedy,fog,0,3.0,2.988983631134033,3.8996880054473877,1,81,0.4960298706,0.3936048969,0.4448173837,0,0,0.0,0,0,0,80,0,24.356031894683838,67,81,1.208955224,P1,0.41029631274187944,0.3255744208584964,0.3679353668001879
india,3,greedy,fog,0,3.0,2.988983631134033,3.8996880054473877,1,81,0.438642475,0.3750712027,0.4068568389,0,0,0.0,0,0,0,80,0,25.586989164352417,71,81,1.14084507,P1,0.3844890830655291,0.32876611590976407,0.35662759948764655
india,1,greedy,dust,0,3.0,2.988983631134033,3.8996880054473877,1,81,0.8560464795,0.6122888176,0.7341676486,0,0,0.0,0,0,0,80,0,25.15829372406006,62,81,1.306451613,P1,0.6552454534769413,0.4686655147249339,0.5619554841009375
india,2,greedy,dust,0,3.0,2.988983631134033,3.8996880054473877,1,81,0.5013057313,0.4177126466,0.459509189,0,0,0.0,0,0,0,80,0,25.755943298339844,67,81,1.208955224,P1,0.4146602962347398,0.3455153990668389,0.3800878476507894
india,3,greedy,dust,0,3.0,2.988983631134033,3.8996880054473877,1,81,0.4319141697,0.3299665209,0.3809403453,0,0,0.0,0,0,0,80,0,18.84048867225647,71,81,1.14084507,P1,0.37859143269763396,0.28922991335863124,0.3339106730281326
india,1,greedy,underwater,0,3.0,2.988983631134033,3.8996880054473877,1,81,0.8574082039,0.5860054333,0.7217068186,0,0,0.0,0,0,0,80,0,31.344074964523315,62,81,1.306451613,P1,0.6562877609836856,0.44854736872044976,0.5524175648520677
india,2,greedy,underwater,0,3.0,2.988983631134033,3.8996880054473877,1,81,0.5032590885,0.4221926211,0.4627258548,0,0,0.0,0,0,0,80,0,22.828766584396362,67,81,1.208955224,P1,0.41627603620324055,0.34922105698668915,0.3827485465949648
india,3,greedy,underwater,0,3.0,2.988983631134033,3.8996880054473877,1,81,0.4319297252,0.326203418,0.3790665716,0,0,0.0,0,0,0,80,0,22.10684084892273,71,81,1.14084507,P1,0.37860506773032665,0.2859313910983739,0.3322682294143503
judo,1,greedy,fog,0,3.0,3.0,3.8968982696533203,1,34,0.8721867602973593,0.7343340941771408,0.8032604272372501,0,0,0.0,0,0,0,33,0,8.340105056762695,34,34,1,P1,0.8721867602973593,0.7343340941771408,0.8032604272372501
judo,2,greedy,fog,0,3.0,3.0,3.8968982696533203,1,34,0.6309429272573516,0.46241565526119904,0.5466792912592753,0,0,0.0,0,0,0,33,0,8.59520697593689,34,34,1,P1,0.6309429272573516,0.46241565526119904,0.5466792912592753
judo,1,greedy,dust,0,3.0,3.0,3.8968982696533203,1,34,0.8918503637995675,0.7583819017723301,0.8251161327859489,0,0,0.0,0,0,0,33,0,9.631826877593994,34,34,1,P1,0.8918503637995675,0.7583819017723301,0.8251161327859489
judo,2,greedy,dust,0,3.0,3.0,3.8968982696533203,1,34,0.7371224061462085,0.5524044249199328,0.6447634155330706,0,0,0.0,0,0,0,33,0,8.549040079116821,34,34,1,P1,0.7371224061462085,0.5524044249199328,0.6447634155330706
judo,1,greedy,underwater,0,3.0,3.0,3.8968982696533203,1,34,0.8706254550626935,0.7323773070708389,0.8015013810667662,0,0,0.0,0,0,0,33,0,8.800518035888672,34,34,1,P1,0.8706254550626935,0.7323773070708389,0.8015013810667662
judo,2,greedy,underwater,0,3.0,3.0,3.8968982696533203,1,34,0.6547962016945592,0.4904468441357848,0.572621522915172,0,0,0.0,0,0,0,33,0,8.49496865272522,34,34,1,P1,0.6547962016945592,0.4904468441357848,0.572621522915172
bike-packing,1,dagrs,clean,0,1.0,1.0,1.0,1,69,0.15982335992804786,0.20044318743527503,0.18013327368166143,14,1,0.0,0,4,0,125,0,39.91123080253601,69,69,1,P1,0.15982335992804786,0.20044318743527503,0.18013327368166143
bike-packing,2,dagrs,clean,0,1.0,1.0,1.0,1,69,0.9105947748994946,0.7429171377879918,0.8267559563437432,14,0,0.0,0,1,0,106,0,36.09277057647705,69,69,1,P1,0.9105947748994946,0.7429171377879918,0.8267559563437432
blackswan,1,dagrs,clean,0,1.0,1.0,1.0,1,50,0.9477322162087188,0.7922937361379547,0.8700129761733368,10,0,0.0,0,0,0,79,0,22.785359621047974,50,50,1,P1,0.9477322162087188,0.7922937361379547,0.8700129761733368
bmx-trees,1,dagrs,clean,0,1.0,1.0,1.0,1,80,0.1149940737249037,0.13601952879868687,0.12550680126179528,16,1,0.0,0,5,0,144,0,39.93447732925415,80,80,1,P1,0.1149940737249037,0.13601952879868687,0.12550680126179528
bmx-trees,2,dagrs,clean,0,1.0,1.0,1.0,1,80,0.18308177896064276,0.17667586656784467,0.17987882276424372,16,2,0.0,0,6,0,139,0,35.65055274963379,80,80,1,P1,0.18308177896064276,0.17667586656784467,0.17987882276424372
breakdance,1,dagrs,clean,0,1.0,1.0,1.0,1,84,0.9141955381861742,0.7485514674502766,0.8313735028182254,17,8,0.0,0,17,0,311,0,86.2565405368805,84,84,1,P1,0.9141955381861742,0.7485514674502766,0.8313735028182254
camel,1,dagrs,clean,0,1.0,1.0,1.0,1,90,0.9666996052171692,0.8672728646947767,0.916986234955973,18,0,0.0,0,0,0,135,0,36.59136915206909,90,90,1,P1,0.9666996052171692,0.8672728646947767,0.916986234955973
car-roundabout,1,dagrs,clean,0,1.0,1.0,1.0,1,75,0.910453912887265,0.7537028113439458,0.8320783621156054,15,0,0.0,0,1,0,114,0,31.845794439315796,75,75,1,P1,0.910453912887265,0.7537028113439458,0.8320783621156054
car-shadow,1,dagrs,clean,0,1.0,1.0,1.0,1,40,0.9769153793427791,0.8759367503159275,0.9264260648293533,8,0,0.0,0,0,0,65,0,18.13951563835144,40,40,1,P1,0.9769153793427791,0.8759367503159275,0.9264260648293533
cows,1,dagrs,clean,0,1.0,1.0,1.0,1,104,0.9699242660107743,0.8662306209118495,0.9180774434613119,21,0,0.0,0,0,0,155,0,39.32838320732117,104,104,1,P1,0.9699242660107743,0.8662306209118495,0.9180774434613119
dance-twirl,1,dagrs,clean,0,1.0,1.0,1.0,1,90,0.9140697250905822,0.7495049395358027,0.8317873323131924,18,2,0.0,0,8,0,163,0,46.22216820716858,90,90,1,P1,0.9140697250905822,0.7495049395358027,0.8317873323131924
dog,1,dagrs,clean,0,1.0,1.0,1.0,1,60,0.9596315767174157,0.7827519848468776,0.8711917807821467,12,0,0.0,0,0,0,93,0,25.900241374969482,60,60,1,P1,0.9596315767174157,0.7827519848468776,0.8711917807821467
dogs-jump,1,dagrs,clean,0,1.0,1.0,1.0,1,66,0.8340743690751591,0.7014879001302494,0.7677811346027043,14,3,0.0,0,6,0,130,0,34.12664341926575,66,66,1,P1,0.8340743690751591,0.7014879001302494,0.7677811346027043
dogs-jump,2,dagrs,clean,0,1.0,1.0,1.0,1,66,0.1102743090166517,0.11016627776079602,0.11022029338872386,14,3,0.0,0,6,0,130,0,34.05462622642517,66,66,1,P1,0.1102743090166517,0.11016627776079602,0.11022029338872386
dogs-jump,3,dagrs,clean,0,1.0,1.0,1.0,1,66,0.94159137344765,0.8698899815651538,0.9057406775064019,14,0,0.0,0,2,0,103,0,28.418251752853394,66,66,1,P1,0.94159137344765,0.8698899815651538,0.9057406775064019
drift-chicane,1,dagrs,clean,0,1.0,1.0,1.0,1,52,0.0867792143622417,0.20934142706973197,0.14806032071598685,11,0,0.0,0,1,0,93,0,24.289050102233887,52,52,1,P1,0.0867792143622417,0.20934142706973197,0.14806032071598685
drift-straight,1,dagrs,clean,0,1.0,1.0,1.0,1,50,0.9333857927992559,0.7066557652655111,0.8200207790323835,10,3,0.0,0,8,0,144,0,39.1834454536438,50,50,1,P1,0.9333857927992559,0.7066557652655111,0.8200207790323835
goat,1,dagrs,clean,0,1.0,1.0,1.0,1,90,0.9286966117340968,0.725701335848986,0.8271989737915414,18,0,0.0,0,1,0,145,0,143.58564853668213,90,90,1,P1,0.9286966117340968,0.725701335848986,0.8271989737915414
gold-fish,1,dagrs,clean,0,1.0,1.0,1.0,1,78,0.9061098973005338,0.7354815109090255,0.8207957041047796,16,1,0.0,0,3,0,128,0,54.22756385803223,78,78,1,P1,0.9061098973005338,0.7354815109090255,0.8207957041047796
gold-fish,2,dagrs,clean,0,1.0,1.0,1.0,1,78,0.9023223289305221,0.7977052889420456,0.8500138089362839,16,0,0.0,0,0,0,119,0,30.624262809753418,78,78,1,P1,0.9023223289305221,0.7977052889420456,0.8500138089362839
gold-fish,3,dagrs,clean,0,1.0,1.0,1.0,1,78,0.8851109180985233,0.7501479447843901,0.8176294314414567,16,0,0.0,0,1,0,119,0,30.39266276359558,78,78,1,P1,0.8851109180985233,0.7501479447843901,0.8176294314414567
gold-fish,4,dagrs,clean,0,1.0,1.0,1.0,1,78,0.9334678696941014,0.8421760198617994,0.8878219447779504,16,0,0.0,0,0,0,119,0,32.487438440322876,78,78,1,P1,0.9334678696941014,0.8421760198617994,0.8878219447779504
gold-fish,5,dagrs,clean,0,1.0,1.0,1.0,1,78,0.9209326152234312,0.7603108491256082,0.8406217321745197,16,0,0.0,0,0,0,119,0,31.553263187408447,78,78,1,P1,0.9209326152234312,0.7603108491256082,0.8406217321745197
horsejump-high,1,dagrs,clean,0,1.0,1.0,1.0,1,50,0.7509947797727397,0.6675242046389128,0.7092594922058262,10,3,0.0,0,7,0,120,0,30.986711740493774,50,50,1,P1,0.7509947797727397,0.6675242046389128,0.7092594922058262
horsejump-high,2,dagrs,clean,0,1.0,1.0,1.0,1,50,0.8303733793964665,0.7795215117499447,0.8049474455732055,10,0,0.0,0,2,0,89,0,22.701910972595215,50,50,1,P1,0.8303733793964665,0.7795215117499447,0.8049474455732055
india,1,dagrs,clean,0,1.0,1.0,1.0,1,81,0.5972193131,0.4856375008,0.5414284069,17,1,0.0,0,5,0,133,0,49.803290367126465,62,81,1.306451613,P1,0.4571308322257221,0.37172253149696355,0.4144266818613428
india,2,dagrs,clean,0,1.0,1.0,1.0,1,81,0.502867684,0.4184218065,0.4606447453,17,1,0.0,0,5,0,133,0,35.13260865211487,67,81,1.208955224,P1,0.4159522818418362,0.3461019880817156,0.38102713496177587
india,3,dagrs,clean,0,1.0,1.0,1.0,1,81,0.4417252233,0.3438700947,0.392797659,17,2,0.0,0,6,0,142,0,39.05848503112793,71,81,1.14084507,P1,0.3871912451381467,0.301416996555181,0.34430412084666384
judo,1,dagrs,clean,0,1.0,1.0,1.0,1,34,0.8819220452244072,0.7517862064913321,0.8168541258578697,7,0,0.0,0,1,0,57,0,16.18541169166565,34,34,1,P1,0.8819220452244072,0.7517862064913321,0.8168541258578697
judo,2,dagrs,clean,0,1.0,1.0,1.0,1,34,0.8550933819526849,0.6689980201041704,0.7620457010284276,7,1,0.0,0,2,0,66,0,27.59905695915222,34,34,1,P1,0.8550933819526849,0.6689980201041704,0.7620457010284276
bike-packing,1,dagrs,fog,0,3.0,3.0022406578063965,3.8971047401428223,1,69,0.5120742447016404,0.45763449360943687,0.48485436915553864,14,2,0.0,0,5,0,134,0,37.665658473968506,69,69,1,P1,0.5120742447016404,0.45763449360943687,0.48485436915553864
bike-packing,2,dagrs,fog,0,3.0,3.0022406578063965,3.8971047401428223,1,69,0.8205509831046064,0.6550937558494423,0.7378223694770243,14,0,0.0,0,2,0,106,0,29.26720356941223,69,69,1,P1,0.8205509831046064,0.6550937558494423,0.7378223694770243
bike-packing,1,dagrs,dust,0,3.0,3.0022406578063965,3.8971047401428223,1,69,0.4786374134807774,0.4495996187343289,0.46411851610755317,14,2,0.0,0,6,0,134,0,35.794397592544556,69,69,1,P1,0.4786374134807774,0.4495996187343289,0.46411851610755317
bike-packing,2,dagrs,dust,0,3.0,3.0022406578063965,3.8971047401428223,1,69,0.907609740296578,0.7350732157456592,0.8213414780211186,14,0,0.0,0,2,0,106,0,33.12218904495239,69,69,1,P1,0.907609740296578,0.7350732157456592,0.8213414780211186
bike-packing,1,dagrs,underwater,0,3.0,3.0022406578063965,3.8971047401428223,1,69,0.4866390089686208,0.40991485264132793,0.4482769308049743,14,3,0.0,0,9,0,143,0,35.199140310287476,69,69,1,P1,0.4866390089686208,0.40991485264132793,0.4482769308049743
bike-packing,2,dagrs,underwater,0,3.0,3.0022406578063965,3.8971047401428223,1,69,0.7466994790551438,0.5632319568250795,0.6549657179401116,14,2,0.0,0,6,0,124,0,31.43448781967163,69,69,1,P1,0.7466994790551438,0.5632319568250795,0.6549657179401116
blackswan,1,dagrs,fog,0,3.0,3.0,3.898238182067871,1,50,0.9264437158561057,0.7415684162321479,0.8340060660441269,10,0,0.0,0,1,0,79,0,27.639415502548218,50,50,1,P1,0.9264437158561057,0.7415684162321479,0.8340060660441269
blackswan,1,dagrs,dust,0,3.0,3.0,3.898238182067871,1,50,0.9499583096409492,0.802565779667528,0.8762620446542386,10,0,0.0,0,0,0,79,0,16.98139524459839,50,50,1,P1,0.9499583096409492,0.802565779667528,0.8762620446542386
blackswan,1,dagrs,underwater,0,3.0,3.0,3.898238182067871,1,50,0.9430761645000318,0.7945466954122525,0.8688114299561422,10,0,0.0,0,1,0,79,0,17.71179485321045,50,50,1,P1,0.9430761645000318,0.7945466954122525,0.8688114299561422
bmx-trees,1,dagrs,fog,0,3.0,3.0,3.8998892307281494,1,80,0.22168436973351016,0.2558140459924786,0.23874920786299436,16,7,0.0,0,15,0,240,0,59.36308240890503,80,80,1,P1,0.22168436973351016,0.2558140459924786,0.23874920786299436
bmx-trees,2,dagrs,fog,0,3.0,3.0,3.8998892307281494,1,80,0.13868694961115072,0.16189701576531315,0.15029198268823193,16,6,0.0,0,12,0,175,0,43.16515350341797,80,80,1,P1,0.13868694961115072,0.16189701576531315,0.15029198268823193
bmx-trees,1,dagrs,dust,0,3.0,3.0,3.8998892307281494,1,80,0.1361755191438375,0.17054742369659542,0.15336147142021644,16,3,0.0,0,8,0,162,0,97.39723610877991,80,80,1,P1,0.1361755191438375,0.17054742369659542,0.15336147142021644
bmx-trees,2,dagrs,dust,0,3.0,3.0,3.8998892307281494,1,80,0.18493323663148056,0.17874508215186702,0.18183915939167378,16,6,0.0,0,13,0,175,0,45.54130959510803,80,80,1,P1,0.18493323663148056,0.17874508215186702,0.18183915939167378
bmx-trees,1,dagrs,underwater,0,3.0,3.0,3.8998892307281494,1,80,0.2649862713312169,0.3793019692615072,0.3221441202963621,16,6,0.0,0,14,0,185,0,45.469765424728394,80,80,1,P1,0.2649862713312169,0.3793019692615072,0.3221441202963621
bmx-trees,2,dagrs,underwater,0,3.0,3.0,3.8998892307281494,1,80,0.479477578753478,0.5119218748685809,0.4956997268110295,16,4,0.0,0,11,0,157,0,41.56024360656738,80,80,1,P1,0.479477578753478,0.5119218748685809,0.4956997268110295
breakdance,1,dagrs,fog,0,3.0,3.000000238418579,3.8995096683502197,1,84,0.8654552255040044,0.6650258122529239,0.7652405188784641,17,8,0.0,0,17,0,311,0,84.45000910758972,84,84,1,P1,0.8654552255040044,0.6650258122529239,0.7652405188784641
breakdance,1,dagrs,dust,0,3.0,3.000000238418579,3.8995096683502197,1,84,0.8840525320815205,0.7115734786839033,0.7978130053827119,17,8,0.0,0,17,0,311,0,77.8785765171051,84,84,1,P1,0.8840525320815205,0.7115734786839033,0.7978130053827119
breakdance,1,dagrs,underwater,0,3.0,3.000000238418579,3.8995096683502197,1,84,0.7544609126656349,0.6153876274145089,0.684924270040072,17,8,0.0,0,17,0,311,0,75.6293888092041,84,84,1,P1,0.7544609126656349,0.6153876274145089,0.684924270040072
camel,1,dagrs,fog,0,3.0,3.0,3.899909496307373,1,90,0.9661608527132992,0.8657221695542593,0.9159415111337792,18,0,0.0,0,0,0,135,0,84.56432342529297,90,90,1,P1,0.9661608527132992,0.8657221695542593,0.9159415111337792
camel,1,dagrs,dust,0,3.0,3.0,3.899909496307373,1,90,0.9680634553583377,0.8733438221853587,0.9207036387718481,18,0,0.0,0,0,0,135,0,147.61188197135925,90,90,1,P1,0.9680634553583377,0.8733438221853587,0.9207036387718481
camel,1,dagrs,underwater,0,3.0,3.0,3.899909496307373,1,90,0.9691082711308011,0.8809621214162491,0.925035196273525,18,0,0.0,0,0,0,135,0,36.196747064590454,90,90,1,P1,0.9691082711308011,0.8809621214162491,0.925035196273525
car-roundabout,1,dagrs,fog,0,3.0,3.005295515060425,3.8974721431732178,1,75,0.909052356397384,0.7370407159061432,0.8230465361517636,15,0,0.0,0,0,0,114,0,34.5054657459259,75,75,1,P1,0.909052356397384,0.7370407159061432,0.8230465361517636
car-roundabout,1,dagrs,dust,0,3.0,3.005295515060425,3.8974721431732178,1,75,0.9269412593939869,0.7504205586140398,0.8386809090040133,15,0,0.0,0,0,0,114,0,29.178726196289062,75,75,1,P1,0.9269412593939869,0.7504205586140398,0.8386809090040133
car-roundabout,1,dagrs,underwater,0,3.0,3.005295515060425,3.8974721431732178,1,75,0.9834134078961849,0.847905465539757,0.9156594367179709,15,0,0.0,0,0,0,114,0,30.637187480926514,75,75,1,P1,0.9834134078961849,0.847905465539757,0.9156594367179709
car-shadow,1,dagrs,fog,0,3.0,3.0,3.8968522548675537,1,40,0.9752012731529893,0.8644480615415165,0.919824667347253,8,0,0.0,0,0,0,65,0,17.69848322868347,40,40,1,P1,0.9752012731529893,0.8644480615415165,0.919824667347253
car-shadow,1,dagrs,dust,0,3.0,3.0,3.8968522548675537,1,40,0.9781382702575534,0.8825613152509988,0.9303497927542761,8,0,0.0,0,0,0,65,0,16.76482081413269,40,40,1,P1,0.9781382702575534,0.8825613152509988,0.9303497927542761
car-shadow,1,dagrs,underwater,0,3.0,3.0,3.8968522548675537,1,40,0.9723699699723065,0.850160689044546,0.9112653295084263,8,0,0.0,0,1,0,75,0,21.66960620880127,40,40,1,P1,0.9723699699723065,0.850160689044546,0.9112653295084263
cows,1,dagrs,fog,0,3.0,3.0,3.899272918701172,1,104,0.9646454327000055,0.8443367898524536,0.9044911112762295,21,0,0.0,0,0,0,155,0,150.67269945144653,104,104,1,P1,0.9646454327000055,0.8443367898524536,0.9044911112762295
cows,1,dagrs,dust,0,3.0,3.0,3.899272918701172,1,104,0.969734629257653,0.8667552354043138,0.9182449323309834,21,0,0.0,0,0,0,155,0,62.815290689468384,104,104,1,P1,0.969734629257653,0.8667552354043138,0.9182449323309834
cows,1,dagrs,underwater,0,3.0,3.0,3.899272918701172,1,104,0.9651677799607506,0.8488096647989996,0.9069887223798752,21,0,0.0,0,0,0,155,0,42.77681303024292,104,104,1,P1,0.9651677799607506,0.8488096647989996,0.9069887223798752
dance-twirl,1,dagrs,fog,0,3.0,3.0,3.8980700969696045,1,90,0.9052628576325036,0.7246575929007487,0.8149602252666261,18,4,0.0,0,10,0,181,0,43.964571714401245,90,90,1,P1,0.9052628576325036,0.7246575929007487,0.8149602252666261
dance-twirl,1,dagrs,dust,0,3.0,3.0,3.8980700969696045,1,90,0.907907352986844,0.7357693529546705,0.8218383529707572,18,3,0.0,0,9,0,172,0,44.088767290115356,90,90,1,P1,0.907907352986844,0.7357693529546705,0.8218383529707572
dance-twirl,1,dagrs,underwater,0,3.0,3.0,3.8980700969696045,1,90,0.8935294652687815,0.7097191690110953,0.8016243171399384,18,3,0.0,0,10,0,172,0,45.34182548522949,90,90,1,P1,0.8935294652687815,0.7097191690110953,0.8016243171399384
dog,1,dagrs,fog,0,3.0,2.999999761581421,3.896777629852295,1,60,0.9420647868099407,0.7214261457221783,0.8317454662660595,12,1,0.0,0,4,0,102,0,25.374254941940308,60,60,1,P1,0.9420647868099407,0.7214261457221783,0.8317454662660595
dog,1,dagrs,dust,0,3.0,2.999999761581421,3.896777629852295,1,60,0.9477780085579556,0.7462362987019998,0.8470071536299777,12,0,0.0,0,2,0,93,0,26.28660488128662,60,60,1,P1,0.9477780085579556,0.7462362987019998,0.8470071536299777
dog,1,dagrs,underwater,0,3.0,2.999999761581421,3.896777629852295,1,60,0.9325581871220344,0.7065413405273543,0.8195497638246944,12,0,0.0,0,4,0,93,0,25.32215905189514,60,60,1,P1,0.9325581871220344,0.7065413405273543,0.8195497638246944
dogs-jump,1,dagrs,fog,0,3.0,3.000000238418579,3.8983314037323,1,66,0.447134728691575,0.44152539547155323,0.4443300620815641,14,1,0.0,0,4,0,112,0,37.31289577484131,66,66,1,P1,0.447134728691575,0.44152539547155323,0.4443300620815641
dogs-jump,2,dagrs,fog,0,3.0,3.000000238418579,3.8983314037323,1,66,0.10089704666219562,0.11811313587742044,0.10950509126980804,14,2,0.0,0,6,0,121,0,71.9150242805481,66,66,1,P1,0.10089704666219562,0.11811313587742044,0.10950509126980804
dogs-jump,3,dagrs,fog,0,3.0,3.000000238418579,3.8983314037323,1,66,0.9114807127087471,0.8432573796146391,0.8773690461616931,14,1,0.0,0,3,0,112,0,114.147043466568,66,66,1,P1,0.9114807127087471,0.8432573796146391,0.8773690461616931
dogs-jump,1,dagrs,dust,0,3.0,3.000000238418579,3.8983314037323,1,66,0.4686778193914723,0.438831271665564,0.4537545455285181,14,2,0.0,0,6,0,121,0,70.85437893867493,66,66,1,P1,0.4686778193914723,0.438831271665564,0.4537545455285181
dogs-jump,2,dagrs,dust,0,3.0,3.000000238418579,3.8983314037323,1,66,0.15149626012970083,0.14182845492298277,0.1466623575263418,14,2,0.0,0,5,0,121,0,30.240014791488647,66,66,1,P1,0.15149626012970083,0.14182845492298277,0.1466623575263418
dogs-jump,3,dagrs,dust,0,3.0,3.000000238418579,3.8983314037323,1,66,0.9337926949190605,0.864620239312808,0.8992064671159342,14,1,0.0,0,3,0,112,0,55.7960250377655,66,66,1,P1,0.9337926949190605,0.864620239312808,0.8992064671159342
dogs-jump,1,dagrs,underwater,0,3.0,3.000000238418579,3.8983314037323,1,66,0.44600864110596794,0.4472852656257927,0.44664695336588034,14,1,0.0,0,5,0,112,0,27.596588611602783,66,66,1,P1,0.44600864110596794,0.4472852656257927,0.44664695336588034
dogs-jump,2,dagrs,underwater,0,3.0,3.000000238418579,3.8983314037323,1,66,0.10243472227610052,0.11740511136378977,0.10991991681994515,14,1,0.0,0,3,0,112,0,28.004793643951416,66,66,1,P1,0.10243472227610052,0.11740511136378977,0.10991991681994515
dogs-jump,3,dagrs,underwater,0,3.0,3.000000238418579,3.8983314037323,1,66,0.9273812000644273,0.8640532978562825,0.8957172489603549,14,0,0.0,0,2,0,103,0,97.54874229431152,66,66,1,P1,0.9273812000644273,0.8640532978562825,0.8957172489603549
drift-chicane,1,dagrs,fog,0,3.0,2.999999761581421,3.8997039794921875,1,52,0.47343504273872544,0.3440436746667657,0.4087393587027456,11,1,0.0,0,3,0,106,0,45.74533748626709,52,52,1,P1,0.47343504273872544,0.3440436746667657,0.4087393587027456
drift-chicane,1,dagrs,dust,0,3.0,2.999999761581421,3.8997039794921875,1,52,0.2065304319687192,0.25647295626068783,0.2315016941147035,11,1,0.0,0,2,0,106,0,27.123132705688477,52,52,1,P1,0.2065304319687192,0.25647295626068783,0.2315016941147035
drift-chicane,1,dagrs,underwater,0,3.0,2.999999761581421,3.8997039794921875,1,52,0.0613038273356914,0.21529560895177896,0.13829971814373518,11,0,0.0,0,2,0,93,0,23.00538730621338,52,52,1,P1,0.0613038273356914,0.21529560895177896,0.13829971814373518
drift-straight,1,dagrs,fog,0,3.0,3.0,3.899984836578369,1,50,0.5981225968671214,0.41715815931841616,0.5076403780927687,10,2,0.0,0,7,0,121,0,32.211299896240234,50,50,1,P1,0.5981225968671214,0.41715815931841616,0.5076403780927687
drift-straight,1,dagrs,dust,0,3.0,3.0,3.899984836578369,1,50,0.9465435112353546,0.715802511922987,0.8311730115791709,10,3,0.0,0,7,0,144,0,38.11148929595947,50,50,1,P1,0.9465435112353546,0.715802511922987,0.8311730115791709
drift-straight,1,dagrs,underwater,0,3.0,3.0,3.899984836578369,1,50,0.7552344417556692,0.5241078435491996,0.6396711426524344,10,2,0.0,0,7,0,121,0,30.582271337509155,50,50,1,P1,0.7552344417556692,0.5241078435491996,0.6396711426524344
goat,1,dagrs,fog,0,3.0,3.0,3.8992443084716797,1,90,0.9012167284482053,0.6417542455147128,0.7714854869814591,18,1,0.0,0,3,0,154,0,37.39565706253052,90,90,1,P1,0.9012167284482053,0.6417542455147128,0.7714854869814591
goat,1,dagrs,dust,0,3.0,3.0,3.8992443084716797,1,90,0.9257756414707887,0.7186377884186291,0.822206714944709,18,0,0.0,0,1,0,145,0,34.72553324699402,90,90,1,P1,0.9257756414707887,0.7186377884186291,0.822206714944709
goat,1,dagrs,underwater,0,3.0,3.0,3.8992443084716797,1,90,0.9194889401075544,0.6966626918779206,0.8080758159927375,18,0,0.0,0,2,0,145,0,103.17725276947021,90,90,1,P1,0.9194889401075544,0.6966626918779206,0.8080758159927375
gold-fish,1,dagrs,fog,0,3.0,2.999999761581421,3.899493455886841,1,78,0.8021359285770276,0.5751168827767488,0.6886264056768883,16,1,0.0,0,6,0,138,0,35.06581926345825,78,78,1,P1,0.8021359285770276,0.5751168827767488,0.6886264056768883
gold-fish,2,dagrs,fog,0,3.0,2.999999761581421,3.899493455886841,1,78,0.8178842400122436,0.6966137840199678,0.7572490120161057,16,0,0.0,0,3,0,129,0,33.05765342712402,78,78,1,P1,0.8178842400122436,0.6966137840199678,0.7572490120161057
gold-fish,3,dagrs,fog,0,3.0,2.999999761581421,3.899493455886841,1,78,0.8420321219475911,0.6757416256860457,0.7588868738168184,16,0,0.0,0,1,0,119,0,33.1922082901001,78,78,1,P1,0.8420321219475911,0.6757416256860457,0.7588868738168184
gold-fish,4,dagrs,fog,0,3.0,2.999999761581421,3.899493455886841,1,78,0.7964413819452796,0.6280438307962064,0.712242606370743,16,0,0.0,0,2,0,119,0,31.846261262893677,78,78,1,P1,0.7964413819452796,0.6280438307962064,0.712242606370743
gold-fish,5,dagrs,fog,0,3.0,2.999999761581421,3.899493455886841,1,78,0.7733268101212926,0.4618122611499693,0.617569535635631,16,1,0.0,0,4,0,128,0,31.929778337478638,78,78,1,P1,0.7733268101212926,0.4618122611499693,0.617569535635631
gold-fish,1,dagrs,dust,0,3.0,2.999999761581421,3.899493455886841,1,78,0.8921525639957758,0.6972075593265508,0.7946800616611633,16,1,0.0,0,3,0,128,0,31.24485945701599,78,78,1,P1,0.8921525639957758,0.6972075593265508,0.7946800616611633
gold-fish,2,dagrs,dust,0,3.0,2.999999761581421,3.899493455886841,1,78,0.8883780406984824,0.7836710780809012,0.8360245593896918,16,1,0.0,0,3,0,128,0,34.48142862319946,78,78,1,P1,0.8883780406984824,0.7836710780809012,0.8360245593896918
gold-fish,3,dagrs,dust,0,3.0,2.999999761581421,3.899493455886841,1,78,0.8584071225993495,0.7126375849376131,0.7855223537684812,16,0,0.0,0,1,0,119,0,31.39775824546814,78,78,1,P1,0.8584071225993495,0.7126375849376131,0.7855223537684812
gold-fish,4,dagrs,dust,0,3.0,2.999999761581421,3.899493455886841,1,78,0.923630374870154,0.817007037363073,0.8703187061166135,16,0,0.0,0,0,0,119,0,33.19437646865845,78,78,1,P1,0.923630374870154,0.817007037363073,0.8703187061166135
gold-fish,5,dagrs,dust,0,3.0,2.999999761581421,3.899493455886841,1,78,0.8731611769420544,0.6564671710326865,0.7648141739873704,16,1,0.0,0,2,0,128,0,23.170556783676147,78,78,1,P1,0.8731611769420544,0.6564671710326865,0.7648141739873704
gold-fish,1,dagrs,underwater,0,3.0,2.999999761581421,3.899493455886841,1,78,0.8868940776964178,0.6904625904566272,0.7886783340765224,16,2,0.0,0,4,0,137,0,24.373591423034668,78,78,1,P1,0.8868940776964178,0.6904625904566272,0.7886783340765224
gold-fish,2,dagrs,underwater,0,3.0,2.999999761581421,3.899493455886841,1,78,0.8248242820889689,0.7162683816990466,0.7705463318940078,16,1,0.0,0,2,0,128,0,26.077261209487915,78,78,1,P1,0.8248242820889689,0.7162683816990466,0.7705463318940078
gold-fish,3,dagrs,underwater,0,3.0,2.999999761581421,3.899493455886841,1,78,0.8589341549780315,0.7113937525153554,0.7851639537466935,16,0,0.0,0,1,0,119,0,89.08637762069702,78,78,1,P1,0.8589341549780315,0.7113937525153554,0.7851639537466935
gold-fish,4,dagrs,underwater,0,3.0,2.999999761581421,3.899493455886841,1,78,0.9221347760368457,0.8113234004090623,0.8667290882229539,16,0,0.0,0,1,0,119,0,24.30033779144287,78,78,1,P1,0.9221347760368457,0.8113234004090623,0.8667290882229539
gold-fish,5,dagrs,underwater,0,3.0,2.999999761581421,3.899493455886841,1,78,0.8372833271834139,0.5679285690238947,0.7026059481036543,16,1,0.0,0,4,0,128,0,24.19605040550232,78,78,1,P1,0.8372833271834139,0.5679285690238947,0.7026059481036543
horsejump-high,1,dagrs,fog,0,3.0,3.0,3.8972883224487305,1,50,0.771926803898712,0.6736747238853291,0.7228007638920206,10,3,0.0,0,7,0,120,0,77.03575038909912,50,50,1,P1,0.771926803898712,0.6736747238853291,0.7228007638920206
horsejump-high,2,dagrs,fog,0,3.0,3.0,3.8972883224487305,1,50,0.814089993271768,0.7611350380547652,0.7876125156632666,10,1,0.0,0,3,0,102,0,19.682456731796265,50,50,1,P1,0.814089993271768,0.7611350380547652,0.7876125156632666
horsejump-high,1,dagrs,dust,0,3.0,3.0,3.8972883224487305,1,50,0.7734401147475803,0.6811517321549907,0.7272959234512855,10,1,0.0,0,4,0,98,0,21.474522590637207,50,50,1,P1,0.7734401147475803,0.6811517321549907,0.7272959234512855
horsejump-high,2,dagrs,dust,0,3.0,3.0,3.8972883224487305,1,50,0.814931103825475,0.7591413931940099,0.7870362485097424,10,0,0.0,0,3,0,89,0,17.33303928375244,50,50,1,P1,0.814931103825475,0.7591413931940099,0.7870362485097424
horsejump-high,1,dagrs,underwater,0,3.0,3.0,3.8972883224487305,1,50,0.7697866172644658,0.6643172146224998,0.7170519159434828,10,4,0.0,0,8,0,171,0,33.82843232154846,50,50,1,P1,0.7697866172644658,0.6643172146224998,0.7170519159434828
horsejump-high,2,dagrs,underwater,0,3.0,3.0,3.8972883224487305,1,50,0.8088554090711877,0.7544523681847305,0.7816538886279591,10,1,0.0,0,3,0,102,0,20.57668662071228,50,50,1,P1,0.8088554090711877,0.7544523681847305,0.7816538886279591
india,1,dagrs,fog,0,3.0,2.988983631134033,3.8996880054473877,1,81,0.5751279344,0.4082186065,0.4916732705,17,4,0.0,0,9,0,160,0,28.352909088134766,62,81,1.306451613,P1,0.44022138189015864,0.3124636247660159,0.3763425033280873
india,2,dagrs,fog,0,3.0,2.988983631134033,3.8996880054473877,1,81,0.6201302624,0.4446024768,0.5323663696,17,3,0.0,0,7,0,151,0,49.578832149505615,67,81,1.208955224,P1,0.5129472540840382,0.3677576042885242,0.4403524291862812
india,3,dagrs,fog,0,3.0,2.988983631134033,3.8996880054473877,1,81,0.7587091852,0.5589143001,0.6588117427,17,2,0.0,0,6,0,142,0,24.79332709312439,71,81,1.14084507,P1,0.6650413845800829,0.48991253468899165,0.5774769596345373
india,1,dagrs,dust,0,3.0,2.988983631134033,3.8996880054473877,1,81,0.8509523205,0.6251540806,0.7380532006,17,2,0.0,0,6,0,142,0,42.28567552566528,62,81,1.306451613,P1,0.6513462206645539,0.4785129999483791,0.5649296103064665
india,2,dagrs,dust,0,3.0,2.988983631134033,3.8996880054473877,1,81,0.6350697104,0.4970640824,0.5660668964,17,3,0.0,0,7,0,151,0,26.00069570541382,67,81,1.208955224,P1,0.5253045752869246,0.4111517718209874,0.468228173553956
india,3,dagrs,dust,0,3.0,2.988983631134033,3.8996880054473877,1,81,0.4432589504,0.3384159081,0.3908374293,17,2,0.0,0,5,0,142,0,23.660065412521362,71,81,1.14084507,P1,0.38853562323123303,0.2966361663239413,0.34258589477758716
india,1,dagrs,underwater,0,3.0,2.988983631134033,3.8996880054473877,1,81,0.5891352089,0.4644373184,0.5267862636,17,3,0.0,0,7,0,151,0,28.873932600021362,62,81,1.306451613,P1,0.45094299936842774,0.35549523138622574,0.40321911537732674
india,2,dagrs,underwater,0,3.0,2.988983631134033,3.8996880054473877,1,81,0.6284990013,0.4733586685,0.5509288349,17,1,0.0,0,3,0,133,0,23.7091166973114,67,81,1.208955224,P1,0.5198695443207827,0.39154358997450883,0.4557065671476458
india,3,dagrs,underwater,0,3.0,2.988983631134033,3.8996880054473877,1,81,0.4607227994,0.3906213639,0.4256720816,17,4,0.0,0,9,0,160,0,31.547786235809326,71,81,1.14084507,P1,0.40384344144816586,0.3423965041352918,0.3731199727917288
judo,1,dagrs,fog,0,3.0,3.0,3.8968982696533203,1,34,0.8932373497033387,0.7575005634634453,0.8253689565833919,7,0,0.0,0,0,0,57,0,26.30970072746277,34,34,1,P1,0.8932373497033387,0.7575005634634453,0.8253689565833919
judo,2,dagrs,fog,0,3.0,3.0,3.8968982696533203,1,34,0.7196699100656078,0.5291894214449648,0.6244296657552864,7,2,0.0,0,4,0,75,0,21.957024812698364,34,34,1,P1,0.7196699100656078,0.5291894214449648,0.6244296657552864
judo,1,dagrs,dust,0,3.0,3.0,3.8968982696533203,1,34,0.896048307407295,0.767844220233667,0.8319462638204811,7,0,0.0,0,0,0,57,0,11.923830509185791,34,34,1,P1,0.896048307407295,0.767844220233667,0.8319462638204811
judo,2,dagrs,dust,0,3.0,3.0,3.8968982696533203,1,34,0.7614267050492654,0.5600480739124303,0.6607373894808478,7,1,0.0,0,3,0,66,0,11.41964340209961,34,34,1,P1,0.7614267050492654,0.5600480739124303,0.6607373894808478
judo,1,dagrs,underwater,0,3.0,3.0,3.8968982696533203,1,34,0.8690007800768796,0.7312758310255367,0.8001383055512081,7,0,0.0,0,1,0,57,0,10.119156837463379,34,34,1,P1,0.8690007800768796,0.7312758310255367,0.8001383055512081
judo,2,dagrs,underwater,0,3.0,3.0,3.8968982696533203,1,34,0.5314635363726816,0.44260767457837047,0.48703560547552605,7,2,0.0,0,4,0,75,0,12.428951978683472,34,34,1,P1,0.5314635363726816,0.44260767457837047,0.48703560547552605
libby,1,greedy,clean,0,1.0,1.0,1.0,1,49,0.6546528855282375,0.6064699254991068,0.6305614055136721,0,0,0.0,0,0,0,48,0,19.883143424987793,49,49,1,P1,0.6546528855282375,0.6064699254991068,0.6305614055136721
libby,1,sam2video,clean,0,1.0,1.0,1.0,1,49,0.918961081919283,0.8594814045764404,0.8892212432478617,0,0,0.0,0,0,0,51,0,17.095064163208008,49,49,1,P1,0.918961081919283,0.8594814045764404,0.8892212432478617
loading,1,greedy,clean,0,1.0,1.0,1.0,1,50,0.9807116776469692,0.8597952619382006,0.9202534697925848,0,0,0.0,0,0,0,49,0,19.48641538619995,50,50,1,P1,0.9807116776469692,0.8597952619382006,0.9202534697925848
loading,2,greedy,clean,0,1.0,1.0,1.0,1,50,0.8985245547760724,0.7420152979982315,0.820269926387152,0,0,0.0,0,0,0,49,0,43.406686782836914,50,50,1,P1,0.8985245547760724,0.7420152979982315,0.820269926387152
loading,3,greedy,clean,0,1.0,1.0,1.0,1,50,0.9522236961354108,0.8562492411725026,0.9042364686539567,0,0,0.0,0,0,0,49,0,75.5875883102417,50,50,1,P1,0.9522236961354108,0.8562492411725026,0.9042364686539567
loading,1,sam2video,clean,0,1.0,1.0,1.0,1,50,0.9832923377483052,0.8759018276085869,0.9295970826784461,0,0,0.0,0,0,0,52,0,50.46875190734863,50,50,1,P1,0.9832923377483052,0.8759018276085869,0.9295970826784461
loading,2,sam2video,clean,0,1.0,1.0,1.0,1,50,0.9316123703235957,0.8123177664309467,0.8719650683772712,0,0,0.0,0,0,0,52,0,52.694854736328125,50,50,1,P1,0.9316123703235957,0.8123177664309467,0.8719650683772712
loading,3,sam2video,clean,0,1.0,1.0,1.0,1,50,0.9577659700121935,0.869242492237907,0.9135042311250503,0,0,0.0,0,0,0,52,0,53.07446646690369,50,50,1,P1,0.9577659700121935,0.869242492237907,0.9135042311250503
mbike-trick,1,greedy,clean,0,1.0,1.0,1.0,1,79,0.640522980869487,0.6078756936496045,0.6241993372595458,0,0,0.0,0,0,0,78,0,210.88236045837402,79,79,1,P1,0.640522980869487,0.6078756936496045,0.6241993372595458
mbike-trick,2,greedy,clean,0,1.0,1.0,1.0,1,79,0.8677546677986779,0.6746929436833646,0.7712238057410212,0,0,0.0,0,0,0,78,0,109.43501591682434,79,79,1,P1,0.8677546677986779,0.6746929436833646,0.7712238057410212
mbike-trick,1,sam2video,clean,0,1.0,1.0,1.0,1,79,0.8984573156330962,0.8169780270115627,0.8577176713223295,0,0,0.0,0,0,0,81,0,140.62079119682312,79,79,1,P1,0.8984573156330962,0.8169780270115627,0.8577176713223295
mbike-trick,2,sam2video,clean,0,1.0,1.0,1.0,1,79,0.8890699002391944,0.7135495825430243,0.8013097413911093,0,0,0.0,0,0,0,81,0,79.36380672454834,79,79,1,P1,0.8890699002391944,0.7135495825430243,0.8013097413911093
motocross-jump,1,greedy,clean,0,1.0,1.0,1.0,1,40,0.5015105560819577,0.4361318867908279,0.4688212214363928,0,0,0.0,0,0,0,39,0,62.595518350601196,40,40,1,P1,0.5015105560819577,0.4361318867908279,0.4688212214363928
motocross-jump,2,greedy,clean,0,1.0,1.0,1.0,1,40,0.6401187229279477,0.504380235386992,0.5722494791574698,0,0,0.0,0,0,0,39,0,80.1480004787445,40,40,1,P1,0.6401187229279477,0.504380235386992,0.5722494791574698
kite-surf,1,greedy,clean,0,1.0,1.0,1.0,1,50,0.27703114103201903,0.6391474750040621,0.4580893080180406,0,0,0.0,0,0,0,49,0,16.858060359954834,50,50,1,P1,0.27703114103201903,0.6391474750040621,0.4580893080180406
kite-surf,2,greedy,clean,0,1.0,1.0,1.0,1,50,0.05218129088,0.09010360244,0.07114244666,0,0,0.0,0,0,0,49,0,15.117908000946045,38,50,1.315789474,P1,0.03965778107205581,0.06847873785233187,0.05406825946219384
kite-surf,3,greedy,clean,0,1.0,1.0,1.0,1,50,0.7260871552251849,0.6699931561521072,0.698040155688646,0,0,0.0,0,0,0,49,0,14.79199481010437,50,50,1,P1,0.7260871552251849,0.6699931561521072,0.698040155688646
lab-coat,1,greedy,clean,0,1.0,1.0,1.0,1,47,0.1152030366921943,0.32820461718192784,0.22170382693706106,0,0,0.0,0,0,0,46,0,14.762619495391846,47,47,1,P1,0.1152030366921943,0.32820461718192784,0.22170382693706106
lab-coat,2,greedy,clean,0,1.0,1.0,1.0,1,47,0.09760829545983556,0.26527689971713087,0.18144259758848322,0,0,0.0,0,0,0,46,0,14.052913427352905,47,47,1,P1,0.09760829545983556,0.26527689971713087,0.18144259758848322
lab-coat,3,greedy,clean,0,1.0,1.0,1.0,1,47,0.9649254706050713,0.7367486576956577,0.8508370641503644,0,0,0.0,0,0,0,46,0,14.632258415222168,47,47,1,P1,0.9649254706050713,0.7367486576956577,0.8508370641503644
lab-coat,4,greedy,clean,0,1.0,1.0,1.0,1,47,0.924250915113216,0.6029785984764582,0.763614756794837,0,0,0.0,0,0,0,46,0,14.4554123878479,47,47,1,P1,0.924250915113216,0.6029785984764582,0.763614756794837
lab-coat,5,greedy,clean,0,1.0,1.0,1.0,1,47,0.9256955216892423,0.7243196213736192,0.8250075715314307,0,0,0.0,0,0,0,46,0,14.608243227005005,47,47,1,P1,0.9256955216892423,0.7243196213736192,0.8250075715314307
paragliding-launch,1,greedy,clean,0,1.0,1.0,1.0,1,80,0.6193972025732377,0.42736793293333275,0.5233825677532853,0,0,0.0,0,0,0,79,0,24.15179181098938,80,80,1,P1,0.6193972025732377,0.42736793293333275,0.5233825677532853
paragliding-launch,2,greedy,clean,0,1.0,1.0,1.0,1,80,0.37285885336432345,0.5659472310148705,0.469403042189597,0,0,0.0,0,0,0,79,0,24.52068781852722,80,80,1,P1,0.37285885336432345,0.5659472310148705,0.469403042189597
paragliding-launch,3,greedy,clean,0,1.0,1.0,1.0,1,80,0.17608307352256936,0.3548240178806946,0.265453545701632,0,0,0.0,0,0,0,79,0,24.61680006980896,80,80,1,P1,0.17608307352256936,0.3548240178806946,0.265453545701632
parkour,1,greedy,clean,0,1.0,1.0,1.0,1,100,0.8957543832501176,0.7961372427968931,0.8459458130235054,0,0,0.0,0,0,0,99,0,32.68882346153259,100,100,1,P1,0.8957543832501176,0.7961372427968931,0.8459458130235054
pigs,1,greedy,clean,0,1.0,1.0,1.0,1,79,0.9243035367243594,0.7739862537448684,0.8491448952346139,0,0,0.0,0,0,0,78,0,24.99424695968628,79,79,1,P1,0.9243035367243594,0.7739862537448684,0.8491448952346139
pigs,2,greedy,clean,0,1.0,1.0,1.0,1,79,0.7358046407082867,0.7011363893647523,0.7184705150365195,0,0,0.0,0,0,0,78,0,24.693066358566284,79,79,1,P1,0.7358046407082867,0.7011363893647523,0.7184705150365195
pigs,3,greedy,clean,0,1.0,1.0,1.0,1,79,0.963069597493344,0.7942319379709448,0.8786507677321445,0,0,0.0,0,0,0,78,0,24.76326632499695,79,79,1,P1,0.963069597493344,0.7942319379709448,0.8786507677321445
scooter-black,1,greedy,clean,0,1.0,1.0,1.0,1,43,0.2700188770959931,0.3021441431762244,0.2860815101361087,0,0,0.0,0,0,0,42,0,13.526304483413696,43,43,1,P1,0.2700188770959931,0.3021441431762244,0.2860815101361087
scooter-black,2,greedy,clean,0,1.0,1.0,1.0,1,43,0.732801333858501,0.5586382017962807,0.6457197678273908,0,0,0.0,0,0,0,42,0,12.651814699172974,43,43,1,P1,0.732801333858501,0.5586382017962807,0.6457197678273908
shooting,1,greedy,clean,0,1.0,1.0,1.0,1,40,0.20666632182135708,0.12943287216471594,0.1680495969930365,0,0,0.0,0,0,0,39,0,12.147757768630981,40,40,1,P1,0.20666632182135708,0.12943287216471594,0.1680495969930365
shooting,2,greedy,clean,0,1.0,1.0,1.0,1,40,0.9022045802391698,0.5614797604635318,0.7318421703513508,0,0,0.0,0,0,0,39,0,12.140763998031616,40,40,1,P1,0.9022045802391698,0.5614797604635318,0.7318421703513508
shooting,3,greedy,clean,0,1.0,1.0,1.0,1,40,0.9232789921182132,0.8288680319287092,0.8760735120234612,0,0,0.0,0,0,0,39,0,12.39576768875122,40,40,1,P1,0.9232789921182132,0.8288680319287092,0.8760735120234612
soapbox,1,greedy,clean,0,1.0,1.0,1.0,1,99,0.6792283403175073,0.5918763823137382,0.6355523613156228,0,0,0.0,0,0,0,98,0,28.98860192298889,99,99,1,P1,0.6792283403175073,0.5918763823137382,0.6355523613156228
soapbox,2,greedy,clean,0,1.0,1.0,1.0,1,99,0.2312535012100359,0.23688962966498928,0.2340715654375126,0,0,0.0,0,0,0,98,0,24.901020288467407,99,99,1,P1,0.2312535012100359,0.23688962966498928,0.2340715654375126
soapbox,3,greedy,clean,0,1.0,1.0,1.0,1,99,0.8920948923861598,0.8062500373025414,0.8491724648443506,0,0,0.0,0,0,0,98,0,27.787946224212646,99,99,1,P1,0.8920948923861598,0.8062500373025414,0.8491724648443506
kite-surf,1,greedy,fog,0,3.0,3.0,3.8937995433807373,1,50,0.20540495444344406,0.49572925040397164,0.35056710242370787,0,0,0.0,0,0,0,49,0,15.618266344070435,50,50,1,P1,0.20540495444344406,0.49572925040397164,0.35056710242370787
kite-surf,2,greedy,fog,0,3.0,3.0,3.8937995433807373,1,50,0.05552715894,0.1223036262,0.08891539257,0,0,0.0,0,0,0,49,0,13.807672500610352,38,50,1.315789474,P1,0.042200640791206015,0.09295075590961184,0.06757569835040893
kite-surf,3,greedy,fog,0,3.0,3.0,3.8937995433807373,1,50,0.6425871607930721,0.6053809570307697,0.6239840589119209,0,0,0.0,0,0,0,49,0,14.387789726257324,50,50,1,P1,0.6425871607930721,0.6053809570307697,0.6239840589119209
kite-surf,1,greedy,dust,0,3.0,3.0,3.8937995433807373,1,50,0.20543438562507838,0.4730292962736042,0.3392318409493413,0,0,0.0,0,0,0,49,0,14.93067193031311,50,50,1,P1,0.20543438562507838,0.4730292962736042,0.3392318409493413
kite-surf,2,greedy,dust,0,3.0,3.0,3.8937995433807373,1,50,0.05533795075,0.1171633482,0.08625064949,0,0,0.0,0,0,0,49,0,14.04441499710083,38,50,1.315789474,P1,0.04205684257339143,0.08904414465707816,0.0655504936152348
kite-surf,3,greedy,dust,0,3.0,3.0,3.8937995433807373,1,50,0.7323433957690374,0.6870718119932745,0.709707603881156,0,0,0.0,0,0,0,49,0,12.703380107879639,50,50,1,P1,0.7323433957690374,0.6870718119932745,0.709707603881156
kite-surf,1,greedy,underwater,0,3.0,3.0,3.8937995433807373,1,50,0.19274117722493686,0.44987622579588743,0.32130870151041213,0,0,0.0,0,0,0,49,0,13.991573572158813,50,50,1,P1,0.19274117722493686,0.44987622579588743,0.32130870151041213
kite-surf,2,greedy,underwater,0,3.0,3.0,3.8937995433807373,1,50,0.06148979907,0.1339561494,0.09772297426,0,0,0.0,0,0,0,49,0,14.31758737564087,38,50,1.315789474,P1,0.04673224729612903,0.10180667358059299,0.07426946043836101
kite-surf,3,greedy,underwater,0,3.0,3.0,3.8937995433807373,1,50,0.717092248035994,0.6724773739510647,0.6947848109935293,0,0,0.0,0,0,0,49,0,14.386007308959961,50,50,1,P1,0.717092248035994,0.6724773739510647,0.6947848109935293
lab-coat,1,greedy,fog,0,3.0,3.017864465713501,3.8959248065948486,1,47,0.060989547132127515,0.18563922934361088,0.1233143882378692,0,0,0.0,0,0,0,46,0,13.663307666778564,47,47,1,P1,0.060989547132127515,0.18563922934361088,0.1233143882378692
lab-coat,2,greedy,fog,0,3.0,3.017864465713501,3.8959248065948486,1,47,0.09680296279247863,0.2749903642370255,0.18589666351475206,0,0,0.0,0,0,0,46,0,14.229600429534912,47,47,1,P1,0.09680296279247863,0.2749903642370255,0.18589666351475206
lab-coat,3,greedy,fog,0,3.0,3.017864465713501,3.8959248065948486,1,47,0.9547407998412833,0.6703294721727825,0.812535136007033,0,0,0.0,0,0,0,46,0,12.198708772659302,47,47,1,P1,0.9547407998412833,0.6703294721727825,0.812535136007033
lab-coat,4,greedy,fog,0,3.0,3.017864465713501,3.8959248065948486,1,47,0.8960980453130448,0.5141517512124315,0.7051248982627382,0,0,0.0,0,0,0,46,0,13.981562852859497,47,47,1,P1,0.8960980453130448,0.5141517512124315,0.7051248982627382
lab-coat,5,greedy,fog,0,3.0,3.017864465713501,3.8959248065948486,1,47,0.9092967532119152,0.6619082988672165,0.7856025260395658,0,0,0.0,0,0,0,46,0,13.963193655014038,47,47,1,P1,0.9092967532119152,0.6619082988672165,0.7856025260395658
lab-coat,1,greedy,dust,0,3.0,3.017864465713501,3.8959248065948486,1,47,0.10564060499412263,0.2736789288760552,0.18965976693508893,0,0,0.0,0,0,0,46,0,12.937389135360718,47,47,1,P1,0.10564060499412263,0.2736789288760552,0.18965976693508893
lab-coat,2,greedy,dust,0,3.0,3.017864465713501,3.8959248065948486,1,47,0.061112219458279424,0.2201095512876233,0.14061088537295136,0,0,0.0,0,0,0,46,0,13.637599229812622,47,47,1,P1,0.061112219458279424,0.2201095512876233,0.14061088537295136
lab-coat,3,greedy,dust,0,3.0,3.017864465713501,3.8959248065948486,1,47,0.9617120296447602,0.7082087620399512,0.8349603958423557,0,0,0.0,0,0,0,46,0,13.70415472984314,47,47,1,P1,0.9617120296447602,0.7082087620399512,0.8349603958423557
lab-coat,4,greedy,dust,0,3.0,3.017864465713501,3.8959248065948486,1,47,0.9075089117218023,0.5457132345809944,0.7266110731513984,0,0,0.0,0,0,0,46,0,13.929262638092041,47,47,1,P1,0.9075089117218023,0.5457132345809944,0.7266110731513984
lab-coat,5,greedy,dust,0,3.0,3.017864465713501,3.8959248065948486,1,47,0.9199269520469658,0.7022503390754874,0.8110886455612266,0,0,0.0,0,0,0,46,0,12.762061595916748,47,47,1,P1,0.9199269520469658,0.7022503390754874,0.8110886455612266
lab-coat,1,greedy,underwater,0,3.0,3.017864465713501,3.8959248065948486,1,47,0.10733689424374478,0.2795888543613417,0.19346287430254322,0,0,0.0,0,0,0,46,0,14.095933437347412,47,47,1,P1,0.10733689424374478,0.2795888543613417,0.19346287430254322
lab-coat,2,greedy,underwater,0,3.0,3.017864465713501,3.8959248065948486,1,47,0.07484428716519206,0.22858573206110244,0.15171500961314727,0,0,0.0,0,0,0,46,0,12.15591287612915,47,47,1,P1,0.07484428716519206,0.22858573206110244,0.15171500961314727
lab-coat,3,greedy,underwater,0,3.0,3.017864465713501,3.8959248065948486,1,47,0.9561970802809047,0.6716936628862517,0.8139453715835782,0,0,0.0,0,0,0,46,0,14.423682451248169,47,47,1,P1,0.9561970802809047,0.6716936628862517,0.8139453715835782
lab-coat,4,greedy,underwater,0,3.0,3.017864465713501,3.8959248065948486,1,47,0.886318833885012,0.5034369694824637,0.6948779016837379,0,0,0.0,0,0,0,46,0,12.785953521728516,47,47,1,P1,0.886318833885012,0.5034369694824637,0.6948779016837379
lab-coat,5,greedy,underwater,0,3.0,3.017864465713501,3.8959248065948486,1,47,0.9095818908797889,0.6605494298376876,0.7850656603587383,0,0,0.0,0,0,0,46,0,14.499812602996826,47,47,1,P1,0.9095818908797889,0.6605494298376876,0.7850656603587383
libby,1,greedy,fog,0,3.0,3.0134084224700928,3.8995115756988525,1,49,0.8664122103255315,0.77884482819305,0.8226285192592908,0,0,0.0,0,0,0,48,0,13.301552772521973,49,49,1,P1,0.8664122103255315,0.77884482819305,0.8226285192592908
libby,1,greedy,dust,0,3.0,3.0134084224700928,3.8995115756988525,1,49,0.8972883161723166,0.8263669419863643,0.8618276290793405,0,0,0.0,0,0,0,48,0,14.860457181930542,49,49,1,P1,0.8972883161723166,0.8263669419863643,0.8618276290793405
libby,1,greedy,underwater,0,3.0,3.0134084224700928,3.8995115756988525,1,49,0.711753490828355,0.6972952419655183,0.7045243663969367,0,0,0.0,0,0,0,48,0,12.568031549453735,49,49,1,P1,0.711753490828355,0.6972952419655183,0.7045243663969367
loading,1,greedy,fog,0,3.0,3.0,3.8995375633239746,1,50,0.9608790797811269,0.7531470665115485,0.8570130731463377,0,0,0.0,0,0,0,49,0,14.921002388000488,50,50,1,P1,0.9608790797811269,0.7531470665115485,0.8570130731463377
loading,2,greedy,fog,0,3.0,3.0,3.8995375633239746,1,50,0.8611131243169475,0.6599439832758685,0.7605285537964079,0,0,0.0,0,0,0,49,0,13.461925268173218,50,50,1,P1,0.8611131243169475,0.6599439832758685,0.7605285537964079
loading,3,greedy,fog,0,3.0,3.0,3.8995375633239746,1,50,0.9309779793816528,0.7988149210993001,0.8648964502404765,0,0,0.0,0,0,0,49,0,15.31702995300293,50,50,1,P1,0.9309779793816528,0.7988149210993001,0.8648964502404765
loading,1,greedy,dust,0,3.0,3.0,3.8995375633239746,1,50,0.9765727608798646,0.8348700303621578,0.9057213956210112,0,0,0.0,0,0,0,49,0,14.108183860778809,50,50,1,P1,0.9765727608798646,0.8348700303621578,0.9057213956210112
loading,2,greedy,dust,0,3.0,3.0,3.8995375633239746,1,50,0.892566904834228,0.7159897753474551,0.8042783400908415,0,0,0.0,0,0,0,49,0,13.529143333435059,50,50,1,P1,0.892566904834228,0.7159897753474551,0.8042783400908415
loading,3,greedy,dust,0,3.0,3.0,3.8995375633239746,1,50,0.9471265351017393,0.8420277012562235,0.8945771181789814,0,0,0.0,0,0,0,49,0,14.987497568130493,50,50,1,P1,0.9471265351017393,0.8420277012562235,0.8945771181789814
loading,1,greedy,underwater,0,3.0,3.0,3.8995375633239746,1,50,0.971504434995892,0.8010919996714593,0.8862982173336756,0,0,0.0,0,0,0,49,0,13.688547372817993,50,50,1,P1,0.971504434995892,0.8010919996714593,0.8862982173336756
loading,2,greedy,underwater,0,3.0,3.0,3.8995375633239746,1,50,0.88260999477342,0.6957302563706181,0.789170125572019,0,0,0.0,0,0,0,49,0,15.106164455413818,50,50,1,P1,0.88260999477342,0.6957302563706181,0.789170125572019
loading,3,greedy,underwater,0,3.0,3.0,3.8995375633239746,1,50,0.9363073818875987,0.8119640435506743,0.8741357127191365,0,0,0.0,0,0,0,49,0,13.912464618682861,50,50,1,P1,0.9363073818875987,0.8119640435506743,0.8741357127191365
mbike-trick,1,greedy,fog,0,3.0,2.9896240234375,3.899766206741333,1,79,0.4234917873017003,0.4672725488554098,0.445382168078555,0,0,0.0,0,0,0,78,0,22.98270845413208,79,79,1,P1,0.4234917873017003,0.4672725488554098,0.445382168078555
mbike-trick,2,greedy,fog,0,3.0,2.9896240234375,3.899766206741333,1,79,0.8353717359585277,0.6090402904249541,0.7222060131917409,0,0,0.0,0,0,0,78,0,22.52464985847473,79,79,1,P1,0.8353717359585277,0.6090402904249541,0.7222060131917409
mbike-trick,1,greedy,dust,0,3.0,2.9896240234375,3.899766206741333,1,79,0.8582308117368241,0.7481660814593192,0.8031984465980717,0,0,0.0,0,0,0,78,0,24.120429515838623,79,79,1,P1,0.8582308117368241,0.7481660814593192,0.8031984465980717
mbike-trick,2,greedy,dust,0,3.0,2.9896240234375,3.899766206741333,1,79,0.8601598243098709,0.6635183840924418,0.7618391042011563,0,0,0.0,0,0,0,78,0,26.324251174926758,79,79,1,P1,0.8601598243098709,0.6635183840924418,0.7618391042011563
mbike-trick,1,greedy,underwater,0,3.0,2.9896240234375,3.899766206741333,1,79,0.4430673121307342,0.4945321944480271,0.4687997532893806,0,0,0.0,0,0,0,78,0,27.661880016326904,79,79,1,P1,0.4430673121307342,0.4945321944480271,0.4687997532893806
mbike-trick,2,greedy,underwater,0,3.0,2.9896240234375,3.899766206741333,1,79,0.8541059553490993,0.6534706959649317,0.7537883256570155,0,0,0.0,0,0,0,78,0,23.62956404685974,79,79,1,P1,0.8541059553490993,0.6534706959649317,0.7537883256570155
motocross-jump,1,greedy,fog,0,3.0,3.0,3.8983938694000244,1,40,0.37735668323466254,0.2883826422252905,0.33286966272997653,0,0,0.0,0,0,0,39,0,13.456658840179443,40,40,1,P1,0.37735668323466254,0.2883826422252905,0.33286966272997653
motocross-jump,2,greedy,fog,0,3.0,3.0,3.8983938694000244,1,40,0.6137220351641494,0.38930588969841934,0.5015139624312843,0,0,0.0,0,0,0,39,0,11.231976509094238,40,40,1,P1,0.6137220351641494,0.38930588969841934,0.5015139624312843
motocross-jump,1,greedy,dust,0,3.0,3.0,3.8983938694000244,1,40,0.4031350080870677,0.36108234234772085,0.3821086752173943,0,0,0.0,0,0,0,39,0,13.685918807983398,40,40,1,P1,0.4031350080870677,0.36108234234772085,0.3821086752173943
motocross-jump,2,greedy,dust,0,3.0,3.0,3.8983938694000244,1,40,0.7202933250968927,0.4960617199300277,0.6081775225134602,0,0,0.0,0,0,0,39,0,10.548294305801392,40,40,1,P1,0.7202933250968927,0.4960617199300277,0.6081775225134602
motocross-jump,1,greedy,underwater,0,3.0,3.0,3.8983938694000244,1,40,0.18065574839073367,0.16915532202109165,0.17490553520591268,0,0,0.0,0,0,0,39,0,12.64039158821106,40,40,1,P1,0.18065574839073367,0.16915532202109165,0.17490553520591268
motocross-jump,2,greedy,underwater,0,3.0,3.0,3.8983938694000244,1,40,0.28952615850977714,0.2132808516789572,0.25140350509436715,0,0,0.0,0,0,0,39,0,11.679928541183472,40,40,1,P1,0.28952615850977714,0.2132808516789572,0.25140350509436715
paragliding-launch,1,greedy,fog,0,3.0,3.0,3.899968147277832,1,80,0.6025828217933032,0.40930971782650094,0.5059462698099021,0,0,0.0,0,0,0,79,0,23.333803415298462,80,80,1,P1,0.6025828217933032,0.40930971782650094,0.5059462698099021
paragliding-launch,2,greedy,fog,0,3.0,3.0,3.899968147277832,1,80,0.375648226828861,0.5424828537321686,0.4590655402805148,0,0,0.0,0,0,0,79,0,23.799961805343628,80,80,1,P1,0.375648226828861,0.5424828537321686,0.4590655402805148
paragliding-launch,3,greedy,fog,0,3.0,3.0,3.899968147277832,1,80,0.16104657662081928,0.30767116312587045,0.23435886987334487,0,0,0.0,0,0,0,79,0,23.22925090789795,80,80,1,P1,0.16104657662081928,0.30767116312587045,0.23435886987334487
paragliding-launch,1,greedy,dust,0,3.0,3.0,3.899968147277832,1,80,0.607017660105374,0.41521147713316997,0.511114568619272,0,0,0.0,0,0,0,79,0,23.882386445999146,80,80,1,P1,0.607017660105374,0.41521147713316997,0.511114568619272
paragliding-launch,2,greedy,dust,0,3.0,3.0,3.899968147277832,1,80,0.38061872941865055,0.5621180102071766,0.4713683698129135,0,0,0.0,0,0,0,79,0,22.558907747268677,80,80,1,P1,0.38061872941865055,0.5621180102071766,0.4713683698129135
paragliding-launch,3,greedy,dust,0,3.0,3.0,3.899968147277832,1,80,0.16986696635048046,0.3204202603470928,0.24514361334878665,0,0,0.0,0,0,0,79,0,24.979425191879272,80,80,1,P1,0.16986696635048046,0.3204202603470928,0.24514361334878665
paragliding-launch,1,greedy,underwater,0,3.0,3.0,3.899968147277832,1,80,0.6255948291788983,0.43243425949526404,0.5290145443370812,0,0,0.0,0,0,0,79,0,25.093302249908447,80,80,1,P1,0.6255948291788983,0.43243425949526404,0.5290145443370812
paragliding-launch,2,greedy,underwater,0,3.0,3.0,3.899968147277832,1,80,0.37268793246312903,0.5512423962501718,0.4619651643566504,0,0,0.0,0,0,0,79,0,24.00797152519226,80,80,1,P1,0.37268793246312903,0.5512423962501718,0.4619651643566504
paragliding-launch,3,greedy,underwater,0,3.0,3.0,3.899968147277832,1,80,0.13370416521201212,0.292916020233362,0.21331009272268706,0,0,0.0,0,0,0,79,0,25.178085565567017,80,80,1,P1,0.13370416521201212,0.292916020233362,0.21331009272268706
parkour,1,greedy,fog,0,3.0,3.000000238418579,3.8995673656463623,1,100,0.8917229057402462,0.7844545964906574,0.8380887511154518,0,0,0.0,0,0,0,99,0,30.478897094726562,100,100,1,P1,0.8917229057402462,0.7844545964906574,0.8380887511154518
parkour,1,greedy,dust,0,3.0,3.000000238418579,3.8995673656463623,1,100,0.9000642139244869,0.8080910450543763,0.8540776294894317,0,0,0.0,0,0,0,99,0,27.689434051513672,100,100,1,P1,0.9000642139244869,0.8080910450543763,0.8540776294894317
parkour,1,greedy,underwater,0,3.0,3.000000238418579,3.8995673656463623,1,100,0.8992550150029898,0.8091814254435054,0.8542182202232476,0,0,0.0,0,0,0,99,0,27.72167444229126,100,100,1,P1,0.8992550150029898,0.8091814254435054,0.8542182202232476
pigs,1,greedy,fog,0,3.0,2.9972586631774902,3.8992199897766113,1,79,0.9039433380415368,0.7177077798423627,0.8108255589419497,0,0,0.0,0,0,0,78,0,22.64578413963318,79,79,1,P1,0.9039433380415368,0.7177077798423627,0.8108255589419497
pigs,2,greedy,fog,0,3.0,2.9972586631774902,3.8992199897766113,1,79,0.6946091053365001,0.6680870162003008,0.6813480607684004,0,0,0.0,0,0,0,78,0,24.120173692703247,79,79,1,P1,0.6946091053365001,0.6680870162003008,0.6813480607684004
pigs,3,greedy,fog,0,3.0,2.9972586631774902,3.8992199897766113,1,79,0.9512143778009937,0.7323387210988578,0.8417765494499257,0,0,0.0,0,0,0,78,0,21.567172527313232,79,79,1,P1,0.9512143778009937,0.7323387210988578,0.8417765494499257
pigs,1,greedy,dust,0,3.0,2.9972586631774902,3.8992199897766113,1,79,0.9179144252381229,0.7678578649924918,0.8428861451153074,0,0,0.0,0,0,0,78,0,22.442825078964233,79,79,1,P1,0.9179144252381229,0.7678578649924918,0.8428861451153074
pigs,2,greedy,dust,0,3.0,2.9972586631774902,3.8992199897766113,1,79,0.7146247945770794,0.711909915915714,0.7132673552463966,0,0,0.0,0,0,0,78,0,22.360171794891357,79,79,1,P1,0.7146247945770794,0.711909915915714,0.7132673552463966
pigs,3,greedy,dust,0,3.0,2.9972586631774902,3.8992199897766113,1,79,0.9585436789572686,0.7746665849076934,0.866605131932481,0,0,0.0,0,0,0,78,0,24.266170263290405,79,79,1,P1,0.9585436789572686,0.7746665849076934,0.866605131932481
pigs,1,greedy,underwater,0,3.0,2.9972586631774902,3.8992199897766113,1,79,0.9117822242424019,0.7504724985028876,0.8311273613726446,0,0,0.0,0,0,0,78,0,24.33884024620056,79,79,1,P1,0.9117822242424019,0.7504724985028876,0.8311273613726446
pigs,2,greedy,underwater,0,3.0,2.9972586631774902,3.8992199897766113,1,79,0.6932191261278349,0.6813298784365736,0.6872745022822042,0,0,0.0,0,0,0,78,0,24.347395181655884,79,79,1,P1,0.6932191261278349,0.6813298784365736,0.6872745022822042
pigs,3,greedy,underwater,0,3.0,2.9972586631774902,3.8992199897766113,1,79,0.9452048225618306,0.7311877765685584,0.8381962995651945,0,0,0.0,0,0,0,78,0,24.00960612297058,79,79,1,P1,0.9452048225618306,0.7311877765685584,0.8381962995651945
scooter-black,1,greedy,fog,0,3.0,2.9869327545166016,3.8900890350341797,1,43,0.26530225636098986,0.29049680668173183,0.2778995315213608,0,0,0.0,0,0,0,42,0,12.219469547271729,43,43,1,P1,0.26530225636098986,0.29049680668173183,0.2778995315213608
scooter-black,2,greedy,fog,0,3.0,2.9869327545166016,3.8900890350341797,1,43,0.7232045242396044,0.5406037700125357,0.63190414712607,0,0,0.0,0,0,0,42,0,11.030718326568604,43,43,1,P1,0.7232045242396044,0.5406037700125357,0.63190414712607
scooter-black,1,greedy,dust,0,3.0,2.9869327545166016,3.8900890350341797,1,43,0.2598525593879034,0.3008953767285535,0.28037396805822845,0,0,0.0,0,0,0,42,0,12.707646131515503,43,43,1,P1,0.2598525593879034,0.3008953767285535,0.28037396805822845
scooter-black,2,greedy,dust,0,3.0,2.9869327545166016,3.8900890350341797,1,43,0.7339705473140136,0.562747670396548,0.6483591088552808,0,0,0.0,0,0,0,42,0,11.615435361862183,43,43,1,P1,0.7339705473140136,0.562747670396548,0.6483591088552808
scooter-black,1,greedy,underwater,0,3.0,2.9869327545166016,3.8900890350341797,1,43,0.24762683867658974,0.28485320581419343,0.26624002224539156,0,0,0.0,0,0,0,42,0,12.758476495742798,43,43,1,P1,0.24762683867658974,0.28485320581419343,0.26624002224539156
scooter-black,2,greedy,underwater,0,3.0,2.9869327545166016,3.8900890350341797,1,43,0.7339568874438528,0.5594097308662014,0.646683309155027,0,0,0.0,0,0,0,42,0,11.183154582977295,43,43,1,P1,0.7339568874438528,0.5594097308662014,0.646683309155027
shooting,1,greedy,fog,0,3.0,3.0,3.894073247909546,1,40,0.1948080224929488,0.1586467424086911,0.17672738245081993,0,0,0.0,0,0,0,39,0,11.194220781326294,40,40,1,P1,0.1948080224929488,0.1586467424086911,0.17672738245081993
shooting,2,greedy,fog,0,3.0,3.0,3.894073247909546,1,40,0.7689654522433041,0.3436492051399252,0.5563073286916147,0,0,0.0,0,0,0,39,0,11.336569547653198,40,40,1,P1,0.7689654522433041,0.3436492051399252,0.5563073286916147
shooting,3,greedy,fog,0,3.0,3.0,3.894073247909546,1,40,0.870319613701847,0.7488806641618447,0.8096001389318459,0,0,0.0,0,0,0,39,0,11.59840989112854,40,40,1,P1,0.870319613701847,0.7488806641618447,0.8096001389318459
shooting,1,greedy,dust,0,3.0,3.0,3.894073247909546,1,40,0.06434957777299485,0.06572425722740875,0.0650369175002018,0,0,0.0,0,0,0,39,0,11.273678302764893,40,40,1,P1,0.06434957777299485,0.06572425722740875,0.0650369175002018
shooting,2,greedy,dust,0,3.0,3.0,3.894073247909546,1,40,0.860347692202305,0.46561880284934143,0.6629832475258233,0,0,0.0,0,0,0,39,0,11.152979373931885,40,40,1,P1,0.860347692202305,0.46561880284934143,0.6629832475258233
shooting,3,greedy,dust,0,3.0,3.0,3.894073247909546,1,40,0.9108156721706274,0.8065165632153579,0.8586661176929926,0,0,0.0,0,0,0,39,0,11.582399845123291,40,40,1,P1,0.9108156721706274,0.8065165632153579,0.8586661176929926
shooting,1,greedy,underwater,0,3.0,3.0,3.894073247909546,1,40,0.4926058121798039,0.29362235917502577,0.39311408567741485,0,0,0.0,0,0,0,39,0,11.484309911727905,40,40,1,P1,0.4926058121798039,0.29362235917502577,0.39311408567741485
shooting,2,greedy,underwater,0,3.0,3.0,3.894073247909546,1,40,0.8491042410584237,0.4254285144629833,0.6372663777607035,0,0,0.0,0,0,0,39,0,11.356732606887817,40,40,1,P1,0.8491042410584237,0.4254285144629833,0.6372663777607035
shooting,3,greedy,underwater,0,3.0,3.0,3.894073247909546,1,40,0.8439906692184989,0.7261023825762487,0.7850465258973738,0,0,0.0,0,0,0,39,0,11.435778141021729,40,40,1,P1,0.8439906692184989,0.7261023825762487,0.7850465258973738
soapbox,1,greedy,fog,0,3.0,3.000358819961548,3.899975299835205,1,99,0.6809093983969318,0.5822650723335219,0.6315872353652268,0,0,0.0,0,0,0,98,0,29.476837873458862,99,99,1,P1,0.6809093983969318,0.5822650723335219,0.6315872353652268
soapbox,2,greedy,fog,0,3.0,3.000358819961548,3.899975299835205,1,99,0.21796362167200176,0.22999872350525988,0.22398117258863082,0,0,0.0,0,0,0,98,0,30.033186435699463,99,99,1,P1,0.21796362167200176,0.22999872350525988,0.22398117258863082
soapbox,3,greedy,fog,0,3.0,3.000358819961548,3.899975299835205,1,99,0.8532995383165508,0.7659847273984592,0.809642132857505,0,0,0.0,0,0,0,98,0,29.376190662384033,99,99,1,P1,0.8532995383165508,0.7659847273984592,0.809642132857505
soapbox,1,greedy,dust,0,3.0,3.000358819961548,3.899975299835205,1,99,0.6868391770169525,0.6042269800096731,0.6455330785133129,0,0,0.0,0,0,0,98,0,29.498059272766113,99,99,1,P1,0.6868391770169525,0.6042269800096731,0.6455330785133129
soapbox,2,greedy,dust,0,3.0,3.000358819961548,3.899975299835205,1,99,0.23239755000096107,0.24371773516412631,0.2380576425825437,0,0,0.0,0,0,0,98,0,31.80501651763916,99,99,1,P1,0.23239755000096107,0.24371773516412631,0.2380576425825437
soapbox,3,greedy,dust,0,3.0,3.000358819961548,3.899975299835205,1,99,0.886572774450453,0.8071070990369971,0.846839936743725,0,0,0.0,0,0,0,98,0,32.26564264297485,99,99,1,P1,0.886572774450453,0.8071070990369971,0.846839936743725
soapbox,1,greedy,underwater,0,3.0,3.000358819961548,3.899975299835205,1,99,0.6883532277186948,0.5919382427045771,0.640145735211636,0,0,0.0,0,0,0,98,0,31.54368782043457,99,99,1,P1,0.6883532277186948,0.5919382427045771,0.640145735211636
soapbox,2,greedy,underwater,0,3.0,3.000358819961548,3.899975299835205,1,99,0.2221184710887638,0.24672685030296707,0.23442266069586543,0,0,0.0,0,0,0,98,0,29.19746971130371,99,99,1,P1,0.2221184710887638,0.24672685030296707,0.23442266069586543
soapbox,3,greedy,underwater,0,3.0,3.000358819961548,3.899975299835205,1,99,0.8734877173932226,0.7907536285161436,0.8321206729546831,0,0,0.0,0,0,0,98,0,31.01768469810486,99,99,1,P1,0.8734877173932226,0.7907536285161436,0.8321206729546831
kite-surf,1,dagrs,clean,0,1.0,1.0,1.0,1,50,0.26588487132101546,0.6282152240850536,0.4470500477030345,10,5,0.0,0,10,0,184,0,58.85751700401306,50,50,1,P1,0.26588487132101546,0.6282152240850536,0.4470500477030345
kite-surf,2,dagrs,clean,0,1.0,1.0,1.0,1,50,0.0663206438,0.1032063838,0.08476351378,10,2,0.0,0,5,0,135,0,40.15916132926941,38,50,1.315789474,P1,0.05040368929093828,0.07843685165373268,0.06442027047233548
kite-surf,3,dagrs,clean,0,1.0,1.0,1.0,1,50,0.7266111379150594,0.6711129045081663,0.6988620212116128,10,0,0.0,0,1,0,89,0,22.758819580078125,50,50,1,P1,0.7266111379150594,0.6711129045081663,0.6988620212116128
lab-coat,1,dagrs,clean,0,1.0,1.0,1.0,1,47,0.10359393934878004,0.3481815171451676,0.2258877282469738,10,3,0.0,0,6,0,131,0,29.81146740913391,47,47,1,P1,0.10359393934878004,0.3481815171451676,0.2258877282469738
lab-coat,2,dagrs,clean,0,1.0,1.0,1.0,1,47,0.09547586738588901,0.2660585088577531,0.18076718812182108,10,4,0.0,0,8,0,140,0,35.6323447227478,47,47,1,P1,0.09547586738588901,0.2660585088577531,0.18076718812182108
lab-coat,3,dagrs,clean,0,1.0,1.0,1.0,1,47,0.9631772964742958,0.7249942409474845,0.8440857687108902,10,0,0.0,0,0,0,76,0,24.34835124015808,47,47,1,P1,0.9631772964742958,0.7249942409474845,0.8440857687108902
lab-coat,4,dagrs,clean,0,1.0,1.0,1.0,1,47,0.9271193190461513,0.6147659335850744,0.7709426263156128,10,0,0.0,0,0,0,76,0,23.449684143066406,47,47,1,P1,0.9271193190461513,0.6147659335850744,0.7709426263156128
lab-coat,5,dagrs,clean,0,1.0,1.0,1.0,1,47,0.9278972926152743,0.7316500680908115,0.8297736803530429,10,0,0.0,0,0,0,76,0,25.26673173904419,47,47,1,P1,0.9278972926152743,0.7316500680908115,0.8297736803530429
libby,1,dagrs,clean,0,1.0,1.0,1.0,1,49,0.6523009937276414,0.603698793564514,0.6279998936460777,10,4,0.0,0,9,0,180,0,50.35738492012024,49,49,1,P1,0.6523009937276414,0.603698793564514,0.6279998936460777
loading,1,dagrs,clean,0,1.0,1.0,1.0,1,50,0.9794859741861726,0.8472727962019012,0.9133793851940368,10,0,0.0,0,0,0,79,0,23.63144612312317,50,50,1,P1,0.9794859741861726,0.8472727962019012,0.9133793851940368
loading,2,dagrs,clean,0,1.0,1.0,1.0,1,50,0.8640719903466362,0.7030345519631777,0.7835532711549069,10,0,0.0,0,2,0,79,0,22.362434148788452,50,50,1,P1,0.8640719903466362,0.7030345519631777,0.7835532711549069
loading,3,dagrs,clean,0,1.0,1.0,1.0,1,50,0.9500389369031165,0.8506322893651084,0.9003356131341125,10,0,0.0,0,1,0,79,0,21.789109706878662,50,50,1,P1,0.9500389369031165,0.8506322893651084,0.9003356131341125
mbike-trick,1,dagrs,clean,0,1.0,1.0,1.0,1,79,0.6157484964329698,0.5766101025625657,0.5961792994977677,16,0,0.0,0,1,0,130,0,35.63402581214905,79,79,1,P1,0.6157484964329698,0.5766101025625657,0.5961792994977677
mbike-trick,2,dagrs,clean,0,1.0,1.0,1.0,1,79,0.867805875028944,0.6753199931516407,0.7715629340902923,16,0,0.0,0,0,0,120,0,30.84769868850708,79,79,1,P1,0.867805875028944,0.6753199931516407,0.7715629340902923
motocross-jump,1,dagrs,clean,0,1.0,1.0,1.0,1,40,0.8778050456863179,0.6963435654315928,0.7870743055589553,8,1,0.0,0,5,0,84,0,24.27341055870056,40,40,1,P1,0.8778050456863179,0.6963435654315928,0.7870743055589553
motocross-jump,2,dagrs,clean,0,1.0,1.0,1.0,1,40,0.729542578708055,0.5630012095606121,0.6462718941343335,8,2,0.0,0,5,0,83,0,20.238556385040283,40,40,1,P1,0.729542578708055,0.5630012095606121,0.6462718941343335
paragliding-launch,1,dagrs,clean,0,1.0,1.0,1.0,1,80,0.6057965129230876,0.4042216507212979,0.5050090818221927,16,0,0.0,0,0,0,121,0,31.273831605911255,80,80,1,P1,0.6057965129230876,0.4042216507212979,0.5050090818221927
paragliding-launch,2,dagrs,clean,0,1.0,1.0,1.0,1,80,0.3752869585018948,0.5714747718418329,0.47338086517186384,16,1,0.0,0,2,0,144,0,36.738099813461304,80,80,1,P1,0.3752869585018948,0.5714747718418329,0.47338086517186384
paragliding-launch,3,dagrs,clean,0,1.0,1.0,1.0,1,80,0.17342544881443994,0.357511517867653,0.26546848334104645,16,8,0.0,0,16,0,295,0,84.84393453598022,80,80,1,P1,0.17342544881443994,0.357511517867653,0.26546848334104645
parkour,1,dagrs,clean,0,1.0,1.0,1.0,1,100,0.9051178549453627,0.8314311266249971,0.8682744907851798,20,6,0.0,0,14,0,203,0,54.52358293533325,100,100,1,P1,0.9051178549453627,0.8314311266249971,0.8682744907851798
pigs,1,dagrs,clean,0,1.0,1.0,1.0,1,79,0.9262161435475662,0.788705591444432,0.8574608674959991,16,0,0.0,0,0,0,120,0,33.623578786849976,79,79,1,P1,0.9262161435475662,0.788705591444432,0.8574608674959991
pigs,2,dagrs,clean,0,1.0,1.0,1.0,1,79,0.7271645315984371,0.7146477812865019,0.7209061564424695,16,2,0.0,0,5,0,138,0,35.42676019668579,79,79,1,P1,0.7271645315984371,0.7146477812865019,0.7209061564424695
pigs,3,dagrs,clean,0,1.0,1.0,1.0,1,79,0.9488375482910916,0.7654577860390775,0.8571476671650846,16,0,0.0,0,0,0,120,0,31.067672967910767,79,79,1,P1,0.9488375482910916,0.7654577860390775,0.8571476671650846
scooter-black,1,dagrs,clean,0,1.0,1.0,1.0,1,43,0.20151851080690558,0.1949897691234904,0.19825413996519797,9,4,0.0,0,9,0,162,0,33.16187500953674,43,43,1,P1,0.20151851080690558,0.1949897691234904,0.19825413996519797
scooter-black,2,dagrs,clean,0,1.0,1.0,1.0,1,43,0.731790508267903,0.5519682626673785,0.6418793854676408,9,0,0.0,0,2,0,80,0,479.44085907936096,43,43,1,P1,0.731790508267903,0.5519682626673785,0.6418793854676408
shooting,1,dagrs,clean,0,1.0,1.0,1.0,1,40,0.20537017987278272,0.12742074023781674,0.16639546005529973,8,1,0.0,0,3,0,88,0,40.85763669013977,40,40,1,P1,0.20537017987278272,0.12742074023781674,0.16639546005529973
shooting,2,dagrs,clean,0,1.0,1.0,1.0,1,40,0.9030052768871585,0.5743588285119333,0.7386820526995459,8,0,0.0,0,1,0,65,0,16.88886857032776,40,40,1,P1,0.9030052768871585,0.5743588285119333,0.7386820526995459
shooting,3,dagrs,clean,0,1.0,1.0,1.0,1,40,0.9160367941596224,0.8222476464659983,0.8691422203128103,8,1,0.0,0,3,0,88,0,22.14960026741028,40,40,1,P1,0.9160367941596224,0.8222476464659983,0.8691422203128103
soapbox,1,dagrs,clean,0,1.0,1.0,1.0,1,99,0.6833286484678402,0.5939542209353376,0.638641434701589,20,0,0.0,0,1,0,158,0,36.180476903915405,99,99,1,P1,0.6833286484678402,0.5939542209353376,0.638641434701589
soapbox,2,dagrs,clean,0,1.0,1.0,1.0,1,99,0.33916484354380966,0.3386607979330287,0.3389128207384192,20,1,0.0,0,3,0,181,0,45.25998902320862,99,99,1,P1,0.33916484354380966,0.3386607979330287,0.3389128207384192
soapbox,3,dagrs,clean,0,1.0,1.0,1.0,1,99,0.8921062183308432,0.8071652337578956,0.8496357260443694,20,0,0.0,0,4,0,158,0,37.82225227355957,99,99,1,P1,0.8921062183308432,0.8071652337578956,0.8496357260443694
kite-surf,1,dagrs,fog,0,3.0,3.0,3.8937995433807373,1,50,0.0921204219181981,0.350200581769967,0.22116050184408254,10,2,0.0,0,4,0,125,0,41.65267014503479,50,50,1,P1,0.0921204219181981,0.350200581769967,0.22116050184408254
kite-surf,2,dagrs,fog,0,3.0,3.0,3.8937995433807373,1,50,0.0619682512,0.1403943901,0.1011813207,10,1,0.0,0,4,0,102,0,28.2608540058136,38,50,1.315789474,P1,0.047095870911047444,0.1066997364982822,0.07689780370466481
kite-surf,3,dagrs,fog,0,3.0,3.0,3.8937995433807373,1,50,0.6584055312849744,0.6222252463750798,0.640315388830027,10,1,0.0,0,4,0,98,0,25.39106297492981,50,50,1,P1,0.6584055312849744,0.6222252463750798,0.640315388830027
kite-surf,1,dagrs,dust,0,3.0,3.0,3.8937995433807373,1,50,0.2420497462823424,0.5549360431878735,0.39849289473510796,10,5,0.0,0,10,0,184,0,47.62960934638977,50,50,1,P1,0.2420497462823424,0.5549360431878735,0.39849289473510796
kite-surf,2,dagrs,dust,0,3.0,3.0,3.8937995433807373,1,50,0.06961257094,0.146657814,0.1081351925,10,2,0.0,0,4,0,125,0,31.990647077560425,38,50,1.315789474,P1,0.05290555391771665,0.11145993863907006,0.08218274627839335
kite-surf,3,dagrs,dust,0,3.0,3.0,3.8937995433807373,1,50,0.7297439812465756,0.6827868553177686,0.7062654182821722,10,0,0.0,0,2,0,89,0,23.692974090576172,50,50,1,P1,0.7297439812465756,0.6827868553177686,0.7062654182821722
kite-surf,1,dagrs,underwater,0,3.0,3.0,3.8937995433807373,1,50,0.18682291457421712,0.4405889660236247,0.3137059402989209,10,4,0.0,0,9,0,181,0,48.31068205833435,50,50,1,P1,0.18682291457421712,0.4405889660236247,0.3137059402989209
kite-surf,2,dagrs,underwater,0,3.0,3.0,3.8937995433807373,1,50,0.09351273719,0.1627342385,0.1281234878,10,3,0.0,0,7,0,148,0,39.09575653076172,38,50,1.315789474,P1,0.07106968026497566,0.12367802125453586,0.09737385075975577
kite-surf,3,dagrs,underwater,0,3.0,3.0,3.8937995433807373,1,50,0.7192231642340814,0.6730228892559811,0.6961230267450312,10,1,0.0,0,4,0,98,0,27.267183542251587,50,50,1,P1,0.7192231642340814,0.6730228892559811,0.6961230267450312
lab-coat,1,dagrs,fog,0,3.0,3.017864465713501,3.8959248065948486,1,47,0.06310055787035991,0.17082192819803046,0.1169612430341952,10,4,0.0,0,8,0,168,0,40.41235542297363,47,47,1,P1,0.06310055787035991,0.17082192819803046,0.1169612430341952
lab-coat,2,dagrs,fog,0,3.0,3.017864465713501,3.8959248065948486,1,47,0.09097762300244801,0.24370890020285554,0.16734326160265178,10,4,0.0,0,8,0,168,0,46.141178369522095,47,47,1,P1,0.09097762300244801,0.24370890020285554,0.16734326160265178
lab-coat,3,dagrs,fog,0,3.0,3.017864465713501,3.8959248065948486,1,47,0.9570826298425619,0.6839565219013166,0.8205195758719392,10,0,0.0,0,0,0,76,0,19.798656702041626,47,47,1,P1,0.9570826298425619,0.6839565219013166,0.8205195758719392
lab-coat,4,dagrs,fog,0,3.0,3.017864465713501,3.8959248065948486,1,47,0.8962483551192635,0.5131712843851949,0.7047098197522292,10,0,0.0,0,1,0,86,0,24.328271627426147,47,47,1,P1,0.8962483551192635,0.5131712843851949,0.7047098197522292
lab-coat,5,dagrs,fog,0,3.0,3.017864465713501,3.8959248065948486,1,47,0.9107539930726921,0.666641827558483,0.7886979103155876,10,0,0.0,0,1,0,86,0,22.8350510597229,47,47,1,P1,0.9107539930726921,0.666641827558483,0.7886979103155876
lab-coat,1,dagrs,dust,0,3.0,3.017864465713501,3.8959248065948486,1,47,0.0645389774282509,0.17309595291389834,0.11881746517107462,10,3,0.0,0,6,0,131,0,32.37120485305786,47,47,1,P1,0.0645389774282509,0.17309595291389834,0.11881746517107462
lab-coat,2,dagrs,dust,0,3.0,3.017864465713501,3.8959248065948486,1,47,0.06564020319783896,0.2151357008090942,0.14038795200346657,10,3,0.0,0,7,0,131,0,36.43208408355713,47,47,1,P1,0.06564020319783896,0.2151357008090942,0.14038795200346657
lab-coat,3,dagrs,dust,0,3.0,3.017864465713501,3.8959248065948486,1,47,0.9646313855635827,0.7293197688820128,0.8469755772227978,10,0,0.0,0,0,0,76,0,21.864314079284668,47,47,1,P1,0.9646313855635827,0.7293197688820128,0.8469755772227978
lab-coat,4,dagrs,dust,0,3.0,3.017864465713501,3.8959248065948486,1,47,0.913046049743308,0.5681190901224362,0.7405825699328721,10,0,0.0,0,0,0,76,0,55.48439621925354,47,47,1,P1,0.913046049743308,0.5681190901224362,0.7405825699328721
lab-coat,5,dagrs,dust,0,3.0,3.017864465713501,3.8959248065948486,1,47,0.9260004555595639,0.7265155660897791,0.8262580108246715,10,0,0.0,0,0,0,76,0,21.137418746948242,47,47,1,P1,0.9260004555595639,0.7265155660897791,0.8262580108246715
lab-coat,1,dagrs,underwater,0,3.0,3.017864465713501,3.8959248065948486,1,47,0.08187788940093346,0.20775556627752112,0.14481672783922728,10,4,0.0,0,8,0,168,0,44.254971742630005,47,47,1,P1,0.08187788940093346,0.20775556627752112,0.14481672783922728
lab-coat,2,dagrs,underwater,0,3.0,3.017864465713501,3.8959248065948486,1,47,0.10034841626386433,0.2520669588847348,0.17620768757429955,10,4,0.0,0,9,0,178,0,48.20055913925171,47,47,1,P1,0.10034841626386433,0.2520669588847348,0.17620768757429955
lab-coat,3,dagrs,underwater,0,3.0,3.017864465713501,3.8959248065948486,1,47,0.9507202789625433,0.666768323932718,0.8087443014476307,10,1,0.0,0,3,0,95,0,24.2737877368927,47,47,1,P1,0.9507202789625433,0.666768323932718,0.8087443014476307
lab-coat,4,dagrs,underwater,0,3.0,3.017864465713501,3.8959248065948486,1,47,0.8885905125451814,0.5039729044082004,0.6962817084766909,10,0,0.0,0,1,0,86,0,18.550467252731323,47,47,1,P1,0.8885905125451814,0.5039729044082004,0.6962817084766909
lab-coat,5,dagrs,underwater,0,3.0,3.017864465713501,3.8959248065948486,1,47,0.9067710931668505,0.656904887390663,0.7818379902787567,10,0,0.0,0,1,0,86,0,19.882886171340942,47,47,1,P1,0.9067710931668505,0.656904887390663,0.7818379902787567
libby,1,dagrs,fog,0,3.0,3.0134084224700928,3.8995115756988525,1,49,0.8649226932611521,0.7739038508111618,0.8194132720361569,10,4,0.0,0,9,0,128,0,24.367830276489258,49,49,1,P1,0.8649226932611521,0.7739038508111618,0.8194132720361569
libby,1,dagrs,dust,0,3.0,3.0134084224700928,3.8995115756988525,1,49,0.890655445971114,0.8157548727410726,0.8532051593560933,10,4,0.0,0,9,0,128,0,30.349196195602417,49,49,1,P1,0.890655445971114,0.8157548727410726,0.8532051593560933
libby,1,dagrs,underwater,0,3.0,3.0134084224700928,3.8995115756988525,1,49,0.8817904948967918,0.8091817510119556,0.8454861229543738,10,5,0.0,0,10,0,183,0,46.574942111968994,49,49,1,P1,0.8817904948967918,0.8091817510119556,0.8454861229543738
loading,1,dagrs,fog,0,3.0,3.0,3.8995375633239746,1,50,0.9681382053295933,0.787314472923699,0.8777263391266461,10,1,0.0,0,3,0,88,0,23.217895984649658,50,50,1,P1,0.9681382053295933,0.787314472923699,0.8777263391266461
loading,2,dagrs,fog,0,3.0,3.0,3.8995375633239746,1,50,0.8625422839099879,0.6631027407443411,0.7628225123271645,10,2,0.0,0,5,0,97,0,24.184478521347046,50,50,1,P1,0.8625422839099879,0.6631027407443411,0.7628225123271645
loading,3,dagrs,fog,0,3.0,3.0,3.8995375633239746,1,50,0.9336311071205173,0.8101692909793683,0.8719001990499429,10,1,0.0,0,3,0,88,0,25.201918601989746,50,50,1,P1,0.9336311071205173,0.8101692909793683,0.8719001990499429
loading,1,dagrs,dust,0,3.0,3.0,3.8995375633239746,1,50,0.9728775307976372,0.8048328201870298,0.8888551754923335,10,1,0.0,0,2,0,88,0,24.411243200302124,50,50,1,P1,0.9728775307976372,0.8048328201870298,0.8888551754923335
loading,2,dagrs,dust,0,3.0,3.0,3.8995375633239746,1,50,0.8418267660798936,0.6673561720532328,0.7545914690665632,10,2,0.0,0,4,0,97,0,26.183114528656006,50,50,1,P1,0.8418267660798936,0.6673561720532328,0.7545914690665632
loading,3,dagrs,dust,0,3.0,3.0,3.8995375633239746,1,50,0.9452661760609176,0.8372895838079103,0.8912778799344139,10,1,0.0,0,2,0,88,0,22.066755056381226,50,50,1,P1,0.9452661760609176,0.8372895838079103,0.8912778799344139
loading,1,dagrs,underwater,0,3.0,3.0,3.8995375633239746,1,50,0.9598624544585364,0.7305902184246976,0.845226336441617,10,1,0.0,0,2,0,88,0,23.592779636383057,50,50,1,P1,0.9598624544585364,0.7305902184246976,0.845226336441617
loading,2,dagrs,underwater,0,3.0,3.0,3.8995375633239746,1,50,0.8831276449665749,0.7010042646213571,0.792065954793966,10,2,0.0,0,5,0,97,0,23.45328640937805,50,50,1,P1,0.8831276449665749,0.7010042646213571,0.792065954793966
loading,3,dagrs,underwater,0,3.0,3.0,3.8995375633239746,1,50,0.7984866657768787,0.6985859080848837,0.7485362869308811,10,1,0.0,0,2,0,88,0,24.210402488708496,50,50,1,P1,0.7984866657768787,0.6985859080848837,0.7485362869308811
mbike-trick,1,dagrs,fog,0,3.0,2.9896240234375,3.899766206741333,1,79,0.6275893436341319,0.5804904696973527,0.6040399066657423,16,1,0.0,0,2,0,143,0,36.443140745162964,79,79,1,P1,0.6275893436341319,0.5804904696973527,0.6040399066657423
mbike-trick,2,dagrs,fog,0,3.0,2.9896240234375,3.899766206741333,1,79,0.6494060539636126,0.47133969611273613,0.5603728750381743,16,0,0.0,0,1,0,120,0,75.09022164344788,79,79,1,P1,0.6494060539636126,0.47133969611273613,0.5603728750381743
mbike-trick,1,dagrs,dust,0,3.0,2.9896240234375,3.899766206741333,1,79,0.6346994843377012,0.5846597186231933,0.6096796014804473,16,0,0.0,0,2,0,130,0,51.836017370224,79,79,1,P1,0.6346994843377012,0.5846597186231933,0.6096796014804473
mbike-trick,2,dagrs,dust,0,3.0,2.9896240234375,3.899766206741333,1,79,0.8624240750691106,0.6668122010712018,0.7646181380701562,16,0,0.0,0,1,0,130,0,27.06350302696228,79,79,1,P1,0.8624240750691106,0.6668122010712018,0.7646181380701562
mbike-trick,1,dagrs,underwater,0,3.0,2.9896240234375,3.899766206741333,1,79,0.452617063541456,0.49632036639221433,0.4744687149668352,16,1,0.0,0,3,0,143,0,28.794326066970825,79,79,1,P1,0.452617063541456,0.49632036639221433,0.4744687149668352
mbike-trick,2,dagrs,underwater,0,3.0,2.9896240234375,3.899766206741333,1,79,0.8525436523740428,0.6523943512167527,0.7524690017953978,16,1,0.0,0,5,0,139,0,26.70889377593994,79,79,1,P1,0.8525436523740428,0.6523943512167527,0.7524690017953978
motocross-jump,1,dagrs,fog,0,3.0,3.0,3.8983938694000244,1,40,0.3809952715671002,0.30544612060213555,0.3432206960846179,8,1,0.0,0,5,0,84,0,16.61793351173401,40,40,1,P1,0.3809952715671002,0.30544612060213555,0.3432206960846179
motocross-jump,2,dagrs,fog,0,3.0,3.0,3.8983938694000244,1,40,0.5621711820768102,0.3758875058444544,0.4690293439606323,8,4,0.0,0,8,0,147,0,29.198301076889038,40,40,1,P1,0.5621711820768102,0.3758875058444544,0.4690293439606323
motocross-jump,1,dagrs,dust,0,3.0,3.0,3.8983938694000244,1,40,0.38750397972062006,0.32587356674374335,0.35668877323218173,8,1,0.0,0,5,0,84,0,15.627013444900513,40,40,1,P1,0.38750397972062006,0.32587356674374335,0.35668877323218173
motocross-jump,2,dagrs,dust,0,3.0,3.0,3.8983938694000244,1,40,0.6479308247529392,0.4558746919500133,0.5519027583514762,8,4,0.0,0,8,0,147,0,35.598020792007446,40,40,1,P1,0.6479308247529392,0.4558746919500133,0.5519027583514762
motocross-jump,1,dagrs,underwater,0,3.0,3.0,3.8983938694000244,1,40,0.23004241814134313,0.264017396931158,0.24702990753625056,8,3,0.0,0,7,0,102,0,23.28897500038147,40,40,1,P1,0.23004241814134313,0.264017396931158,0.24702990753625056
motocross-jump,2,dagrs,underwater,0,3.0,3.0,3.8983938694000244,1,40,0.3064652365658572,0.21493055850266693,0.2606978975342621,8,2,0.0,0,6,0,93,0,21.428037643432617,40,40,1,P1,0.3064652365658572,0.21493055850266693,0.2606978975342621
paragliding-launch,1,dagrs,fog,0,3.0,3.0,3.899968147277832,1,80,0.6033486209132557,0.40481397417340687,0.5040812975433313,16,0,0.0,0,2,0,121,0,33.408443450927734,80,80,1,P1,0.6033486209132557,0.40481397417340687,0.5040812975433313
paragliding-launch,2,dagrs,fog,0,3.0,3.0,3.899968147277832,1,80,0.3724424980908566,0.5488897202267404,0.4606661091587985,16,1,0.0,0,3,0,144,0,37.73191475868225,80,80,1,P1,0.3724424980908566,0.5488897202267404,0.4606661091587985
paragliding-launch,3,dagrs,fog,0,3.0,3.0,3.899968147277832,1,80,0.16242302049038354,0.3150995655439462,0.23876129301716487,16,8,0.0,0,16,0,295,0,69.53753852844238,80,80,1,P1,0.16242302049038354,0.3150995655439462,0.23876129301716487
paragliding-launch,1,dagrs,dust,0,3.0,3.0,3.899968147277832,1,80,0.6017962058233147,0.4104315049786772,0.506113855400996,16,0,0.0,0,0,0,121,0,39.35757756233215,80,80,1,P1,0.6017962058233147,0.4104315049786772,0.506113855400996
paragliding-launch,2,dagrs,dust,0,3.0,3.0,3.899968147277832,1,80,0.3732483608800553,0.5538745565394049,0.4635614587097301,16,1,0.0,0,2,0,144,0,29.67790937423706,80,80,1,P1,0.3732483608800553,0.5538745565394049,0.4635614587097301
paragliding-launch,3,dagrs,dust,0,3.0,3.0,3.899968147277832,1,80,0.15802476039960398,0.31644474744422807,0.237234753921916,16,7,0.0,0,15,0,292,0,59.448034048080444,80,80,1,P1,0.15802476039960398,0.31644474744422807,0.237234753921916
paragliding-launch,1,dagrs,underwater,0,3.0,3.0,3.899968147277832,1,80,0.6198050695665069,0.42473163666796615,0.5222683531172365,16,0,0.0,0,1,0,121,0,29.210779190063477,80,80,1,P1,0.6198050695665069,0.42473163666796615,0.5222683531172365
paragliding-launch,2,dagrs,underwater,0,3.0,3.0,3.899968147277832,1,80,0.3744246147098198,0.5558794726651293,0.46515204368747454,16,1,0.0,0,2,0,144,0,33.45365762710571,80,80,1,P1,0.3744246147098198,0.5558794726651293,0.46515204368747454
paragliding-launch,3,dagrs,underwater,0,3.0,3.0,3.899968147277832,1,80,0.12779665887043334,0.28377016571032454,0.20578341229037894,16,4,0.0,0,10,0,223,0,59.63448429107666,80,80,1,P1,0.12779665887043334,0.28377016571032454,0.20578341229037894
parkour,1,dagrs,fog,0,3.0,3.000000238418579,3.8995673656463623,1,100,0.8873186127921593,0.7756241571402431,0.8314713849662012,20,8,0.0,0,17,0,329,0,85.90212488174438,100,100,1,P1,0.8873186127921593,0.7756241571402431,0.8314713849662012
parkour,1,dagrs,dust,0,3.0,3.000000238418579,3.8995673656463623,1,100,0.9014668996699523,0.8075691665442737,0.8545180331071129,20,4,0.0,0,11,0,185,0,51.54343318939209,100,100,1,P1,0.9014668996699523,0.8075691665442737,0.8545180331071129
parkour,1,dagrs,underwater,0,3.0,3.000000238418579,3.8995673656463623,1,100,0.8963151320820528,0.8036661831603272,0.84999065762119,20,7,0.0,0,15,0,212,0,48.78213572502136,100,100,1,P1,0.8963151320820528,0.8036661831603272,0.84999065762119
pigs,1,dagrs,fog,0,3.0,2.9972586631774902,3.8992199897766113,1,79,0.9047375339791258,0.7207197461628971,0.8127286400710114,16,1,0.0,0,4,0,129,0,56.66430974006653,79,79,1,P1,0.9047375339791258,0.7207197461628971,0.8127286400710114
pigs,2,dagrs,fog,0,3.0,2.9972586631774902,3.8992199897766113,1,79,0.7545947709761539,0.728646895091035,0.7416208330335945,16,3,0.0,0,8,0,147,0,35.43816614151001,79,79,1,P1,0.7545947709761539,0.728646895091035,0.7416208330335945
pigs,3,dagrs,fog,0,3.0,2.9972586631774902,3.8992199897766113,1,79,0.9545837982011035,0.7533994897782147,0.8539916439896591,16,0,0.0,0,0,0,120,0,28.76008415222168,79,79,1,P1,0.9545837982011035,0.7533994897782147,0.8539916439896591
pigs,1,dagrs,dust,0,3.0,2.9972586631774902,3.8992199897766113,1,79,0.9208520411429373,0.7793359609605556,0.8500940010517464,16,0,0.0,0,0,0,120,0,27.914265632629395,79,79,1,P1,0.9208520411429373,0.7793359609605556,0.8500940010517464
pigs,2,dagrs,dust,0,3.0,2.9972586631774902,3.8992199897766113,1,79,0.7279597736125442,0.6950633684891871,0.7115115710508657,16,3,0.0,0,7,0,147,0,33.767725229263306,79,79,1,P1,0.7279597736125442,0.6950633684891871,0.7115115710508657
pigs,3,dagrs,dust,0,3.0,2.9972586631774902,3.8992199897766113,1,79,0.9597700131213839,0.7828108849916383,0.8712904490565111,16,0,0.0,0,0,0,120,0,28.268615245819092,79,79,1,P1,0.9597700131213839,0.7828108849916383,0.8712904490565111
pigs,1,dagrs,underwater,0,3.0,2.9972586631774902,3.8992199897766113,1,79,0.9169211041523035,0.7687999075033907,0.8428605058278471,16,1,0.0,0,2,0,129,0,24.44521427154541,79,79,1,P1,0.9169211041523035,0.7687999075033907,0.8428605058278471
pigs,2,dagrs,underwater,0,3.0,2.9972586631774902,3.8992199897766113,1,79,0.7049056354625243,0.690475213381413,0.6976904244219686,16,3,0.0,0,7,0,147,0,35.28128480911255,79,79,1,P1,0.7049056354625243,0.690475213381413,0.6976904244219686
pigs,3,dagrs,underwater,0,3.0,2.9972586631774902,3.8992199897766113,1,79,0.946574629514269,0.7342570437391347,0.8404158366267018,16,0,0.0,0,0,0,120,0,27.891420125961304,79,79,1,P1,0.946574629514269,0.7342570437391347,0.8404158366267018
scooter-black,1,dagrs,fog,0,3.0,2.9869327545166016,3.8900890350341797,1,43,0.3120473074584468,0.3323121562994543,0.32217973187895055,9,2,0.0,0,4,0,116,0,27.81682586669922,43,43,1,P1,0.3120473074584468,0.3323121562994543,0.32217973187895055
scooter-black,2,dagrs,fog,0,3.0,2.9869327545166016,3.8900890350341797,1,43,0.7267155815182813,0.5507035342902383,0.6387095579042599,9,1,0.0,0,3,0,89,0,21.622267961502075,43,43,1,P1,0.7267155815182813,0.5507035342902383,0.6387095579042599
scooter-black,1,dagrs,dust,0,3.0,2.9869327545166016,3.8900890350341797,1,43,0.33881265427161505,0.3859674222282861,0.3623900382499506,9,2,0.0,0,4,0,116,0,25.291263818740845,43,43,1,P1,0.33881265427161505,0.3859674222282861,0.3623900382499506
scooter-black,2,dagrs,dust,0,3.0,2.9869327545166016,3.8900890350341797,1,43,0.733682232678837,0.5602475595350047,0.6469648961069209,9,1,0.0,0,3,0,89,0,20.461092472076416,43,43,1,P1,0.733682232678837,0.5602475595350047,0.6469648961069209
scooter-black,1,dagrs,underwater,0,3.0,2.9869327545166016,3.8900890350341797,1,43,0.25516629150077746,0.2834820876093466,0.26932418955506204,9,1,0.0,0,3,0,103,0,26.76176691055298,43,43,1,P1,0.25516629150077746,0.2834820876093466,0.26932418955506204
scooter-black,2,dagrs,underwater,0,3.0,2.9869327545166016,3.8900890350341797,1,43,0.7359711775149452,0.5542638471183493,0.6451175123166473,9,1,0.0,0,3,0,103,0,27.24839448928833,43,43,1,P1,0.7359711775149452,0.5542638471183493,0.6451175123166473
shooting,1,dagrs,fog,0,3.0,3.0,3.894073247909546,1,40,0.15297674675266135,0.07261616192257289,0.11279645433761712,8,3,0.0,0,6,0,134,0,33.57320952415466,40,40,1,P1,0.15297674675266135,0.07261616192257289,0.11279645433761712
shooting,2,dagrs,fog,0,3.0,3.0,3.894073247909546,1,40,0.8345411203003577,0.45096138796961255,0.6427512541349851,8,2,0.0,0,5,0,107,0,25.675403833389282,40,40,1,P1,0.8345411203003577,0.45096138796961255,0.6427512541349851
shooting,3,dagrs,fog,0,3.0,3.0,3.894073247909546,1,40,0.8730494231170243,0.7537268527747871,0.8133881379459057,8,3,0.0,0,7,0,134,0,33.95856595039368,40,40,1,P1,0.8730494231170243,0.7537268527747871,0.8133881379459057
shooting,1,dagrs,dust,0,3.0,3.0,3.894073247909546,1,40,0.09597723510574373,0.07747682568923953,0.08672703039749163,8,2,0.0,0,4,0,111,0,29.9031982421875,40,40,1,P1,0.09597723510574373,0.07747682568923953,0.08672703039749163
shooting,2,dagrs,dust,0,3.0,3.0,3.894073247909546,1,40,0.8463377467320001,0.47871957772896023,0.6625286622304802,8,2,0.0,0,4,0,111,0,31.329948663711548,40,40,1,P1,0.8463377467320001,0.47871957772896023,0.6625286622304802
shooting,3,dagrs,dust,0,3.0,3.0,3.894073247909546,1,40,0.9113641877984057,0.8013800821357873,0.8563721349670965,8,2,0.0,0,5,0,97,0,28.18623948097229,40,40,1,P1,0.9113641877984057,0.8013800821357873,0.8563721349670965
shooting,1,dagrs,underwater,0,3.0,3.0,3.894073247909546,1,40,0.18242117672279975,0.09036666682764964,0.1363939217752247,8,2,0.0,0,5,0,97,0,29.001293659210205,40,40,1,P1,0.18242117672279975,0.09036666682764964,0.1363939217752247
shooting,2,dagrs,underwater,0,3.0,3.0,3.894073247909546,1,40,0.847214649497247,0.4437167116530441,0.6454656805751455,8,3,0.0,0,6,0,134,0,41.27800178527832,40,40,1,P1,0.847214649497247,0.4437167116530441,0.6454656805751455
shooting,3,dagrs,underwater,0,3.0,3.0,3.894073247909546,1,40,0.8368765683776743,0.7230252148943083,0.7799508916359913,8,3,0.0,0,7,0,134,0,40.91518044471741,40,40,1,P1,0.8368765683776743,0.7230252148943083,0.7799508916359913
soapbox,1,dagrs,fog,0,3.0,3.000358819961548,3.899975299835205,1,99,0.6827714728551841,0.5902214788168857,0.636496475836035,20,0,0.0,0,1,0,158,0,114.24906849861145,99,99,1,P1,0.6827714728551841,0.5902214788168857,0.636496475836035
soapbox,2,dagrs,fog,0,3.0,3.000358819961548,3.899975299835205,1,99,0.23011304782199668,0.2406102413673955,0.2353616445946961,20,1,0.0,0,3,0,171,0,39.369077920913696,99,99,1,P1,0.23011304782199668,0.2406102413673955,0.2353616445946961
soapbox,3,dagrs,fog,0,3.0,3.000358819961548,3.899975299835205,1,99,0.8544355293059533,0.7600846538813811,0.8072600915936672,20,2,0.0,0,8,0,176,0,37.4634804725647,99,99,1,P1,0.8544355293059533,0.7600846538813811,0.8072600915936672
soapbox,1,dagrs,dust,0,3.0,3.000358819961548,3.899975299835205,1,99,0.6920829355642885,0.6146418934489046,0.6533624145065966,20,0,0.0,0,1,0,158,0,44.608986139297485,99,99,1,P1,0.6920829355642885,0.6146418934489046,0.6533624145065966
soapbox,2,dagrs,dust,0,3.0,3.000358819961548,3.899975299835205,1,99,0.23441000431980422,0.24919825101050802,0.24180412766515613,20,1,0.0,0,2,0,171,0,47.37795400619507,99,99,1,P1,0.23441000431980422,0.24919825101050802,0.24180412766515613
soapbox,3,dagrs,dust,0,3.0,3.000358819961548,3.899975299835205,1,99,0.8832045485796362,0.7982276887570653,0.8407161186683507,20,0,0.0,0,5,0,158,0,41.52082848548889,99,99,1,P1,0.8832045485796362,0.7982276887570653,0.8407161186683507
soapbox,1,dagrs,underwater,0,3.0,3.000358819961548,3.899975299835205,1,99,0.6895428860889149,0.5920173107251316,0.6407800984070233,20,1,0.0,0,3,0,171,0,47.754332542419434,99,99,1,P1,0.6895428860889149,0.5920173107251316,0.6407800984070233
soapbox,2,dagrs,underwater,0,3.0,3.000358819961548,3.899975299835205,1,99,0.23913809512786735,0.2606257549406406,0.249881925034254,20,2,0.0,0,4,0,180,0,49.34929347038269,99,99,1,P1,0.23913809512786735,0.2606257549406406,0.249881925034254
soapbox,3,dagrs,underwater,0,3.0,3.000358819961548,3.899975299835205,1,99,0.8791482112114453,0.8021092529654312,0.8406287320884382,20,3,0.0,0,8,0,185,0,48.04515218734741,99,99,1,P1,0.8791482112114453,0.8021092529654312,0.8406287320884382
camel,1,sam2video,clean,0,1.0,1.0,1.0,1,90,0.9794561599596595,0.9178449538052423,0.9486505568824509,0,0,0.0,0,0,0,92,0,16.36915898323059,90,90,1,P1,0.9794561599596595,0.9178449538052423,0.9486505568824509
car-roundabout,1,sam2video,clean,0,1.0,1.0,1.0,1,75,0.9881604817612061,0.884926859759458,0.9365436707603321,0,0,0.0,0,0,0,77,0,11.500951290130615,75,75,1,P1,0.9881604817612061,0.884926859759458,0.9365436707603321
car-shadow,1,sam2video,clean,0,1.0,1.0,1.0,1,40,0.97688306504143,0.8718000097776551,0.9243415374095425,0,0,0.0,0,0,0,42,0,6.105594873428345,40,40,1,P1,0.97688306504143,0.8718000097776551,0.9243415374095425
cows,1,sam2video,clean,0,1.0,1.0,1.0,1,104,0.97477646004478,0.8899253722578796,0.9323509161513298,0,0,0.0,0,0,0,106,0,16.075681924819946,104,104,1,P1,0.97477646004478,0.8899253722578796,0.9323509161513298
dance-twirl,1,sam2video,clean,0,1.0,1.0,1.0,1,90,0.9473425492255559,0.8288454775375368,0.8880940133815464,0,0,0.0,0,0,0,92,0,13.92043662071228,90,90,1,P1,0.9473425492255559,0.8288454775375368,0.8880940133815464
dog,1,sam2video,clean,0,1.0,1.0,1.0,1,60,0.9656821827372171,0.8136555936430655,0.8896688881901413,0,0,0.0,0,0,0,62,0,9.293710947036743,60,60,1,P1,0.9656821827372171,0.8136555936430655,0.8896688881901413
dogs-jump,1,sam2video,clean,0,1.0,1.0,1.0,1,66,0.927942952981792,0.812234578374295,0.8700887656780435,0,0,0.0,0,0,0,68,0,10.129011392593384,66,66,1,P1,0.927942952981792,0.812234578374295,0.8700887656780435
dogs-jump,2,sam2video,clean,0,1.0,1.0,1.0,1,66,0.9513911058148236,0.8436354295717311,0.8975132676932773,0,0,0.0,0,0,0,68,0,10.06801438331604,66,66,1,P1,0.9513911058148236,0.8436354295717311,0.8975132676932773
dogs-jump,3,sam2video,clean,0,1.0,1.0,1.0,1,66,0.9537502490807594,0.8949701808618915,0.9243602149713255,0,0,0.0,0,0,0,68,0,10.099482536315918,66,66,1,P1,0.9537502490807594,0.8949701808618915,0.9243602149713255
drift-chicane,1,sam2video,clean,0,1.0,1.0,1.0,1,52,0.9236513787065802,0.7919463649656839,0.857798871836132,0,0,0.0,0,0,0,54,0,7.968441724777222,52,52,1,P1,0.9236513787065802,0.7919463649656839,0.857798871836132
drift-straight,1,sam2video,clean,0,1.0,1.0,1.0,1,50,0.9694405371211222,0.8117222611572038,0.890581399139163,0,0,0.0,0,0,0,52,0,7.61974310874939,50,50,1,P1,0.9694405371211222,0.8117222611572038,0.890581399139163
goat,1,sam2video,clean,0,1.0,1.0,1.0,1,90,0.9322967759716262,0.7357093961979589,0.8340030860847926,0,0,0.0,0,0,0,92,0,13.775905132293701,90,90,1,P1,0.9322967759716262,0.7357093961979589,0.8340030860847926
gold-fish,1,sam2video,clean,0,1.0,1.0,1.0,1,78,0.9285092768588188,0.7836923095753989,0.8561007932171089,0,0,0.0,0,0,0,80,0,11.913060665130615,78,78,1,P1,0.9285092768588188,0.7836923095753989,0.8561007932171089
gold-fish,2,sam2video,clean,0,1.0,1.0,1.0,1,78,0.9246641533351135,0.8301379438661051,0.8774010486006093,0,0,0.0,0,0,0,80,0,11.829381465911865,78,78,1,P1,0.9246641533351135,0.8301379438661051,0.8774010486006093
gold-fish,3,sam2video,clean,0,1.0,1.0,1.0,1,78,0.9289585015775785,0.8069933204170364,0.8679759109973075,0,0,0.0,0,0,0,80,0,11.990870714187622,78,78,1,P1,0.9289585015775785,0.8069933204170364,0.8679759109973075
gold-fish,4,sam2video,clean,0,1.0,1.0,1.0,1,78,0.9497730288870881,0.8612460632277013,0.9055095460573948,0,0,0.0,0,0,0,80,0,11.837334632873535,78,78,1,P1,0.9497730288870881,0.8612460632277013,0.9055095460573948
gold-fish,5,sam2video,clean,0,1.0,1.0,1.0,1,78,0.9633390316705592,0.8384726365896412,0.9009058341301002,0,0,0.0,0,0,0,80,0,11.921839952468872,78,78,1,P1,0.9633390316705592,0.8384726365896412,0.9009058341301002
india,1,sam2video,clean,0,1.0,1.0,1.0,1,62,0.9286246295875334,0.7224050117935412,0.8255148206905374,0,0,0.0,0,0,0,83,0,12.365711688995361,62,81,1,P1,0.9286246295875334,0.7224050117935412,0.8255148206905374
india,2,sam2video,clean,0,1.0,1.0,1.0,1,67,0.7188775620417254,0.5815677900769072,0.6502226760593163,0,0,0.0,0,0,0,83,0,12.357929229736328,67,81,1,P1,0.7188775620417254,0.5815677900769072,0.6502226760593163
india,3,sam2video,clean,0,1.0,1.0,1.0,1,71,0.8921544977374122,0.7141415293813633,0.8031480135593878,0,0,0.0,0,0,0,83,0,12.361229419708252,71,81,1,P1,0.8921544977374122,0.7141415293813633,0.8031480135593878
judo,1,sam2video,clean,0,1.0,1.0,1.0,1,34,0.9304667829884403,0.8195973770075071,0.8750320799979737,0,0,0.0,0,0,0,36,0,5.170024633407593,34,34,1,P1,0.9304667829884403,0.8195973770075071,0.8750320799979737
judo,2,sam2video,clean,0,1.0,1.0,1.0,1,34,0.8828304858106478,0.709842473092103,0.7963364794513754,0,0,0.0,0,0,0,36,0,5.154152154922485,34,34,1,P1,0.8828304858106478,0.709842473092103,0.7963364794513754
bike-packing,1,sam2video,fog,0,3.0,3.0022406578063965,3.8971047401428223,1,69,0.8093760740975903,0.6365134481232813,0.7229447611104358,0,0,0.0,0,0,0,71,0,13.491889953613281,69,69,1,P1,0.8093760740975903,0.6365134481232813,0.7229447611104358
bike-packing,2,sam2video,fog,0,3.0,3.0022406578063965,3.8971047401428223,1,69,0.9226829144967373,0.7472068490557696,0.8349448817762535,0,0,0.0,0,0,0,71,0,10.526394367218018,69,69,1,P1,0.9226829144967373,0.7472068490557696,0.8349448817762535
bike-packing,1,sam2video,dust,0,3.0,3.0022406578063965,3.8971047401428223,1,69,0.8534962013163813,0.677879451203332,0.7656878262598567,0,0,0.0,0,0,0,71,0,10.655556440353394,69,69,1,P1,0.8534962013163813,0.677879451203332,0.7656878262598567
bike-packing,2,sam2video,dust,0,3.0,3.0022406578063965,3.8971047401428223,1,69,0.9366002141473906,0.7822720335070571,0.8594361238272239,0,0,0.0,0,0,0,71,0,11.141438961029053,69,69,1,P1,0.9366002141473906,0.7822720335070571,0.8594361238272239
bike-packing,1,sam2video,underwater,0,3.0,3.0022406578063965,3.8971047401428223,1,69,0.7753057493133122,0.6347658254265337,0.7050357873699229,0,0,0.0,0,0,0,71,0,10.632141828536987,69,69,1,P1,0.7753057493133122,0.6347658254265337,0.7050357873699229
bike-packing,2,sam2video,underwater,0,3.0,3.0022406578063965,3.8971047401428223,1,69,0.9203604057906908,0.7522729900220524,0.8363166979063716,0,0,0.0,0,0,0,71,0,10.568902730941772,69,69,1,P1,0.9203604057906908,0.7522729900220524,0.8363166979063716
blackswan,1,sam2video,fog,0,3.0,3.0,3.898238182067871,1,50,0.9473169495484826,0.7903633879619063,0.8688401687551944,0,0,0.0,0,0,0,52,0,7.578347682952881,50,50,1,P1,0.9473169495484826,0.7903633879619063,0.8688401687551944
blackswan,1,sam2video,dust,0,3.0,3.0,3.898238182067871,1,50,0.9574848322929911,0.8332804840245939,0.8953826581587925,0,0,0.0,0,0,0,52,0,8.183789491653442,50,50,1,P1,0.9574848322929911,0.8332804840245939,0.8953826581587925
blackswan,1,sam2video,underwater,0,3.0,3.0,3.898238182067871,1,50,0.9568308646695901,0.8304267000029811,0.8936287823362856,0,0,0.0,0,0,0,52,0,8.01186728477478,50,50,1,P1,0.9568308646695901,0.8304267000029811,0.8936287823362856
bmx-trees,1,sam2video,fog,0,3.0,3.0,3.8998892307281494,1,80,0.5418142713860522,0.6823712706070448,0.6120927709965485,0,0,0.0,0,0,0,82,0,12.665600776672363,80,80,1,P1,0.5418142713860522,0.6823712706070448,0.6120927709965485
bmx-trees,2,sam2video,fog,0,3.0,3.0,3.8998892307281494,1,80,0.7964644101238528,0.762480716433616,0.7794725632787345,0,0,0.0,0,0,0,82,0,12.764288187026978,80,80,1,P1,0.7964644101238528,0.762480716433616,0.7794725632787345
bmx-trees,1,sam2video,dust,0,3.0,3.0,3.8998892307281494,1,80,0.5752030520016556,0.722216073494655,0.6487095627481553,0,0,0.0,0,0,0,82,0,13.186933279037476,80,80,1,P1,0.5752030520016556,0.722216073494655,0.6487095627481553
bmx-trees,2,sam2video,dust,0,3.0,3.0,3.8998892307281494,1,80,0.8092352507162136,0.7875628999888533,0.7983990753525334,0,0,0.0,0,0,0,82,0,12.535646677017212,80,80,1,P1,0.8092352507162136,0.7875628999888533,0.7983990753525334
bmx-trees,1,sam2video,underwater,0,3.0,3.0,3.8998892307281494,1,80,0.5506158308228077,0.693322214572449,0.6219690226976284,0,0,0.0,0,0,0,82,0,12.89604902267456,80,80,1,P1,0.5506158308228077,0.693322214572449,0.6219690226976284
bmx-trees,2,sam2video,underwater,0,3.0,3.0,3.8998892307281494,1,80,0.8001329521930888,0.7742698966137512,0.78720142440342,0,0,0.0,0,0,0,82,0,12.983263731002808,80,80,1,P1,0.8001329521930888,0.7742698966137512,0.78720142440342
breakdance,1,sam2video,fog,0,3.0,3.000000238418579,3.8995096683502197,1,84,0.9488078892319581,0.8186747334384984,0.8837413113352283,0,0,0.0,0,0,0,86,0,12.799910068511963,84,84,1,P1,0.9488078892319581,0.8186747334384984,0.8837413113352283
breakdance,1,sam2video,dust,0,3.0,3.000000238418579,3.8995096683502197,1,84,0.9627646273583459,0.8541414790247315,0.9084530531915387,0,0,0.0,0,0,0,86,0,13.334101676940918,84,84,1,P1,0.9627646273583459,0.8541414790247315,0.9084530531915387
breakdance,1,sam2video,underwater,0,3.0,3.000000238418579,3.8995096683502197,1,84,0.9570636997533313,0.845436825352723,0.9012502625530272,0,0,0.0,0,0,0,86,0,12.914870977401733,84,84,1,P1,0.9570636997533313,0.845436825352723,0.9012502625530272
camel,1,sam2video,fog,0,3.0,3.0,3.899909496307373,1,90,0.9751202632061088,0.9006222238065404,0.9378712435063246,0,0,0.0,0,0,0,92,0,13.7299063205719,90,90,1,P1,0.9751202632061088,0.9006222238065404,0.9378712435063246
camel,1,sam2video,dust,0,3.0,3.0,3.899909496307373,1,90,0.9790685684982556,0.9163153297889337,0.9476919491435947,0,0,0.0,0,0,0,92,0,14.215697288513184,90,90,1,P1,0.9790685684982556,0.9163153297889337,0.9476919491435947
camel,1,sam2video,underwater,0,3.0,3.0,3.899909496307373,1,90,0.9766448111555179,0.9103201458668251,0.9434824785111715,0,0,0.0,0,0,0,92,0,14.573617219924927,90,90,1,P1,0.9766448111555179,0.9103201458668251,0.9434824785111715
car-roundabout,1,sam2video,fog,0,3.0,3.005295515060425,3.8974721431732178,1,75,0.9859385170799476,0.8659077724867045,0.925923144783326,0,0,0.0,0,0,0,77,0,11.891557216644287,75,75,1,P1,0.9859385170799476,0.8659077724867045,0.925923144783326
car-roundabout,1,sam2video,dust,0,3.0,3.005295515060425,3.8974721431732178,1,75,0.9875695121121847,0.8792968824977981,0.9334331973049914,0,0,0.0,0,0,0,77,0,11.618188381195068,75,75,1,P1,0.9875695121121847,0.8792968824977981,0.9334331973049914
car-roundabout,1,sam2video,underwater,0,3.0,3.005295515060425,3.8974721431732178,1,75,0.987703029853534,0.8806472211413433,0.9341751254974386,0,0,0.0,0,0,0,77,0,11.634798526763916,75,75,1,P1,0.987703029853534,0.8806472211413433,0.9341751254974386
car-shadow,1,sam2video,fog,0,3.0,3.0,3.8968522548675537,1,40,0.9729160900211771,0.8490934793351099,0.9110047846781435,0,0,0.0,0,0,0,42,0,6.337104558944702,40,40,1,P1,0.9729160900211771,0.8490934793351099,0.9110047846781435
car-shadow,1,sam2video,dust,0,3.0,3.0,3.8968522548675537,1,40,0.9757468225504461,0.8648765777939029,0.9203117001721746,0,0,0.0,0,0,0,42,0,6.199571847915649,40,40,1,P1,0.9757468225504461,0.8648765777939029,0.9203117001721746
car-shadow,1,sam2video,underwater,0,3.0,3.0,3.8968522548675537,1,40,0.9741103331474743,0.8541605207870309,0.9141354269672526,0,0,0.0,0,0,0,42,0,6.168634653091431,40,40,1,P1,0.9741103331474743,0.8541605207870309,0.9141354269672526
cows,1,sam2video,fog,0,3.0,3.0,3.899272918701172,1,104,0.9690991586723285,0.8659572422932356,0.917528200482782,0,0,0.0,0,0,0,106,0,15.85814905166626,104,104,1,P1,0.9690991586723285,0.8659572422932356,0.917528200482782
cows,1,sam2video,dust,0,3.0,3.0,3.899272918701172,1,104,0.9744341972632117,0.8886856678968456,0.9315599325800286,0,0,0.0,0,0,0,106,0,15.90375018119812,104,104,1,P1,0.9744341972632117,0.8886856678968456,0.9315599325800286
cows,1,sam2video,underwater,0,3.0,3.0,3.899272918701172,1,104,0.9741825970066388,0.887288691545357,0.9307356442759979,0,0,0.0,0,0,0,106,0,16.119954347610474,104,104,1,P1,0.9741825970066388,0.887288691545357,0.9307356442759979
dance-twirl,1,sam2video,fog,0,3.0,3.0,3.8980700969696045,1,90,0.9341026301587768,0.7944029279423587,0.8642527790505677,0,0,0.0,0,0,0,92,0,13.902985334396362,90,90,1,P1,0.9341026301587768,0.7944029279423587,0.8642527790505677
dance-twirl,1,sam2video,dust,0,3.0,3.0,3.8980700969696045,1,90,0.944667693766616,0.8238293107701327,0.8842485022683744,0,0,0.0,0,0,0,92,0,13.750000238418579,90,90,1,P1,0.944667693766616,0.8238293107701327,0.8842485022683744
dance-twirl,1,sam2video,underwater,0,3.0,3.0,3.8980700969696045,1,90,0.9413740450424432,0.8162939296105785,0.8788339873265107,0,0,0.0,0,0,0,92,0,13.733043670654297,90,90,1,P1,0.9413740450424432,0.8162939296105785,0.8788339873265107
dog,1,sam2video,fog,0,3.0,2.999999761581421,3.896777629852295,1,60,0.9470842398913687,0.7354258754143671,0.8412550576528679,0,0,0.0,0,0,0,62,0,9.336877584457397,60,60,1,P1,0.9470842398913687,0.7354258754143671,0.8412550576528679
dog,1,sam2video,dust,0,3.0,2.999999761581421,3.896777629852295,1,60,0.9596765581493695,0.7858372674625396,0.8727569128059545,0,0,0.0,0,0,0,62,0,9.33698296546936,60,60,1,P1,0.9596765581493695,0.7858372674625396,0.8727569128059545
dog,1,sam2video,underwater,0,3.0,2.999999761581421,3.896777629852295,1,60,0.9533997652390634,0.7641599658184413,0.8587798655287524,0,0,0.0,0,0,0,62,0,9.367960929870605,60,60,1,P1,0.9533997652390634,0.7641599658184413,0.8587798655287524
dogs-jump,1,sam2video,fog,0,3.0,3.000000238418579,3.8983314037323,1,66,0.8869379150506785,0.74856032456496,0.8177491198078193,0,0,0.0,0,0,0,68,0,10.071157693862915,66,66,1,P1,0.8869379150506785,0.74856032456496,0.8177491198078193
dogs-jump,2,sam2video,fog,0,3.0,3.000000238418579,3.8983314037323,1,66,0.9249951369360198,0.7699677347103724,0.8474814358231961,0,0,0.0,0,0,0,68,0,10.306105613708496,66,66,1,P1,0.9249951369360198,0.7699677347103724,0.8474814358231961
dogs-jump,3,sam2video,fog,0,3.0,3.000000238418579,3.8983314037323,1,66,0.9306106109054311,0.864105013803648,0.8973578123545396,0,0,0.0,0,0,0,68,0,10.142874717712402,66,66,1,P1,0.9306106109054311,0.864105013803648,0.8973578123545396
dogs-jump,1,sam2video,dust,0,3.0,3.000000238418579,3.8983314037323,1,66,0.9157153966158837,0.7955918505672573,0.8556536235915706,0,0,0.0,0,0,0,68,0,10.101187944412231,66,66,1,P1,0.9157153966158837,0.7955918505672573,0.8556536235915706
dogs-jump,2,sam2video,dust,0,3.0,3.000000238418579,3.8983314037323,1,66,0.946417479704433,0.8265796946357996,0.8864985871701163,0,0,0.0,0,0,0,68,0,10.018410682678223,66,66,1,P1,0.946417479704433,0.8265796946357996,0.8864985871701163
dogs-jump,3,sam2video,dust,0,3.0,3.000000238418579,3.8983314037323,1,66,0.9473191097855024,0.8852125449826659,0.9162658273840841,0,0,0.0,0,0,0,68,0,10.092649221420288,66,66,1,P1,0.9473191097855024,0.8852125449826659,0.9162658273840841
dogs-jump,1,sam2video,underwater,0,3.0,3.000000238418579,3.8983314037323,1,66,0.8995706318710781,0.7802857395560092,0.8399281857135437,0,0,0.0,0,0,0,68,0,10.031392812728882,66,66,1,P1,0.8995706318710781,0.7802857395560092,0.8399281857135437
dogs-jump,2,sam2video,underwater,0,3.0,3.000000238418579,3.8983314037323,1,66,0.9440396490131042,0.8238516407896826,0.8839456449013934,0,0,0.0,0,0,0,68,0,10.085854053497314,66,66,1,P1,0.9440396490131042,0.8238516407896826,0.8839456449013934
dogs-jump,3,sam2video,underwater,0,3.0,3.000000238418579,3.8983314037323,1,66,0.9468178921899016,0.887932715600774,0.9173753038953378,0,0,0.0,0,0,0,68,0,10.147234439849854,66,66,1,P1,0.9468178921899016,0.887932715600774,0.9173753038953378
drift-chicane,1,sam2video,fog,0,3.0,2.999999761581421,3.8997039794921875,1,52,0.9165084423998446,0.7718829356737923,0.8441956890368185,0,0,0.0,0,0,0,54,0,7.897664308547974,52,52,1,P1,0.9165084423998446,0.7718829356737923,0.8441956890368185
drift-chicane,1,sam2video,dust,0,3.0,2.999999761581421,3.8997039794921875,1,52,0.9250707620776967,0.7984498481590113,0.861760305118354,0,0,0.0,0,0,0,54,0,8.022044897079468,52,52,1,P1,0.9250707620776967,0.7984498481590113,0.861760305118354
drift-chicane,1,sam2video,underwater,0,3.0,2.999999761581421,3.8997039794921875,1,52,0.915404474725389,0.7718098103257395,0.8436071425255642,0,0,0.0,0,0,0,54,0,7.8810625076293945,52,52,1,P1,0.915404474725389,0.7718098103257395,0.8436071425255642
drift-straight,1,sam2video,fog,0,3.0,3.0,3.899984836578369,1,50,0.9585148982143462,0.7579622169129274,0.8582385575636369,0,0,0.0,0,0,0,52,0,7.639481544494629,50,50,1,P1,0.9585148982143462,0.7579622169129274,0.8582385575636369
drift-straight,1,sam2video,dust,0,3.0,3.0,3.899984836578369,1,50,0.96603206084266,0.7945590683673202,0.8802955646049901,0,0,0.0,0,0,0,52,0,7.598252773284912,50,50,1,P1,0.96603206084266,0.7945590683673202,0.8802955646049901
drift-straight,1,sam2video,underwater,0,3.0,3.0,3.899984836578369,1,50,0.9591968593974235,0.7746478229752088,0.8669223411863162,0,0,0.0,0,0,0,52,0,7.606354236602783,50,50,1,P1,0.9591968593974235,0.7746478229752088,0.8669223411863162
goat,1,sam2video,fog,0,3.0,3.0,3.8992443084716797,1,90,0.9095258184210934,0.6649748273811814,0.7872503229011374,0,0,0.0,0,0,0,92,0,13.744459390640259,90,90,1,P1,0.9095258184210934,0.6649748273811814,0.7872503229011374
goat,1,sam2video,dust,0,3.0,3.0,3.8992443084716797,1,90,0.9269651282836254,0.7208549916079647,0.8239100599457951,0,0,0.0,0,0,0,92,0,13.839681148529053,90,90,1,P1,0.9269651282836254,0.7208549916079647,0.8239100599457951
goat,1,sam2video,underwater,0,3.0,3.0,3.8992443084716797,1,90,0.9204085718015358,0.704116416844579,0.8122624943230574,0,0,0.0,0,0,0,92,0,13.827989339828491,90,90,1,P1,0.9204085718015358,0.704116416844579,0.8122624943230574
gold-fish,1,sam2video,fog,0,3.0,2.999999761581421,3.899493455886841,1,78,0.8854783793597358,0.7007868414497564,0.7931326104047461,0,0,0.0,0,0,0,80,0,12.106202363967896,78,78,1,P1,0.8854783793597358,0.7007868414497564,0.7931326104047461
gold-fish,2,sam2video,fog,0,3.0,2.999999761581421,3.899493455886841,1,78,0.854535521589136,0.7455631715092773,0.8000493465492067,0,0,0.0,0,0,0,80,0,11.924482822418213,78,78,1,P1,0.854535521589136,0.7455631715092773,0.8000493465492067
gold-fish,3,sam2video,fog,0,3.0,2.999999761581421,3.899493455886841,1,78,0.8607879182544088,0.7109242543261832,0.785856086290296,0,0,0.0,0,0,0,80,0,11.941541910171509,78,78,1,P1,0.8607879182544088,0.7109242543261832,0.785856086290296
gold-fish,4,sam2video,fog,0,3.0,2.999999761581421,3.899493455886841,1,78,0.9072837208062234,0.7682835968257533,0.8377836588159884,0,0,0.0,0,0,0,80,0,11.885404109954834,78,78,1,P1,0.9072837208062234,0.7682835968257533,0.8377836588159884
gold-fish,5,sam2video,fog,0,3.0,2.999999761581421,3.899493455886841,1,78,0.9082267859945927,0.7001667227386377,0.8041967543666152,0,0,0.0,0,0,0,80,0,12.083509922027588,78,78,1,P1,0.9082267859945927,0.7001667227386377,0.8041967543666152
gold-fish,1,sam2video,dust,0,3.0,2.999999761581421,3.899493455886841,1,78,0.9184540263551033,0.7621805573442587,0.8403172918496811,0,0,0.0,0,0,0,80,0,11.864693641662598,78,78,1,P1,0.9184540263551033,0.7621805573442587,0.8403172918496811
gold-fish,2,sam2video,dust,0,3.0,2.999999761581421,3.899493455886841,1,78,0.9026127814770181,0.7998057923980665,0.8512092869375423,0,0,0.0,0,0,0,80,0,12.079165935516357,78,78,1,P1,0.9026127814770181,0.7998057923980665,0.8512092869375423
gold-fish,3,sam2video,dust,0,3.0,2.999999761581421,3.899493455886841,1,78,0.9067391329277174,0.7780344309240806,0.842386781925899,0,0,0.0,0,0,0,80,0,12.100474119186401,78,78,1,P1,0.9067391329277174,0.7780344309240806,0.842386781925899
gold-fish,4,sam2video,dust,0,3.0,2.999999761581421,3.899493455886841,1,78,0.9411145756510717,0.8411694443958874,0.8911420100234795,0,0,0.0,0,0,0,80,0,11.889404773712158,78,78,1,P1,0.9411145756510717,0.8411694443958874,0.8911420100234795
gold-fish,5,sam2video,dust,0,3.0,2.999999761581421,3.899493455886841,1,78,0.9392686644652891,0.7906503417343087,0.864959503099799,0,0,0.0,0,0,0,80,0,12.057544231414795,78,78,1,P1,0.9392686644652891,0.7906503417343087,0.864959503099799
gold-fish,1,sam2video,underwater,0,3.0,2.999999761581421,3.899493455886841,1,78,0.9067533645645668,0.7402403972573367,0.8234968809109517,0,0,0.0,0,0,0,80,0,12.029185771942139,78,78,1,P1,0.9067533645645668,0.7402403972573367,0.8234968809109517
gold-fish,2,sam2video,underwater,0,3.0,2.999999761581421,3.899493455886841,1,78,0.8982257636039017,0.8011210131437467,0.8496733883738242,0,0,0.0,0,0,0,80,0,12.176636219024658,78,78,1,P1,0.8982257636039017,0.8011210131437467,0.8496733883738242
gold-fish,3,sam2video,underwater,0,3.0,2.999999761581421,3.899493455886841,1,78,0.8854783615056167,0.7424100898922402,0.8139442256989284,0,0,0.0,0,0,0,80,0,12.048684358596802,78,78,1,P1,0.8854783615056167,0.7424100898922402,0.8139442256989284
gold-fish,4,sam2video,underwater,0,3.0,2.999999761581421,3.899493455886841,1,78,0.9322213758356728,0.8176669243375355,0.8749441500866042,0,0,0.0,0,0,0,80,0,12.121821165084839,78,78,1,P1,0.9322213758356728,0.8176669243375355,0.8749441500866042
gold-fish,5,sam2video,underwater,0,3.0,2.999999761581421,3.899493455886841,1,78,0.9380377550101733,0.7703659418927015,0.8542018484514373,0,0,0.0,0,0,0,80,0,11.960952281951904,78,78,1,P1,0.9380377550101733,0.7703659418927015,0.8542018484514373
horsejump-high,1,sam2video,fog,0,3.0,3.0,3.8972883224487305,1,50,0.8914857095379405,0.7958820682352444,0.8436838888865925,0,0,0.0,0,0,0,52,0,7.658277750015259,50,50,1,P1,0.8914857095379405,0.7958820682352444,0.8436838888865925
horsejump-high,2,sam2video,fog,0,3.0,3.0,3.8972883224487305,1,50,0.8456555815585333,0.8019629894683278,0.8238092855134305,0,0,0.0,0,0,0,52,0,7.683387994766235,50,50,1,P1,0.8456555815585333,0.8019629894683278,0.8238092855134305
horsejump-high,1,sam2video,dust,0,3.0,3.0,3.8972883224487305,1,50,0.9013773185994777,0.8146646481900224,0.8580209833947501,0,0,0.0,0,0,0,52,0,7.64267897605896,50,50,1,P1,0.9013773185994777,0.8146646481900224,0.8580209833947501
horsejump-high,2,sam2video,dust,0,3.0,3.0,3.8972883224487305,1,50,0.8594544305566769,0.8231240060421287,0.8412892182994027,0,0,0.0,0,0,0,52,0,7.627031087875366,50,50,1,P1,0.8594544305566769,0.8231240060421287,0.8412892182994027
horsejump-high,1,sam2video,underwater,0,3.0,3.0,3.8972883224487305,1,50,0.8928797506087441,0.8021583122913408,0.8475190314500425,0,0,0.0,0,0,0,52,0,7.5971293449401855,50,50,1,P1,0.8928797506087441,0.8021583122913408,0.8475190314500425
horsejump-high,2,sam2video,underwater,0,3.0,3.0,3.8972883224487305,1,50,0.8580311349460872,0.8210870436930269,0.839559089319557,0,0,0.0,0,0,0,52,0,7.596316337585449,50,50,1,P1,0.8580311349460872,0.8210870436930269,0.839559089319557
india,1,sam2video,fog,0,3.0,2.988983631134033,3.8996880054473877,1,62,0.9038640588935456,0.6456254835959387,0.7747447712447422,0,0,0.0,0,0,0,83,0,12.370575189590454,62,81,1,P1,0.9038640588935456,0.6456254835959387,0.7747447712447422
india,2,sam2video,fog,0,3.0,2.988983631134033,3.8996880054473877,1,67,0.6996117801163708,0.5236291165883761,0.6116204483523735,0,0,0.0,0,0,0,83,0,12.416634798049927,67,81,1,P1,0.6996117801163708,0.5236291165883761,0.6116204483523735
india,3,sam2video,fog,0,3.0,2.988983631134033,3.8996880054473877,1,71,0.8473528334540139,0.6484833671848261,0.74791810031942,0,0,0.0,0,0,0,83,0,12.447039127349854,71,81,1,P1,0.8473528334540139,0.6484833671848261,0.74791810031942
india,1,sam2video,dust,0,3.0,2.988983631134033,3.8996880054473877,1,62,0.9172132913337494,0.6918193170952069,0.8045163042144782,0,0,0.0,0,0,0,83,0,12.44431185722351,62,81,1,P1,0.9172132913337494,0.6918193170952069,0.8045163042144782
india,2,sam2video,dust,0,3.0,2.988983631134033,3.8996880054473877,1,67,0.7146420918515826,0.5671776676592094,0.640909879755396,0,0,0.0,0,0,0,83,0,12.5320463180542,67,81,1,P1,0.7146420918515826,0.5671776676592094,0.640909879755396
india,3,sam2video,dust,0,3.0,2.988983631134033,3.8996880054473877,1,72,0.8756195422,0.6881674331,0.7818934877,0,0,0.0,0,0,0,83,0,12.5576913356781,71,81,1.014084507,P1,0.863458159670619,0.6786095521218933,0.7710338558962562
india,1,sam2video,underwater,0,3.0,2.988983631134033,3.8996880054473877,1,62,0.9172303038238019,0.679051248665178,0.7981407762444899,0,0,0.0,0,0,0,83,0,12.396787405014038,62,81,1,P1,0.9172303038238019,0.679051248665178,0.7981407762444899
india,2,sam2video,underwater,0,3.0,2.988983631134033,3.8996880054473877,1,67,0.7088128463652209,0.5501775697944155,0.6294952080798182,0,0,0.0,0,0,0,83,0,12.393414974212646,67,81,1,P1,0.7088128463652209,0.5501775697944155,0.6294952080798182
india,3,sam2video,underwater,0,3.0,2.988983631134033,3.8996880054473877,1,71,0.867920742539285,0.6844711702296746,0.7761959563844798,0,0,0.0,0,0,0,83,0,12.486505031585693,71,81,1,P1,0.867920742539285,0.6844711702296746,0.7761959563844798
judo,1,sam2video,fog,0,3.0,3.0,3.8968982696533203,1,34,0.8509491462198575,0.7217798215525271,0.7863644838861923,0,0,0.0,0,0,0,36,0,5.127153635025024,34,34,1,P1,0.8509491462198575,0.7217798215525271,0.7863644838861923
judo,2,sam2video,fog,0,3.0,3.0,3.8968982696533203,1,34,0.8144820224940469,0.5946792795597126,0.7045806510268797,0,0,0.0,0,0,0,36,0,5.1498353481292725,34,34,1,P1,0.8144820224940469,0.5946792795597126,0.7045806510268797
judo,1,sam2video,dust,0,3.0,3.0,3.8968982696533203,1,34,0.8878326925709534,0.7765752550976731,0.8322039738343132,0,0,0.0,0,0,0,36,0,5.1464197635650635,34,34,1,P1,0.8878326925709534,0.7765752550976731,0.8322039738343132
judo,2,sam2video,dust,0,3.0,3.0,3.8968982696533203,1,34,0.852680234156613,0.6637833944727296,0.7582318143146713,0,0,0.0,0,0,0,36,0,5.133209228515625,34,34,1,P1,0.852680234156613,0.6637833944727296,0.7582318143146713
judo,1,sam2video,underwater,0,3.0,3.0,3.8968982696533203,1,34,0.8559527576677832,0.7340563829198247,0.795004570293804,0,0,0.0,0,0,0,36,0,5.130200147628784,34,34,1,P1,0.8559527576677832,0.7340563829198247,0.795004570293804
judo,2,sam2video,underwater,0,3.0,3.0,3.8968982696533203,1,34,0.8302538604144359,0.6412782625079242,0.7357660614611801,0,0,0.0,0,0,0,36,0,5.1357855796813965,34,34,1,P1,0.8302538604144359,0.6412782625079242,0.7357660614611801
kite-surf,1,sam2video,clean,0,1.0,1.0,1.0,1,50,0.4356370362970622,0.4288805961559062,0.4322588162264842,0,0,0.0,0,0,0,52,0,9.776533126831055,50,50,1,P1,0.4356370362970622,0.4288805961559062,0.4322588162264842
kite-surf,2,sam2video,clean,0,1.0,1.0,1.0,1,38,0.43739928745894885,0.5834169357569688,0.5104081116079588,0,0,0.0,0,0,0,52,0,7.546303987503052,38,50,1,P1,0.43739928745894885,0.5834169357569688,0.5104081116079588
kite-surf,3,sam2video,clean,0,1.0,1.0,1.0,1,50,0.8279587379699503,0.7851634866706285,0.8065611123202894,0,0,0.0,0,0,0,52,0,7.544780969619751,50,50,1,P1,0.8279587379699503,0.7851634866706285,0.8065611123202894
lab-coat,1,sam2video,clean,0,1.0,1.0,1.0,1,47,0.046957078219958454,0.1180575035139815,0.08250729086696998,0,0,0.0,0,0,0,49,0,7.123276472091675,47,47,1,P1,0.046957078219958454,0.1180575035139815,0.08250729086696998
lab-coat,2,sam2video,clean,0,1.0,1.0,1.0,1,47,0.02127659574468085,0.02127659574468085,0.02127659574468085,0,0,0.0,0,0,0,49,0,7.152137994766235,47,47,1,P1,0.02127659574468085,0.02127659574468085,0.02127659574468085
lab-coat,3,sam2video,clean,0,1.0,1.0,1.0,1,47,0.9715395630215706,0.7754506127429327,0.8734950878822516,0,0,0.0,0,0,0,49,0,7.1812615394592285,47,47,1,P1,0.9715395630215706,0.7754506127429327,0.8734950878822516
lab-coat,4,sam2video,clean,0,1.0,1.0,1.0,1,47,0.9571402056206139,0.7026097841185059,0.8298749948695598,0,0,0.0,0,0,0,49,0,7.099200963973999,47,47,1,P1,0.9571402056206139,0.7026097841185059,0.8298749948695598
lab-coat,5,sam2video,clean,0,1.0,1.0,1.0,1,47,0.9448287294728869,0.765532561741643,0.8551806456072649,0,0,0.0,0,0,0,49,0,7.120532274246216,47,47,1,P1,0.9448287294728869,0.765532561741643,0.8551806456072649
motocross-jump,1,sam2video,clean,0,1.0,1.0,1.0,1,40,0.9356189379099188,0.810878628839103,0.8732487833745108,0,0,0.0,0,0,0,42,0,6.063141822814941,40,40,1,P1,0.9356189379099188,0.810878628839103,0.8732487833745108
motocross-jump,2,sam2video,clean,0,1.0,1.0,1.0,1,40,0.9065229479721779,0.6895824524712044,0.7980527002216912,0,0,0.0,0,0,0,42,0,6.041563510894775,40,40,1,P1,0.9065229479721779,0.6895824524712044,0.7980527002216912
paragliding-launch,1,sam2video,clean,0,1.0,1.0,1.0,1,80,0.8144258871074523,0.6235677709507007,0.7189968290290765,0,0,0.0,0,0,0,82,0,12.230998754501343,80,80,1,P1,0.8144258871074523,0.6235677709507007,0.7189968290290765
paragliding-launch,2,sam2video,clean,0,1.0,1.0,1.0,1,80,0.704257412582501,0.7176340422258833,0.7109457274041922,0,0,0.0,0,0,0,82,0,12.206889867782593,80,80,1,P1,0.704257412582501,0.7176340422258833,0.7109457274041922
paragliding-launch,3,sam2video,clean,0,1.0,1.0,1.0,1,80,0.1855991540791392,0.32131508715429413,0.25345712061671666,0,0,0.0,0,0,0,82,0,12.436831712722778,80,80,1,P1,0.1855991540791392,0.32131508715429413,0.25345712061671666
parkour,1,sam2video,clean,0,1.0,1.0,1.0,1,100,0.9585159094090462,0.8714394868118596,0.9149776981104529,0,0,0.0,0,0,0,102,0,16.084558486938477,100,100,1,P1,0.9585159094090462,0.8714394868118596,0.9149776981104529
pigs,1,sam2video,clean,0,1.0,1.0,1.0,1,79,0.960132820642479,0.8390243113796018,0.8995785660110404,0,0,0.0,0,0,0,81,0,12.094196319580078,79,79,1,P1,0.960132820642479,0.8390243113796018,0.8995785660110404
pigs,2,sam2video,clean,0,1.0,1.0,1.0,1,79,0.8745443265073444,0.8129925087404354,0.8437684176238899,0,0,0.0,0,0,0,81,0,12.128588438034058,79,79,1,P1,0.8745443265073444,0.8129925087404354,0.8437684176238899
pigs,3,sam2video,clean,0,1.0,1.0,1.0,1,79,0.9650246667816539,0.8173983978445788,0.8912115323131163,0,0,0.0,0,0,0,81,0,12.098145484924316,79,79,1,P1,0.9650246667816539,0.8173983978445788,0.8912115323131163
scooter-black,1,sam2video,clean,0,1.0,1.0,1.0,1,43,0.8908436354794471,0.8036713736834354,0.8472575045814412,0,0,0.0,0,0,0,45,0,6.536298990249634,43,43,1,P1,0.8908436354794471,0.8036713736834354,0.8472575045814412
scooter-black,2,sam2video,clean,0,1.0,1.0,1.0,1,43,0.9360331826863667,0.773172439453238,0.8546028110698023,0,0,0.0,0,0,0,45,0,6.501383304595947,43,43,1,P1,0.9360331826863667,0.773172439453238,0.8546028110698023
shooting,1,sam2video,clean,0,1.0,1.0,1.0,1,40,0.9082771812674292,0.6549284663260588,0.7816028237967441,0,0,0.0,0,0,0,42,0,6.140435695648193,40,40,1,P1,0.9082771812674292,0.6549284663260588,0.7816028237967441
shooting,2,sam2video,clean,0,1.0,1.0,1.0,1,40,0.9484239913616364,0.7107107953707027,0.8295673933661696,0,0,0.0,0,0,0,42,0,6.1414878368377686,40,40,1,P1,0.9484239913616364,0.7107107953707027,0.8295673933661696
shooting,3,sam2video,clean,0,1.0,1.0,1.0,1,40,0.9004487280889197,0.835960265133888,0.8682044966114039,0,0,0.0,0,0,0,42,0,6.1527369022369385,40,40,1,P1,0.9004487280889197,0.835960265133888,0.8682044966114039
soapbox,1,sam2video,clean,0,1.0,1.0,1.0,1,99,0.9150655977778341,0.7835606244806483,0.8493131111292412,0,0,0.0,0,0,0,101,0,15.113821506500244,99,99,1,P1,0.9150655977778341,0.7835606244806483,0.8493131111292412
soapbox,2,sam2video,clean,0,1.0,1.0,1.0,1,99,0.9031954771222516,0.8248402594109002,0.8640178682665759,0,0,0.0,0,0,0,101,0,15.156853914260864,99,99,1,P1,0.9031954771222516,0.8248402594109002,0.8640178682665759
soapbox,3,sam2video,clean,0,1.0,1.0,1.0,1,99,0.9056263242232847,0.837727352163597,0.8716768381934408,0,0,0.0,0,0,0,101,0,15.131902694702148,99,99,1,P1,0.9056263242232847,0.837727352163597,0.8716768381934408
kite-surf,1,sam2video,fog,0,3.0,3.0,3.8937995433807373,1,50,0.35992008865600056,0.34753271455195334,0.35372640160397695,0,0,0.0,0,0,0,52,0,10.08255934715271,50,50,1,P1,0.35992008865600056,0.34753271455195334,0.35372640160397695
kite-surf,2,sam2video,fog,0,3.0,3.0,3.8937995433807373,1,38,0.40070165058781126,0.5052326032196643,0.4529671269037378,0,0,0.0,0,0,0,52,0,7.582342863082886,38,50,1,P1,0.40070165058781126,0.5052326032196643,0.4529671269037378
kite-surf,3,sam2video,fog,0,3.0,3.0,3.8937995433807373,1,50,0.7747848111218432,0.7355120580816222,0.7551484346017328,0,0,0.0,0,0,0,52,0,7.62040114402771,50,50,1,P1,0.7747848111218432,0.7355120580816222,0.7551484346017328
kite-surf,1,sam2video,dust,0,3.0,3.0,3.8937995433807373,1,50,0.41553706095982407,0.38861792828814173,0.4020774946239829,0,0,0.0,0,0,0,52,0,7.604588747024536,50,50,1,P1,0.41553706095982407,0.38861792828814173,0.4020774946239829
kite-surf,2,sam2video,dust,0,3.0,3.0,3.8937995433807373,1,38,0.42072000825571515,0.5298069139413265,0.4752634610985208,0,0,0.0,0,0,0,52,0,7.632646083831787,38,50,1,P1,0.42072000825571515,0.5298069139413265,0.4752634610985208
kite-surf,3,sam2video,dust,0,3.0,3.0,3.8937995433807373,1,50,0.8130635470062014,0.7743636207170203,0.7937135838616108,0,0,0.0,0,0,0,52,0,7.6291468143463135,50,50,1,P1,0.8130635470062014,0.7743636207170203,0.7937135838616108
kite-surf,1,sam2video,underwater,0,3.0,3.0,3.8937995433807373,1,50,0.3414854748917676,0.36328715009287466,0.3523863124923211,0,0,0.0,0,0,0,52,0,7.629737854003906,50,50,1,P1,0.3414854748917676,0.36328715009287466,0.3523863124923211
kite-surf,2,sam2video,underwater,0,3.0,3.0,3.8937995433807373,1,38,0.34040749054607866,0.4409210540987157,0.3906642723223972,0,0,0.0,0,0,0,52,0,7.564746379852295,38,50,1,P1,0.34040749054607866,0.4409210540987157,0.3906642723223972
kite-surf,3,sam2video,underwater,0,3.0,3.0,3.8937995433807373,1,50,0.7914395609138671,0.7555059397324161,0.7734727503231416,0,0,0.0,0,0,0,52,0,7.569413423538208,50,50,1,P1,0.7914395609138671,0.7555059397324161,0.7734727503231416
lab-coat,1,sam2video,fog,0,3.0,3.017864465713501,3.8959248065948486,1,47,0.4713845714229649,0.5845812903253781,0.5279829308741715,0,0,0.0,0,0,0,49,0,7.144243001937866,47,47,1,P1,0.4713845714229649,0.5845812903253781,0.5279829308741715
lab-coat,2,sam2video,fog,0,3.0,3.017864465713501,3.8959248065948486,1,47,0.02127659574468085,0.02127659574468085,0.02127659574468085,0,0,0.0,0,0,0,49,0,7.2400712966918945,47,47,1,P1,0.02127659574468085,0.02127659574468085,0.02127659574468085
lab-coat,3,sam2video,fog,0,3.0,3.017864465713501,3.8959248065948486,1,47,0.9553292805177387,0.6978464605715945,0.8265878705446665,0,0,0.0,0,0,0,49,0,7.208612442016602,47,47,1,P1,0.9553292805177387,0.6978464605715945,0.8265878705446665
lab-coat,4,sam2video,fog,0,3.0,3.017864465713501,3.8959248065948486,1,47,0.9429793375178481,0.6252184339750622,0.7840988857464551,0,0,0.0,0,0,0,49,0,7.194302558898926,47,47,1,P1,0.9429793375178481,0.6252184339750622,0.7840988857464551
lab-coat,5,sam2video,fog,0,3.0,3.017864465713501,3.8959248065948486,1,47,0.9319627642449362,0.7253920895239063,0.8286774268844213,0,0,0.0,0,0,0,49,0,7.192636966705322,47,47,1,P1,0.9319627642449362,0.7253920895239063,0.8286774268844213
lab-coat,1,sam2video,dust,0,3.0,3.017864465713501,3.8959248065948486,1,47,0.16600768180036138,0.2640239029813215,0.21501579239084145,0,0,0.0,0,0,0,49,0,7.1151814460754395,47,47,1,P1,0.16600768180036138,0.2640239029813215,0.21501579239084145
lab-coat,2,sam2video,dust,0,3.0,3.017864465713501,3.8959248065948486,1,47,0.02127659574468085,0.02127659574468085,0.02127659574468085,0,0,0.0,0,0,0,49,0,7.20311713218689,47,47,1,P1,0.02127659574468085,0.02127659574468085,0.02127659574468085
lab-coat,3,sam2video,dust,0,3.0,3.017864465713501,3.8959248065948486,1,47,0.9684727895265511,0.7493961168693987,0.8589344531979749,0,0,0.0,0,0,0,49,0,7.142269611358643,47,47,1,P1,0.9684727895265511,0.7493961168693987,0.8589344531979749
lab-coat,4,sam2video,dust,0,3.0,3.017864465713501,3.8959248065948486,1,47,0.9500650088745033,0.6663502636484875,0.8082076362614954,0,0,0.0,0,0,0,49,0,7.309000730514526,47,47,1,P1,0.9500650088745033,0.6663502636484875,0.8082076362614954
lab-coat,5,sam2video,dust,0,3.0,3.017864465713501,3.8959248065948486,1,47,0.9401382413014904,0.7539523975318373,0.8470453194166638,0,0,0.0,0,0,0,49,0,7.74904990196228,47,47,1,P1,0.9401382413014904,0.7539523975318373,0.8470453194166638
lab-coat,1,sam2video,underwater,0,3.0,3.017864465713501,3.8959248065948486,1,47,0.4988228729536948,0.6113606003896281,0.5550917366716615,0,0,0.0,0,0,0,49,0,7.344216346740723,47,47,1,P1,0.4988228729536948,0.6113606003896281,0.5550917366716615
lab-coat,2,sam2video,underwater,0,3.0,3.017864465713501,3.8959248065948486,1,47,0.02127659574468085,0.02127659574468085,0.02127659574468085,0,0,0.0,0,0,0,49,0,7.283119201660156,47,47,1,P1,0.02127659574468085,0.02127659574468085,0.02127659574468085
lab-coat,3,sam2video,underwater,0,3.0,3.017864465713501,3.8959248065948486,1,47,0.9673795566002376,0.7507685248508204,0.859074040725529,0,0,0.0,0,0,0,49,0,7.354696750640869,47,47,1,P1,0.9673795566002376,0.7507685248508204,0.859074040725529
lab-coat,4,sam2video,underwater,0,3.0,3.017864465713501,3.8959248065948486,1,47,0.9406104194001963,0.6218928459211782,0.7812516326606873,0,0,0.0,0,0,0,49,0,7.244759798049927,47,47,1,P1,0.9406104194001963,0.6218928459211782,0.7812516326606873
lab-coat,5,sam2video,underwater,0,3.0,3.017864465713501,3.8959248065948486,1,47,0.9335049927860976,0.7344081542419872,0.8339565735140424,0,0,0.0,0,0,0,49,0,7.233795642852783,47,47,1,P1,0.9335049927860976,0.7344081542419872,0.8339565735140424
libby,1,sam2video,fog,0,3.0,3.0134084224700928,3.8995115756988525,1,49,0.889011696634521,0.814122470012582,0.8515670833235515,0,0,0.0,0,0,0,51,0,7.4798359870910645,49,49,1,P1,0.889011696634521,0.814122470012582,0.8515670833235515
libby,1,sam2video,dust,0,3.0,3.0134084224700928,3.8995115756988525,1,49,0.9185293306334064,0.8574531366764081,0.8879912336549072,0,0,0.0,0,0,0,51,0,7.469144344329834,49,49,1,P1,0.9185293306334064,0.8574531366764081,0.8879912336549072
libby,1,sam2video,underwater,0,3.0,3.0134084224700928,3.8995115756988525,1,49,0.909873059349288,0.8504671573715407,0.8801701083604143,0,0,0.0,0,0,0,51,0,7.5192177295684814,49,49,1,P1,0.909873059349288,0.8504671573715407,0.8801701083604143
loading,1,sam2video,fog,0,3.0,3.0,3.8995375633239746,1,50,0.975096522315194,0.8253814728460318,0.9002389975806129,0,0,0.0,0,0,0,52,0,7.60111141204834,50,50,1,P1,0.975096522315194,0.8253814728460318,0.9002389975806129
loading,2,sam2video,fog,0,3.0,3.0,3.8995375633239746,1,50,0.9221965111303356,0.7636847301470061,0.8429406206386709,0,0,0.0,0,0,0,52,0,7.606529235839844,50,50,1,P1,0.9221965111303356,0.7636847301470061,0.8429406206386709
loading,3,sam2video,fog,0,3.0,3.0,3.8995375633239746,1,50,0.9454213804908942,0.8330470404092009,0.8892342104500475,0,0,0.0,0,0,0,52,0,7.617382526397705,50,50,1,P1,0.9454213804908942,0.8330470404092009,0.8892342104500475
loading,1,sam2video,dust,0,3.0,3.0,3.8995375633239746,1,50,0.9814774265347037,0.8659567209897934,0.9237170737622485,0,0,0.0,0,0,0,52,0,7.5753333568573,50,50,1,P1,0.9814774265347037,0.8659567209897934,0.9237170737622485
loading,2,sam2video,dust,0,3.0,3.0,3.8995375633239746,1,50,0.9352297676251203,0.8015738280960215,0.8684017978605709,0,0,0.0,0,0,0,52,0,7.669281959533691,50,50,1,P1,0.9352297676251203,0.8015738280960215,0.8684017978605709
loading,3,sam2video,dust,0,3.0,3.0,3.8995375633239746,1,50,0.9546227299613633,0.8615412707116703,0.9080820003365169,0,0,0.0,0,0,0,52,0,7.657170295715332,50,50,1,P1,0.9546227299613633,0.8615412707116703,0.9080820003365169
loading,1,sam2video,underwater,0,3.0,3.0,3.8995375633239746,1,50,0.9800759557543857,0.8572549343578324,0.918665445056109,0,0,0.0,0,0,0,52,0,7.828426837921143,50,50,1,P1,0.9800759557543857,0.8572549343578324,0.918665445056109
loading,2,sam2video,underwater,0,3.0,3.0,3.8995375633239746,1,50,0.9332583327155203,0.7928033690467414,0.8630308508811309,0,0,0.0,0,0,0,52,0,7.797772407531738,50,50,1,P1,0.9332583327155203,0.7928033690467414,0.8630308508811309
loading,3,sam2video,underwater,0,3.0,3.0,3.8995375633239746,1,50,0.9502647415262763,0.8496662743796743,0.8999655079529754,0,0,0.0,0,0,0,52,0,7.70413875579834,50,50,1,P1,0.9502647415262763,0.8496662743796743,0.8999655079529754
mbike-trick,1,sam2video,fog,0,3.0,2.9896240234375,3.899766206741333,1,79,0.8667047436595576,0.7632581569654454,0.8149814503125015,0,0,0.0,0,0,0,81,0,12.034018754959106,79,79,1,P1,0.8667047436595576,0.7632581569654454,0.8149814503125015
mbike-trick,2,sam2video,fog,0,3.0,2.9896240234375,3.899766206741333,1,79,0.854857669941867,0.6462419375349803,0.7505498037384236,0,0,0.0,0,0,0,81,0,12.066378593444824,79,79,1,P1,0.854857669941867,0.6462419375349803,0.7505498037384236
mbike-trick,1,sam2video,dust,0,3.0,2.9896240234375,3.899766206741333,1,79,0.8870496923513943,0.7957449195243543,0.8413973059378743,0,0,0.0,0,0,0,81,0,12.104639530181885,79,79,1,P1,0.8870496923513943,0.7957449195243543,0.8413973059378743
mbike-trick,2,sam2video,dust,0,3.0,2.9896240234375,3.899766206741333,1,79,0.8738895142068547,0.6857040167434125,0.7797967654751337,0,0,0.0,0,0,0,81,0,12.389599561691284,79,79,1,P1,0.8738895142068547,0.6857040167434125,0.7797967654751337
mbike-trick,1,sam2video,underwater,0,3.0,2.9896240234375,3.899766206741333,1,79,0.8758943250491769,0.7789719163819093,0.8274331207155431,0,0,0.0,0,0,0,81,0,12.196552038192749,79,79,1,P1,0.8758943250491769,0.7789719163819093,0.8274331207155431
mbike-trick,2,sam2video,underwater,0,3.0,2.9896240234375,3.899766206741333,1,79,0.8740228293418786,0.6819898028794503,0.7780063161106645,0,0,0.0,0,0,0,81,0,12.212187767028809,79,79,1,P1,0.8740228293418786,0.6819898028794503,0.7780063161106645
motocross-jump,1,sam2video,fog,0,3.0,3.0,3.8983938694000244,1,40,0.8564030329588613,0.6904525057024239,0.7734277693306426,0,0,0.0,0,0,0,42,0,6.071277141571045,40,40,1,P1,0.8564030329588613,0.6904525057024239,0.7734277693306426
motocross-jump,2,sam2video,fog,0,3.0,3.0,3.8983938694000244,1,40,0.832323214178523,0.5503385330247692,0.6913308736016461,0,0,0.0,0,0,0,42,0,6.040109872817993,40,40,1,P1,0.832323214178523,0.5503385330247692,0.6913308736016461
motocross-jump,1,sam2video,dust,0,3.0,3.0,3.8983938694000244,1,40,0.9171215541890888,0.7670029425919396,0.8420622483905142,0,0,0.0,0,0,0,42,0,6.027209520339966,40,40,1,P1,0.9171215541890888,0.7670029425919396,0.8420622483905142
motocross-jump,2,sam2video,dust,0,3.0,3.0,3.8983938694000244,1,40,0.8886290912434038,0.6345678356563479,0.7615984634498758,0,0,0.0,0,0,0,42,0,6.02729606628418,40,40,1,P1,0.8886290912434038,0.6345678356563479,0.7615984634498758
motocross-jump,1,sam2video,underwater,0,3.0,3.0,3.8983938694000244,1,40,0.8232636817784427,0.6999013308271876,0.7615825063028152,0,0,0.0,0,0,0,42,0,6.048868894577026,40,40,1,P1,0.8232636817784427,0.6999013308271876,0.7615825063028152
motocross-jump,2,sam2video,underwater,0,3.0,3.0,3.8983938694000244,1,40,0.8572561335825423,0.5843466703386049,0.7208014019605735,0,0,0.0,0,0,0,42,0,6.024151802062988,40,40,1,P1,0.8572561335825423,0.5843466703386049,0.7208014019605735
paragliding-launch,1,sam2video,fog,0,3.0,3.0,3.899968147277832,1,80,0.8119226926814296,0.6183357340582415,0.7151292133698355,0,0,0.0,0,0,0,82,0,12.136703491210938,80,80,1,P1,0.8119226926814296,0.6183357340582415,0.7151292133698355
paragliding-launch,2,sam2video,fog,0,3.0,3.0,3.899968147277832,1,80,0.7360330053892528,0.7001523981062746,0.7180927017477636,0,0,0.0,0,0,0,82,0,12.20680284500122,80,80,1,P1,0.7360330053892528,0.7001523981062746,0.7180927017477636
paragliding-launch,3,sam2video,fog,0,3.0,3.0,3.899968147277832,1,80,0.12690568479198316,0.20058664429550754,0.16374616454374535,0,0,0.0,0,0,0,82,0,12.179467678070068,80,80,1,P1,0.12690568479198316,0.20058664429550754,0.16374616454374535
paragliding-launch,1,sam2video,dust,0,3.0,3.0,3.899968147277832,1,80,0.8312863976231506,0.6531319304213157,0.7422091640222331,0,0,0.0,0,0,0,82,0,12.192335605621338,80,80,1,P1,0.8312863976231506,0.6531319304213157,0.7422091640222331
paragliding-launch,2,sam2video,dust,0,3.0,3.0,3.899968147277832,1,80,0.7320552902138793,0.7292294754306052,0.7306423828222423,0,0,0.0,0,0,0,82,0,12.181460857391357,80,80,1,P1,0.7320552902138793,0.7292294754306052,0.7306423828222423
paragliding-launch,3,sam2video,dust,0,3.0,3.0,3.899968147277832,1,80,0.15070059986683507,0.2552863392500126,0.20299346955842384,0,0,0.0,0,0,0,82,0,12.209590911865234,80,80,1,P1,0.15070059986683507,0.2552863392500126,0.20299346955842384
paragliding-launch,1,sam2video,underwater,0,3.0,3.0,3.899968147277832,1,80,0.7983919584026985,0.6191832195585643,0.7087875889806314,0,0,0.0,0,0,0,82,0,12.161754846572876,80,80,1,P1,0.7983919584026985,0.6191832195585643,0.7087875889806314
paragliding-launch,2,sam2video,underwater,0,3.0,3.0,3.899968147277832,1,80,0.7254743438799407,0.7282786302942759,0.7268764870871083,0,0,0.0,0,0,0,82,0,12.230104446411133,80,80,1,P1,0.7254743438799407,0.7282786302942759,0.7268764870871083
paragliding-launch,3,sam2video,underwater,0,3.0,3.0,3.899968147277832,1,80,0.1338469730923939,0.2293065643436833,0.1815767687180386,0,0,0.0,0,0,0,82,0,12.211196660995483,80,80,1,P1,0.1338469730923939,0.2293065643436833,0.1815767687180386
parkour,1,sam2video,fog,0,3.0,3.000000238418579,3.8995673656463623,1,100,0.9526601090255881,0.8563033111655436,0.9044817100955658,0,0,0.0,0,0,0,102,0,15.270031690597534,100,100,1,P1,0.9526601090255881,0.8563033111655436,0.9044817100955658
parkour,1,sam2video,dust,0,3.0,3.000000238418579,3.8995673656463623,1,100,0.9585892731420788,0.8731939793639616,0.9158916262530201,0,0,0.0,0,0,0,102,0,15.386154890060425,100,100,1,P1,0.9585892731420788,0.8731939793639616,0.9158916262530201
parkour,1,sam2video,underwater,0,3.0,3.000000238418579,3.8995673656463623,1,100,0.9568531582337938,0.8709485877627614,0.9139008729982776,0,0,0.0,0,0,0,102,0,15.267226934432983,100,100,1,P1,0.9568531582337938,0.8709485877627614,0.9139008729982776
pigs,1,sam2video,fog,0,3.0,2.9972586631774902,3.8992199897766113,1,79,0.9365492570453459,0.7734932584555521,0.855021257750449,0,0,0.0,0,0,0,81,0,12.041666030883789,79,79,1,P1,0.9365492570453459,0.7734932584555521,0.855021257750449
pigs,2,sam2video,fog,0,3.0,2.9972586631774902,3.8992199897766113,1,79,0.7501138931871217,0.692259975811554,0.7211869344993378,0,0,0.0,0,0,0,81,0,12.14060664176941,79,79,1,P1,0.7501138931871217,0.692259975811554,0.7211869344993378
pigs,3,sam2video,fog,0,3.0,2.9972586631774902,3.8992199897766113,1,79,0.95235125268267,0.7585808854315392,0.8554660690571045,0,0,0.0,0,0,0,81,0,12.186349868774414,79,79,1,P1,0.95235125268267,0.7585808854315392,0.8554660690571045
pigs,1,sam2video,dust,0,3.0,2.9972586631774902,3.8992199897766113,1,79,0.9473374764007585,0.8160345175406933,0.8816859969707259,0,0,0.0,0,0,0,81,0,12.144595861434937,79,79,1,P1,0.9473374764007585,0.8160345175406933,0.8816859969707259
pigs,2,sam2video,dust,0,3.0,2.9972586631774902,3.8992199897766113,1,79,0.8239240592404582,0.769603292908852,0.796763676074655,0,0,0.0,0,0,0,81,0,12.050225973129272,79,79,1,P1,0.8239240592404582,0.769603292908852,0.796763676074655
pigs,3,sam2video,dust,0,3.0,2.9972586631774902,3.8992199897766113,1,79,0.9614906087312266,0.8011180291699883,0.8813043189506075,0,0,0.0,0,0,0,81,0,12.180629014968872,79,79,1,P1,0.9614906087312266,0.8011180291699883,0.8813043189506075
pigs,1,sam2video,underwater,0,3.0,2.9972586631774902,3.8992199897766113,1,79,0.945233014175539,0.8055619235288138,0.8753974688521764,0,0,0.0,0,0,0,81,0,12.329811096191406,79,79,1,P1,0.945233014175539,0.8055619235288138,0.8753974688521764
pigs,2,sam2video,underwater,0,3.0,2.9972586631774902,3.8992199897766113,1,79,0.7539409447450431,0.7188539616533492,0.7363974531991961,0,0,0.0,0,0,0,81,0,12.10987114906311,79,79,1,P1,0.7539409447450431,0.7188539616533492,0.7363974531991961
pigs,3,sam2video,underwater,0,3.0,2.9972586631774902,3.8992199897766113,1,79,0.9631905645269492,0.8047547996195507,0.8839726820732499,0,0,0.0,0,0,0,81,0,12.12316370010376,79,79,1,P1,0.9631905645269492,0.8047547996195507,0.8839726820732499
scooter-black,1,sam2video,fog,0,3.0,2.9869327545166016,3.8900890350341797,1,43,0.8702428133388559,0.7643750067816915,0.8173089100602737,0,0,0.0,0,0,0,45,0,6.545802593231201,43,43,1,P1,0.8702428133388559,0.7643750067816915,0.8173089100602737
scooter-black,2,sam2video,fog,0,3.0,2.9869327545166016,3.8900890350341797,1,43,0.9181829158196209,0.7376801725630124,0.8279315441913166,0,0,0.0,0,0,0,45,0,6.533828973770142,43,43,1,P1,0.9181829158196209,0.7376801725630124,0.8279315441913166
scooter-black,1,sam2video,dust,0,3.0,2.9869327545166016,3.8900890350341797,1,43,0.8822733026675249,0.7903426547491836,0.8363079787083543,0,0,0.0,0,0,0,45,0,6.533416032791138,43,43,1,P1,0.8822733026675249,0.7903426547491836,0.8363079787083543
scooter-black,2,sam2video,dust,0,3.0,2.9869327545166016,3.8900890350341797,1,43,0.928409777665532,0.7622360330110355,0.8453229053382838,0,0,0.0,0,0,0,45,0,6.513971567153931,43,43,1,P1,0.928409777665532,0.7622360330110355,0.8453229053382838
scooter-black,1,sam2video,underwater,0,3.0,2.9869327545166016,3.8900890350341797,1,43,0.8795017601200255,0.7896342572863151,0.8345680087031703,0,0,0.0,0,0,0,45,0,6.5533668994903564,43,43,1,P1,0.8795017601200255,0.7896342572863151,0.8345680087031703
scooter-black,2,sam2video,underwater,0,3.0,2.9869327545166016,3.8900890350341797,1,43,0.9261081528157281,0.7523175484198068,0.8392128506177674,0,0,0.0,0,0,0,45,0,6.525665998458862,43,43,1,P1,0.9261081528157281,0.7523175484198068,0.8392128506177674
shooting,1,sam2video,fog,0,3.0,3.0,3.894073247909546,1,40,0.8436234109974947,0.5153061409707973,0.679464775984146,0,0,0.0,0,0,0,42,0,6.150692939758301,40,40,1,P1,0.8436234109974947,0.5153061409707973,0.679464775984146
shooting,2,sam2video,fog,0,3.0,3.0,3.894073247909546,1,40,0.901008596321535,0.5543820583115847,0.7276953273165598,0,0,0.0,0,0,0,42,0,6.211637735366821,40,40,1,P1,0.901008596321535,0.5543820583115847,0.7276953273165598
shooting,3,sam2video,fog,0,3.0,3.0,3.894073247909546,1,40,0.9157267527421112,0.8185054505992031,0.8671161016706572,0,0,0.0,0,0,0,42,0,6.130160570144653,40,40,1,P1,0.9157267527421112,0.8185054505992031,0.8671161016706572
shooting,1,sam2video,dust,0,3.0,3.0,3.894073247909546,1,40,0.8893055966306042,0.6033014275206313,0.7463035120756177,0,0,0.0,0,0,0,42,0,6.1286091804504395,40,40,1,P1,0.8893055966306042,0.6033014275206313,0.7463035120756177
shooting,2,sam2video,dust,0,3.0,3.0,3.894073247909546,1,40,0.928997143712758,0.6429557053786995,0.7859764245457288,0,0,0.0,0,0,0,42,0,6.1651716232299805,40,40,1,P1,0.928997143712758,0.6429557053786995,0.7859764245457288
shooting,3,sam2video,dust,0,3.0,3.0,3.894073247909546,1,40,0.8800245704100625,0.818692540805328,0.8493585556076952,0,0,0.0,0,0,0,42,0,6.1518707275390625,40,40,1,P1,0.8800245704100625,0.818692540805328,0.8493585556076952
shooting,1,sam2video,underwater,0,3.0,3.0,3.894073247909546,1,40,0.8569472259913857,0.5318969169155551,0.6944220714534703,0,0,0.0,0,0,0,42,0,6.112744092941284,40,40,1,P1,0.8569472259913857,0.5318969169155551,0.6944220714534703
shooting,2,sam2video,underwater,0,3.0,3.0,3.894073247909546,1,40,0.9232405657865538,0.6303266329513711,0.7767835993689625,0,0,0.0,0,0,0,42,0,6.1162683963775635,40,40,1,P1,0.9232405657865538,0.6303266329513711,0.7767835993689625
shooting,3,sam2video,underwater,0,3.0,3.0,3.894073247909546,1,40,0.8816383385983126,0.8152910536322817,0.8484646961152972,0,0,0.0,0,0,0,42,0,6.1193015575408936,40,40,1,P1,0.8816383385983126,0.8152910536322817,0.8484646961152972
soapbox,1,sam2video,fog,0,3.0,3.000358819961548,3.899975299835205,1,99,0.9046809573495745,0.7550603063305525,0.8298706318400635,0,0,0.0,0,0,0,101,0,15.30210542678833,99,99,1,P1,0.9046809573495745,0.7550603063305525,0.8298706318400635
soapbox,2,sam2video,fog,0,3.0,3.000358819961548,3.899975299835205,1,99,0.8820794960068952,0.7868787041658882,0.8344791000863917,0,0,0.0,0,0,0,101,0,15.251772165298462,99,99,1,P1,0.8820794960068952,0.7868787041658882,0.8344791000863917
soapbox,3,sam2video,fog,0,3.0,3.000358819961548,3.899975299835205,1,99,0.8944517580459349,0.8175299608470968,0.8559908594465159,0,0,0.0,0,0,0,101,0,16.008028268814087,99,99,1,P1,0.8944517580459349,0.8175299608470968,0.8559908594465159
soapbox,1,sam2video,dust,0,3.0,3.000358819961548,3.899975299835205,1,99,0.9128462095024097,0.7786298921326023,0.845738050817506,0,0,0.0,0,0,0,101,0,15.752798080444336,99,99,1,P1,0.9128462095024097,0.7786298921326023,0.845738050817506
soapbox,2,sam2video,dust,0,3.0,3.000358819961548,3.899975299835205,1,99,0.8968333569787407,0.8139317192122609,0.8553825380955008,0,0,0.0,0,0,0,101,0,15.874900341033936,99,99,1,P1,0.8968333569787407,0.8139317192122609,0.8553825380955008
soapbox,3,sam2video,dust,0,3.0,3.000358819961548,3.899975299835205,1,99,0.9062315662479715,0.8383780760953781,0.8723048211716748,0,0,0.0,0,0,0,101,0,15.867897748947144,99,99,1,P1,0.9062315662479715,0.8383780760953781,0.8723048211716748
soapbox,1,sam2video,underwater,0,3.0,3.000358819961548,3.899975299835205,1,99,0.9087121301561512,0.7676305416474943,0.8381713359018228,0,0,0.0,0,0,0,101,0,15.83863115310669,99,99,1,P1,0.9087121301561512,0.7676305416474943,0.8381713359018228
soapbox,2,sam2video,underwater,0,3.0,3.000358819961548,3.899975299835205,1,99,0.8887152401163436,0.8049618167630126,0.8468385284396781,0,0,0.0,0,0,0,101,0,15.706961870193481,99,99,1,P1,0.8887152401163436,0.8049618167630126,0.8468385284396781
soapbox,3,sam2video,underwater,0,3.0,3.000358819961548,3.899975299835205,1,99,0.8989527756602189,0.8290078515585004,0.8639803136093597,0,0,0.0,0,0,0,101,0,16.29185199737549,99,99,1,P1,0.8989527756602189,0.8290078515585004,0.8639803136093597
