seq,obj_id,mode,degradation,is_compound,level,severity_mean,severity_max,frame_stride,n_frames,J,F,J&F,n_decisions,n_reanchors,tau_score,reseed_stride,n_rejected,n_reseeds,n_encoder_calls,n_predict_failures,wall_time_s,n_present,n_clip,p1_scale,protocol,J_raw,F_raw,J&F_raw
bike-packing,1,dagrs,fog,0,1.0,1.0946866273880005,1.2990349531173706,1,69,0.1611765768850249,0.17063930306075953,0.16590793997289222,14,1,0.0,0,3,0,125,0,33.95591354370117,69,69,1,P1,0.1611765768850249,0.17063930306075953,0.16590793997289222
bike-packing,2,dagrs,fog,0,1.0,1.0946866273880005,1.2990349531173706,1,69,0.9120172364151218,0.7391761657102323,0.825596701062677,14,0,0.0,0,1,0,106,0,33.073745250701904,69,69,1,P1,0.9120172364151218,0.7391761657102323,0.825596701062677
bike-packing,1,dagrs,fog,0,2.0,2.001493453979492,2.598069906234741,1,69,0.5565981601367478,0.49304752696012094,0.5248228435484343,14,2,0.0,0,5,0,134,0,35.70949339866638,69,69,1,P1,0.5565981601367478,0.49304752696012094,0.5248228435484343
bike-packing,2,dagrs,fog,0,2.0,2.001493453979492,2.598069906234741,1,69,0.8720823504972697,0.7140020484836396,0.7930421994904546,14,0,0.0,0,1,0,106,0,28.421041250228882,69,69,1,P1,0.8720823504972697,0.7140020484836396,0.7930421994904546
bike-packing,1,dagrs,fog,0,3.0,3.0022406578063965,3.8971047401428223,1,69,0.5120742447016404,0.45763449360943687,0.48485436915553864,14,2,0.0,0,5,0,134,0,35.94294190406799,69,69,1,P1,0.5120742447016404,0.45763449360943687,0.48485436915553864
bike-packing,2,dagrs,fog,0,3.0,3.0022406578063965,3.8971047401428223,1,69,0.8205509831046064,0.6550937558494423,0.7378223694770243,14,0,0.0,0,2,0,106,0,29.710673809051514,69,69,1,P1,0.8205509831046064,0.6550937558494423,0.7378223694770243
bike-packing,1,dagrs,fog,0,4.0,3.978464365005493,5.0,1,69,0.5323267264224024,0.39332519179428665,0.46282595910834456,14,3,0.0,0,9,0,143,0,35.36277532577515,69,69,1,P1,0.5323267264224024,0.39332519179428665,0.46282595910834456
bike-packing,2,dagrs,fog,0,4.0,3.978464365005493,5.0,1,69,0.8428125693590391,0.6589767697451627,0.7508946695521009,14,3,0.0,0,7,0,133,0,83.63047623634338,69,69,1,P1,0.8428125693590391,0.6589767697451627,0.7508946695521009
bike-packing,1,dagrs,fog,0,5.0,4.530300617218018,5.0,1,69,0.43395165243529044,0.3330755384401142,0.38351359543770236,14,3,0.0,0,10,0,143,0,36.83123540878296,69,69,1,P1,0.43395165243529044,0.3330755384401142,0.38351359543770236
bike-packing,2,dagrs,fog,0,5.0,4.530300617218018,5.0,1,69,0.7854750974623795,0.5915447423878211,0.6885099199251004,14,2,0.0,0,6,0,124,0,35.26428413391113,69,69,1,P1,0.7854750974623795,0.5915447423878211,0.6885099199251004
bike-packing,1,dagrs,sensor_noise,0,1.0,1.0946866273880005,1.2990349531173706,1,69,0.1597894336432828,0.20182693186817585,0.18080818275572932,14,1,0.0,0,4,0,125,0,33.48493695259094,69,69,1,P1,0.1597894336432828,0.20182693186817585,0.18080818275572932
bike-packing,2,dagrs,sensor_noise,0,1.0,1.0946866273880005,1.2990349531173706,1,69,0.8974342647983383,0.7289574046455505,0.8131958347219443,14,0,0.0,0,2,0,106,0,43.33605909347534,69,69,1,P1,0.8974342647983383,0.7289574046455505,0.8131958347219443
bike-packing,1,dagrs,sensor_noise,0,2.0,2.001493453979492,2.598069906234741,1,69,0.159519415148492,0.18273976820121277,0.17112959167485237,14,1,0.0,0,3,0,125,0,30.380061388015747,69,69,1,P1,0.159519415148492,0.18273976820121277,0.17112959167485237
bike-packing,2,dagrs,sensor_noise,0,2.0,2.001493453979492,2.598069906234741,1,69,0.8787029873356514,0.6989510961014094,0.7888270417185304,14,0,0.0,0,2,0,106,0,28.42539072036743,69,69,1,P1,0.8787029873356514,0.6989510961014094,0.7888270417185304
bike-packing,1,dagrs,sensor_noise,0,3.0,3.0022406578063965,3.8971047401428223,1,69,0.15826765255462194,0.16397936428086865,0.1611235084177453,14,1,0.0,0,4,0,125,0,30.33463954925537,69,69,1,P1,0.15826765255462194,0.16397936428086865,0.1611235084177453
bike-packing,2,dagrs,sensor_noise,0,3.0,3.0022406578063965,3.8971047401428223,1,69,0.8577908728057144,0.6667406589007997,0.762265765853257,14,0,0.0,0,2,0,106,0,26.801916122436523,69,69,1,P1,0.8577908728057144,0.6667406589007997,0.762265765853257
bike-packing,1,dagrs,sensor_noise,0,4.0,3.978464365005493,5.0,1,69,0.1588064942543343,0.15602582450515795,0.15741615937974612,14,1,0.0,0,4,0,125,0,31.465844869613647,69,69,1,P1,0.1588064942543343,0.15602582450515795,0.15741615937974612
bike-packing,2,dagrs,sensor_noise,0,4.0,3.978464365005493,5.0,1,69,0.8305726261151264,0.6296630279923627,0.7301178270537445,14,0,0.0,0,2,0,106,0,28.31576156616211,69,69,1,P1,0.8305726261151264,0.6296630279923627,0.7301178270537445
bike-packing,1,dagrs,sensor_noise,0,5.0,4.530300617218018,5.0,1,69,0.4977868739721209,0.3639877485792071,0.43088731127566404,14,2,0.0,0,5,0,134,0,31.756001949310303,69,69,1,P1,0.4977868739721209,0.3639877485792071,0.43088731127566404
bike-packing,2,dagrs,sensor_noise,0,5.0,4.530300617218018,5.0,1,69,0.8122283977564958,0.5983319134739518,0.7052801556152237,14,0,0.0,0,2,0,106,0,26.968732595443726,69,69,1,P1,0.8122283977564958,0.5983319134739518,0.7052801556152237
bike-packing,1,dagrs,C1_fog_noise,1,1.0,1.0946866273880005,1.2990349531173706,1,69,0.6556033419887753,0.5101562294510419,0.5828797857199086,14,2,0.0,0,5,0,134,0,32.25325798988342,69,69,1,P1,0.6556033419887753,0.5101562294510419,0.5828797857199086
bike-packing,2,dagrs,C1_fog_noise,1,1.0,1.0946866273880005,1.2990349531173706,1,69,0.899768115790111,0.7172274486329748,0.8084977822115429,14,0,0.0,0,3,0,106,0,30.115639448165894,69,69,1,P1,0.899768115790111,0.7172274486329748,0.8084977822115429
bike-packing,1,dagrs,C1_fog_noise,1,2.0,2.001493453979492,2.598069906234741,1,69,0.566694078361474,0.4233501932101757,0.4950221357858249,14,3,0.0,0,9,0,143,0,34.41036105155945,69,69,1,P1,0.566694078361474,0.4233501932101757,0.4950221357858249
bike-packing,2,dagrs,C1_fog_noise,1,2.0,2.001493453979492,2.598069906234741,1,69,0.7115583530406961,0.5408789460723287,0.6262186495565124,14,1,0.0,0,5,0,115,0,28.55789017677307,69,69,1,P1,0.7115583530406961,0.5408789460723287,0.6262186495565124
bike-packing,1,dagrs,C1_fog_noise,1,3.0,3.0022406578063965,3.8971047401428223,1,69,0.3898700827722108,0.24217617037122316,0.316023126571717,14,2,0.0,0,5,0,134,0,33.14093732833862,69,69,1,P1,0.3898700827722108,0.24217617037122316,0.316023126571717
bike-packing,2,dagrs,C1_fog_noise,1,3.0,3.0022406578063965,3.8971047401428223,1,69,0.33266275070794876,0.25910124611805596,0.29588199841300233,14,3,0.0,0,9,0,133,0,68.7756564617157,69,69,1,P1,0.33266275070794876,0.25910124611805596,0.29588199841300233
bike-packing,1,dagrs,C1_fog_noise,1,4.0,3.978464365005493,5.0,1,69,0.2948050835696679,0.15001638790372093,0.2224107357366944,14,2,0.0,0,6,0,138,0,34.91449856758118,69,69,1,P1,0.2948050835696679,0.15001638790372093,0.2224107357366944
bike-packing,2,dagrs,C1_fog_noise,1,4.0,3.978464365005493,5.0,1,69,0.3293092694602795,0.2363916749912987,0.2828504722257891,14,3,0.0,0,8,0,133,0,33.89916515350342,69,69,1,P1,0.3293092694602795,0.2363916749912987,0.2828504722257891
bike-packing,1,dagrs,C1_fog_noise,1,5.0,4.530300617218018,5.0,1,69,0.17068895325579622,0.10789746433467663,0.13929320879523643,14,5,0.0,0,11,0,165,0,40.936846017837524,69,69,1,P1,0.17068895325579622,0.10789746433467663,0.13929320879523643
bike-packing,2,dagrs,C1_fog_noise,1,5.0,4.530300617218018,5.0,1,69,0.18244212551386077,0.09193224815163677,0.13718718683274878,14,4,0.0,0,9,0,142,0,34.603333711624146,69,69,1,P1,0.18244212551386077,0.09193224815163677,0.13718718683274878
blackswan,1,dagrs,fog,0,1.0,1.0953688621520996,1.299412727355957,1,50,0.9512918346343311,0.8040529035245902,0.8776723690794607,10,0,0.0,0,0,0,79,0,19.669620752334595,50,50,1,P1,0.9512918346343311,0.8040529035245902,0.8776723690794607
blackswan,1,dagrs,fog,0,2.0,2.0,2.598825454711914,1,50,0.9494713847281184,0.7973158258044589,0.8733936052662887,10,0,0.0,0,0,0,79,0,28.854984045028687,50,50,1,P1,0.9494713847281184,0.7973158258044589,0.8733936052662887
blackswan,1,dagrs,fog,0,3.0,3.0,3.898238182067871,1,50,0.9264437158561057,0.7415684162321479,0.8340060660441269,10,0,0.0,0,1,0,79,0,28.595592498779297,50,50,1,P1,0.9264437158561057,0.7415684162321479,0.8340060660441269
blackswan,1,dagrs,fog,0,4.0,3.9753310680389404,5.0,1,50,0.9100884010984501,0.6885462509701463,0.7993173260342983,10,1,0.0,0,2,0,88,0,22.647666454315186,50,50,1,P1,0.9100884010984501,0.6885462509701463,0.7993173260342983
blackswan,1,dagrs,fog,0,5.0,4.52315616607666,5.0,1,50,0.79242179723788,0.5646048948369127,0.6785133460373963,10,2,0.0,0,5,0,97,0,22.539019346237183,50,50,1,P1,0.79242179723788,0.5646048948369127,0.6785133460373963
blackswan,1,dagrs,sensor_noise,0,1.0,1.0953688621520996,1.299412727355957,1,50,0.9519506121730735,0.8044139411136293,0.8781822766433514,10,0,0.0,0,0,0,79,0,21.653936624526978,50,50,1,P1,0.9519506121730735,0.8044139411136293,0.8781822766433514
blackswan,1,dagrs,sensor_noise,0,2.0,2.0,2.598825454711914,1,50,0.9506405201178633,0.8003387788911815,0.8754896495045223,10,0,0.0,0,0,0,79,0,20.112271785736084,50,50,1,P1,0.9506405201178633,0.8003387788911815,0.8754896495045223
blackswan,1,dagrs,sensor_noise,0,3.0,3.0,3.898238182067871,1,50,0.9484731527801042,0.7906424736690474,0.8695578132245758,10,0,0.0,0,0,0,79,0,23.06449270248413,50,50,1,P1,0.9484731527801042,0.7906424736690474,0.8695578132245758
blackswan,1,dagrs,sensor_noise,0,4.0,3.9753310680389404,5.0,1,50,0.9455658426124418,0.7785390188864088,0.8620524307494253,10,0,0.0,0,0,0,79,0,21.764069318771362,50,50,1,P1,0.9455658426124418,0.7785390188864088,0.8620524307494253
blackswan,1,dagrs,sensor_noise,0,5.0,4.52315616607666,5.0,1,50,0.9379645483254179,0.7594426647480386,0.8487036065367282,10,0,0.0,0,0,0,79,0,21.498718738555908,50,50,1,P1,0.9379645483254179,0.7594426647480386,0.8487036065367282
blackswan,1,dagrs,C1_fog_noise,1,1.0,1.0953688621520996,1.299412727355957,1,50,0.952746862710269,0.8056305956742206,0.8791887291922448,10,0,0.0,0,0,0,79,0,20.177767992019653,50,50,1,P1,0.952746862710269,0.8056305956742206,0.8791887291922448
blackswan,1,dagrs,C1_fog_noise,1,2.0,2.0,2.598825454711914,1,50,0.9284286107499665,0.7274557943381298,0.8279422025440482,10,0,0.0,0,0,0,79,0,20.646530628204346,50,50,1,P1,0.9284286107499665,0.7274557943381298,0.8279422025440482
blackswan,1,dagrs,C1_fog_noise,1,3.0,3.0,3.898238182067871,1,50,0.6068390552931406,0.3752602374435777,0.4910496463683592,10,3,0.0,0,8,0,106,0,25.319203853607178,50,50,1,P1,0.6068390552931406,0.3752602374435777,0.4910496463683592
blackswan,1,dagrs,C1_fog_noise,1,4.0,3.9753310680389404,5.0,1,50,0.4588648309191556,0.1697966575033,0.3143307442112278,10,1,0.0,0,4,0,88,0,52.99606108665466,50,50,1,P1,0.4588648309191556,0.1697966575033,0.3143307442112278
blackswan,1,dagrs,C1_fog_noise,1,5.0,4.52315616607666,5.0,1,50,0.21625811923155247,0.07486108228803681,0.14555960075979463,10,1,0.0,0,4,0,102,0,25.004306077957153,50,50,1,P1,0.21625811923155247,0.07486108228803681,0.14555960075979463
bmx-trees,1,dagrs,fog,0,1.0,1.095402479171753,1.2999629974365234,1,80,0.11660464130783152,0.1383013765720368,0.12745300893993416,16,4,0.0,0,8,0,171,0,64.56129479408264,80,80,1,P1,0.11660464130783152,0.1383013765720368,0.12745300893993416
bmx-trees,2,dagrs,fog,0,1.0,1.095402479171753,1.2999629974365234,1,80,0.16054333486386685,0.15524185918139438,0.15789259702263062,16,5,0.0,0,11,0,166,0,40.80188751220703,80,80,1,P1,0.16054333486386685,0.15524185918139438,0.15789259702263062
bmx-trees,1,dagrs,fog,0,2.0,2.0,2.599925994873047,1,80,0.13383950098552097,0.1625859683824163,0.14821273468396862,16,4,0.0,0,9,0,171,0,42.177637577056885,80,80,1,P1,0.13383950098552097,0.1625859683824163,0.14821273468396862
bmx-trees,2,dagrs,fog,0,2.0,2.0,2.599925994873047,1,80,0.13539103383919504,0.13603561680778142,0.13571332532348823,16,6,0.0,0,13,0,175,0,38.045193672180176,80,80,1,P1,0.13539103383919504,0.13603561680778142,0.13571332532348823
bmx-trees,1,dagrs,fog,0,3.0,3.0,3.8998892307281494,1,80,0.22168436973351016,0.2558140459924786,0.23874920786299436,16,7,0.0,0,15,0,240,0,56.05145025253296,80,80,1,P1,0.22168436973351016,0.2558140459924786,0.23874920786299436
bmx-trees,2,dagrs,fog,0,3.0,3.0,3.8998892307281494,1,80,0.13868694961115072,0.16189701576531315,0.15029198268823193,16,6,0.0,0,12,0,175,0,37.333773136138916,80,80,1,P1,0.13868694961115072,0.16189701576531315,0.15029198268823193
bmx-trees,1,dagrs,fog,0,4.0,3.9752395153045654,5.0,1,80,0.23890533587890422,0.332400386817769,0.2856528613483366,16,7,0.0,0,15,0,250,0,57.51890420913696,80,80,1,P1,0.23890533587890422,0.332400386817769,0.2856528613483366
bmx-trees,2,dagrs,fog,0,4.0,3.9752395153045654,5.0,1,80,0.467714624765318,0.47205737185241625,0.4698859983088671,16,7,0.0,0,14,0,198,0,99.13180088996887,80,80,1,P1,0.467714624765318,0.47205737185241625,0.4698859983088671
bmx-trees,1,dagrs,fog,0,5.0,4.522987365722656,5.0,1,80,0.2631521631604402,0.35964918769975196,0.3114006754300961,16,6,0.0,0,14,0,241,0,57.88075828552246,80,80,1,P1,0.2631521631604402,0.35964918769975196,0.3114006754300961
bmx-trees,2,dagrs,fog,0,5.0,4.522987365722656,5.0,1,80,0.43457802358792835,0.4211552327482259,0.42786662816807713,16,6,0.0,0,14,0,241,0,56.56504845619202,80,80,1,P1,0.43457802358792835,0.4211552327482259,0.42786662816807713
bmx-trees,1,dagrs,sensor_noise,0,1.0,1.095402479171753,1.2999629974365234,1,80,0.11523830461357942,0.13501348948778605,0.12512589705068272,16,2,0.0,0,7,0,153,0,37.45302724838257,80,80,1,P1,0.11523830461357942,0.13501348948778605,0.12512589705068272
bmx-trees,2,dagrs,sensor_noise,0,1.0,1.095402479171753,1.2999629974365234,1,80,0.13840987329671633,0.1307596160638793,0.13458474468029782,16,3,0.0,0,9,0,148,0,34.58150339126587,80,80,1,P1,0.13840987329671633,0.1307596160638793,0.13458474468029782
bmx-trees,1,dagrs,sensor_noise,0,2.0,2.0,2.599925994873047,1,80,0.1130293119125489,0.13822699022481152,0.12562815106868022,16,1,0.0,0,5,0,144,0,33.87619376182556,80,80,1,P1,0.1130293119125489,0.13822699022481152,0.12562815106868022
bmx-trees,2,dagrs,sensor_noise,0,2.0,2.0,2.599925994873047,1,80,0.13407707221535828,0.13374363726944,0.13391035474239915,16,2,0.0,0,6,0,139,0,31.079063415527344,80,80,1,P1,0.13407707221535828,0.13374363726944,0.13391035474239915
bmx-trees,1,dagrs,sensor_noise,0,3.0,3.0,3.8998892307281494,1,80,0.11305215142093598,0.13428505789387035,0.12366860465740317,16,1,0.0,0,5,0,144,0,35.169443130493164,80,80,1,P1,0.11305215142093598,0.13428505789387035,0.12366860465740317
bmx-trees,2,dagrs,sensor_noise,0,3.0,3.0,3.8998892307281494,1,80,0.1476962445249442,0.16973708906424054,0.15871666679459237,16,3,0.0,0,7,0,148,0,34.04474210739136,80,80,1,P1,0.1476962445249442,0.16973708906424054,0.15871666679459237
bmx-trees,1,dagrs,sensor_noise,0,4.0,3.9752395153045654,5.0,1,80,0.11667390342598156,0.1586248138720782,0.13764935864902988,16,4,0.0,0,9,0,171,0,41.81131291389465,80,80,1,P1,0.11667390342598156,0.1586248138720782,0.13764935864902988
bmx-trees,2,dagrs,sensor_noise,0,4.0,3.9752395153045654,5.0,1,80,0.13799030664509643,0.18290201038322287,0.16044615851415966,16,3,0.0,0,8,0,148,0,34.70889592170715,80,80,1,P1,0.13799030664509643,0.18290201038322287,0.16044615851415966
bmx-trees,1,dagrs,sensor_noise,0,5.0,4.522987365722656,5.0,1,80,0.11662657427508871,0.15184494872482374,0.13423576149995622,16,3,0.0,0,7,0,162,0,40.241193532943726,80,80,1,P1,0.11662657427508871,0.15184494872482374,0.13423576149995622
bmx-trees,2,dagrs,sensor_noise,0,5.0,4.522987365722656,5.0,1,80,0.12339059134323782,0.15132461587591223,0.13735760360957502,16,3,0.0,0,8,0,148,0,36.45265746116638,80,80,1,P1,0.12339059134323782,0.15132461587591223,0.13735760360957502
bmx-trees,1,dagrs,C1_fog_noise,1,1.0,1.095402479171753,1.2999629974365234,1,80,0.29015776138168314,0.35474849260172353,0.32245312699170336,16,7,0.0,0,14,0,198,0,43.645225524902344,80,80,1,P1,0.29015776138168314,0.35474849260172353,0.32245312699170336
bmx-trees,2,dagrs,C1_fog_noise,1,1.0,1.095402479171753,1.2999629974365234,1,80,0.3968338334168684,0.40849833410809355,0.402666083762481,16,7,0.0,0,15,0,184,0,40.27570104598999,80,80,1,P1,0.3968338334168684,0.40849833410809355,0.402666083762481
bmx-trees,1,dagrs,C1_fog_noise,1,2.0,2.0,2.599925994873047,1,80,0.28598010819364666,0.3369183449971732,0.31144922659540997,16,5,0.0,0,11,0,180,0,40.60770559310913,80,80,1,P1,0.28598010819364666,0.3369183449971732,0.31144922659540997
bmx-trees,2,dagrs,C1_fog_noise,1,2.0,2.0,2.599925994873047,1,80,0.14752593569883557,0.14844432608622218,0.14798513089252888,16,3,0.0,0,9,0,148,0,36.24095892906189,80,80,1,P1,0.14752593569883557,0.14844432608622218,0.14798513089252888
bmx-trees,1,dagrs,C1_fog_noise,1,3.0,3.0,3.8998892307281494,1,80,0.15253915193877163,0.19982544503319932,0.1761822984859855,16,2,0.0,0,7,0,153,0,36.040568113327026,80,80,1,P1,0.15253915193877163,0.19982544503319932,0.1761822984859855
bmx-trees,2,dagrs,C1_fog_noise,1,3.0,3.0,3.8998892307281494,1,80,0.142361799663181,0.13553929031026574,0.13895054498672338,16,3,0.0,0,9,0,148,0,49.68603467941284,80,80,1,P1,0.142361799663181,0.13553929031026574,0.13895054498672338
bmx-trees,1,dagrs,C1_fog_noise,1,4.0,3.9752395153045654,5.0,1,80,0.18441978172554896,0.19058545250499426,0.1875026171152716,16,3,0.0,0,9,0,162,0,37.496989488601685,80,80,1,P1,0.18441978172554896,0.19058545250499426,0.1875026171152716
bmx-trees,2,dagrs,C1_fog_noise,1,4.0,3.9752395153045654,5.0,1,80,0.18058082518312984,0.17412148342350423,0.17735115430331705,16,5,0.0,0,13,0,180,0,43.73358416557312,80,80,1,P1,0.18058082518312984,0.17412148342350423,0.17735115430331705
bmx-trees,1,dagrs,C1_fog_noise,1,5.0,4.522987365722656,5.0,1,80,0.13907841180969296,0.14394600107093894,0.14151220644031595,16,3,0.0,0,8,0,162,0,36.91542172431946,80,80,1,P1,0.13907841180969296,0.14394600107093894,0.14151220644031595
bmx-trees,2,dagrs,C1_fog_noise,1,5.0,4.522987365722656,5.0,1,80,0.09141750660514482,0.08170299640301493,0.08656025150407987,16,4,0.0,0,9,0,171,0,40.05460739135742,80,80,1,P1,0.09141750660514482,0.08170299640301493,0.08656025150407987
breakdance,1,dagrs,fog,0,1.0,1.0955300331115723,1.29983651638031,1,84,0.8867996287445931,0.719862004122807,0.8033308164337001,17,8,0.0,0,17,0,311,0,76.42864227294922,84,84,1,P1,0.8867996287445931,0.719862004122807,0.8033308164337001
breakdance,1,dagrs,fog,0,2.0,2.0,2.59967303276062,1,84,0.8800027909396425,0.7039011101332902,0.7919519505364663,17,8,0.0,0,17,0,311,0,78.16235280036926,84,84,1,P1,0.8800027909396425,0.7039011101332902,0.7919519505364663
breakdance,1,dagrs,fog,0,3.0,3.000000238418579,3.8995096683502197,1,84,0.8654552255040044,0.6650258122529239,0.7652405188784641,17,8,0.0,0,17,0,311,0,78.26716947555542,84,84,1,P1,0.8654552255040044,0.6650258122529239,0.7652405188784641
breakdance,1,dagrs,fog,0,4.0,3.9752910137176514,5.0,1,84,0.7969379375429255,0.5691617023090454,0.6830498199259855,17,8,0.0,0,17,0,311,0,77.89762854576111,84,84,1,P1,0.7969379375429255,0.5691617023090454,0.6830498199259855
breakdance,1,dagrs,fog,0,5.0,4.522349834442139,5.0,1,84,0.753473068186387,0.5129671169141247,0.6332200925502558,17,8,0.0,0,16,0,283,0,69.85111594200134,84,84,1,P1,0.753473068186387,0.5129671169141247,0.6332200925502558
breakdance,1,dagrs,sensor_noise,0,1.0,1.0955300331115723,1.29983651638031,1,84,0.9102102620768933,0.7423002736932642,0.8262552678850787,17,8,0.0,0,17,0,311,0,77.28412365913391,84,84,1,P1,0.9102102620768933,0.7423002736932642,0.8262552678850787
breakdance,1,dagrs,sensor_noise,0,2.0,2.0,2.59967303276062,1,84,0.90647799048604,0.7351112547007996,0.8207946225934198,17,8,0.0,0,17,0,311,0,81.85480666160583,84,84,1,P1,0.90647799048604,0.7351112547007996,0.8207946225934198
breakdance,1,dagrs,sensor_noise,0,3.0,3.000000238418579,3.8995096683502197,1,84,0.9070124040736234,0.7281211577984409,0.8175667809360321,17,8,0.0,0,17,0,311,0,78.37373995780945,84,84,1,P1,0.9070124040736234,0.7281211577984409,0.8175667809360321
breakdance,1,dagrs,sensor_noise,0,4.0,3.9752910137176514,5.0,1,84,0.9000042475706997,0.7146470398560583,0.807325643713379,17,8,0.0,0,17,0,311,0,79.47365927696228,84,84,1,P1,0.9000042475706997,0.7146470398560583,0.807325643713379
breakdance,1,dagrs,sensor_noise,0,5.0,4.522349834442139,5.0,1,84,0.8958721491217956,0.7060651530711934,0.8009686510964945,17,8,0.0,0,17,0,311,0,80.27057361602783,84,84,1,P1,0.8958721491217956,0.7060651530711934,0.8009686510964945
breakdance,1,dagrs,C1_fog_noise,1,1.0,1.0955300331115723,1.29983651638031,1,84,0.8844612359328894,0.707772140524999,0.7961166882289442,17,8,0.0,0,17,0,311,0,78.78765988349915,84,84,1,P1,0.8844612359328894,0.707772140524999,0.7961166882289442
breakdance,1,dagrs,C1_fog_noise,1,2.0,2.0,2.59967303276062,1,84,0.8380003625551042,0.6242807025215731,0.7311405325383387,17,8,0.0,0,17,0,311,0,81.04982900619507,84,84,1,P1,0.8380003625551042,0.6242807025215731,0.7311405325383387
breakdance,1,dagrs,C1_fog_noise,1,3.0,3.000000238418579,3.8995096683502197,1,84,0.36615573737752855,0.23733040525854388,0.30174307131803624,17,5,0.0,0,11,0,214,0,51.6154580116272,84,84,1,P1,0.36615573737752855,0.23733040525854388,0.30174307131803624
breakdance,1,dagrs,C1_fog_noise,1,4.0,3.9752910137176514,5.0,1,84,0.2783376190297095,0.15755642715905363,0.21794702309438158,17,6,0.0,0,12,0,223,0,51.64933967590332,84,84,1,P1,0.2783376190297095,0.15755642715905363,0.21794702309438158
breakdance,1,dagrs,C1_fog_noise,1,5.0,4.522349834442139,5.0,1,84,0.15388240382528734,0.09503328671741468,0.12445784527135101,17,4,0.0,0,10,0,219,0,53.673091650009155,84,84,1,P1,0.15388240382528734,0.09503328671741468,0.12445784527135101
camel,1,dagrs,fog,0,1.0,1.0955027341842651,1.2999699115753174,1,90,0.967605942185941,0.8708185450984036,0.9192122436421724,18,0,0.0,0,0,0,135,0,34.49039125442505,90,90,1,P1,0.967605942185941,0.8708185450984036,0.9192122436421724
camel,1,dagrs,fog,0,2.0,2.000000238418579,2.5999398231506348,1,90,0.967066345450397,0.8693607023712758,0.9182135239108364,18,0,0.0,0,0,0,135,0,33.52057218551636,90,90,1,P1,0.967066345450397,0.8693607023712758,0.9182135239108364
camel,1,dagrs,fog,0,3.0,3.0,3.899909496307373,1,90,0.9661608527132992,0.8657221695542593,0.9159415111337792,18,0,0.0,0,0,0,135,0,92.63504338264465,90,90,1,P1,0.9661608527132992,0.8657221695542593,0.9159415111337792
camel,1,dagrs,fog,0,4.0,3.975322723388672,5.0,1,90,0.9639831227404929,0.8576133703128126,0.9107982465266528,18,0,0.0,0,0,0,135,0,36.67893099784851,90,90,1,P1,0.9639831227404929,0.8576133703128126,0.9107982465266528
camel,1,dagrs,fog,0,5.0,4.522486209869385,5.0,1,90,0.9615131481131901,0.848365302082326,0.904939225097758,18,0,0.0,0,0,0,135,0,34.4518609046936,90,90,1,P1,0.9615131481131901,0.848365302082326,0.904939225097758
camel,1,dagrs,sensor_noise,0,1.0,1.0955027341842651,1.2999699115753174,1,90,0.9680241591556961,0.8729471086443793,0.9204856339000377,18,0,0.0,0,0,0,135,0,33.465901374816895,90,90,1,P1,0.9680241591556961,0.8729471086443793,0.9204856339000377
camel,1,dagrs,sensor_noise,0,2.0,2.000000238418579,2.5999398231506348,1,90,0.9685106901601098,0.8759477713130204,0.9222292307365652,18,0,0.0,0,0,0,135,0,32.369345903396606,90,90,1,P1,0.9685106901601098,0.8759477713130204,0.9222292307365652
camel,1,dagrs,sensor_noise,0,3.0,3.0,3.899909496307373,1,90,0.9671952203200676,0.8723941064972548,0.9197946634086611,18,0,0.0,0,0,0,135,0,33.623810052871704,90,90,1,P1,0.9671952203200676,0.8723941064972548,0.9197946634086611
camel,1,dagrs,sensor_noise,0,4.0,3.975322723388672,5.0,1,90,0.9652650419093664,0.8656978568302713,0.9154814493698189,18,0,0.0,0,0,0,135,0,33.15817642211914,90,90,1,P1,0.9652650419093664,0.8656978568302713,0.9154814493698189
camel,1,dagrs,sensor_noise,0,5.0,4.522486209869385,5.0,1,90,0.9635257728138833,0.8594355582328387,0.9114806655233609,18,0,0.0,0,0,0,135,0,61.15625238418579,90,90,1,P1,0.9635257728138833,0.8594355582328387,0.9114806655233609
camel,1,dagrs,C1_fog_noise,1,1.0,1.0955027341842651,1.2999699115753174,1,90,0.9685454495920858,0.8757019922714002,0.922123720931743,18,0,0.0,0,0,0,135,0,38.43415975570679,90,90,1,P1,0.9685454495920858,0.8757019922714002,0.922123720931743
camel,1,dagrs,C1_fog_noise,1,2.0,2.000000238418579,2.5999398231506348,1,90,0.9624106917512985,0.8556973523073197,0.9090540220293091,18,0,0.0,0,0,0,135,0,38.243080377578735,90,90,1,P1,0.9624106917512985,0.8556973523073197,0.9090540220293091
camel,1,dagrs,C1_fog_noise,1,3.0,3.0,3.899909496307373,1,90,0.924085776110689,0.7605652327446456,0.8423255044276673,18,0,0.0,0,0,0,135,0,81.66157388687134,90,90,1,P1,0.924085776110689,0.7605652327446456,0.8423255044276673
camel,1,dagrs,C1_fog_noise,1,4.0,3.975322723388672,5.0,1,90,0.34621113236074713,0.2827856761103661,0.31449840423555664,18,1,0.0,0,3,0,144,0,36.07491993904114,90,90,1,P1,0.34621113236074713,0.2827856761103661,0.31449840423555664
camel,1,dagrs,C1_fog_noise,1,5.0,4.522486209869385,5.0,1,90,0.719435297290036,0.37802313855427605,0.548729217922156,18,4,0.0,0,10,0,171,0,40.500587463378906,90,90,1,P1,0.719435297290036,0.37802313855427605,0.548729217922156
car-roundabout,1,dagrs,fog,0,1.0,1.0960086584091187,1.2991573810577393,1,75,0.9132548616906735,0.7479480317333841,0.8306014467120288,15,0,0.0,0,1,0,114,0,32.55674409866333,75,75,1,P1,0.9132548616906735,0.7479480317333841,0.8306014467120288
car-roundabout,1,dagrs,fog,0,2.0,2.003530740737915,2.5983147621154785,1,75,0.9159331252192057,0.7451444723214884,0.830538798770347,15,0,0.0,0,0,0,114,0,31.620143175125122,75,75,1,P1,0.9159331252192057,0.7451444723214884,0.830538798770347
car-roundabout,1,dagrs,fog,0,3.0,3.005295515060425,3.8974721431732178,1,75,0.909052356397384,0.7370407159061432,0.8230465361517636,15,0,0.0,0,0,0,114,0,31.761337280273438,75,75,1,P1,0.909052356397384,0.7370407159061432,0.8230465361517636
car-roundabout,1,dagrs,fog,0,4.0,3.983024835586548,5.0,1,75,0.8148963392543038,0.6268436853151315,0.7208700122847176,15,0,0.0,0,1,0,114,0,28.955265522003174,75,75,1,P1,0.8148963392543038,0.6268436853151315,0.7208700122847176
car-roundabout,1,dagrs,fog,0,5.0,4.528782844543457,5.0,1,75,0.8265751993503154,0.6459101323886233,0.7362426658694694,15,0,0.0,0,2,0,114,0,80.42653369903564,75,75,1,P1,0.8265751993503154,0.6459101323886233,0.7362426658694694
car-roundabout,1,dagrs,sensor_noise,0,1.0,1.0960086584091187,1.2991573810577393,1,75,0.9285823587372486,0.7590174328467796,0.8437998957920141,15,0,0.0,0,0,0,114,0,29.07149314880371,75,75,1,P1,0.9285823587372486,0.7590174328467796,0.8437998957920141
car-roundabout,1,dagrs,sensor_noise,0,2.0,2.003530740737915,2.5983147621154785,1,75,0.9393821238315623,0.7780604594699592,0.8587212916507607,15,0,0.0,0,0,0,114,0,31.140872478485107,75,75,1,P1,0.9393821238315623,0.7780604594699592,0.8587212916507607
car-roundabout,1,dagrs,sensor_noise,0,3.0,3.005295515060425,3.8974721431732178,1,75,0.9207751031208591,0.7492928671913633,0.8350339851561113,15,0,0.0,0,1,0,114,0,32.69158935546875,75,75,1,P1,0.9207751031208591,0.7492928671913633,0.8350339851561113
car-roundabout,1,dagrs,sensor_noise,0,4.0,3.983024835586548,5.0,1,75,0.929364504694798,0.7384604424905453,0.8339124735926717,15,0,0.0,0,0,0,114,0,28.745433568954468,75,75,1,P1,0.929364504694798,0.7384604424905453,0.8339124735926717
car-roundabout,1,dagrs,sensor_noise,0,5.0,4.528782844543457,5.0,1,75,0.9211751949374362,0.7360175588546107,0.8285963768960234,15,0,0.0,0,0,0,114,0,31.33411741256714,75,75,1,P1,0.9211751949374362,0.7360175588546107,0.8285963768960234
car-roundabout,1,dagrs,C1_fog_noise,1,1.0,1.0960086584091187,1.2991573810577393,1,75,0.9234833524010191,0.7468605014136048,0.8351719269073119,15,0,0.0,0,0,0,114,0,43.44311809539795,75,75,1,P1,0.9234833524010191,0.7468605014136048,0.8351719269073119
car-roundabout,1,dagrs,C1_fog_noise,1,2.0,2.003530740737915,2.5983147621154785,1,75,0.8922941305057435,0.7070028745434045,0.799648502524574,15,0,0.0,0,0,0,114,0,32.07970476150513,75,75,1,P1,0.8922941305057435,0.7070028745434045,0.799648502524574
car-roundabout,1,dagrs,C1_fog_noise,1,3.0,3.005295515060425,3.8974721431732178,1,75,0.787545740319567,0.5459199687867622,0.6667328545531646,15,0,0.0,0,0,0,114,0,51.50635027885437,75,75,1,P1,0.787545740319567,0.5459199687867622,0.6667328545531646
car-roundabout,1,dagrs,C1_fog_noise,1,4.0,3.983024835586548,5.0,1,75,0.6989272299168813,0.36600491116755135,0.5324660705422163,15,0,0.0,0,1,0,114,0,95.92746615409851,75,75,1,P1,0.6989272299168813,0.36600491116755135,0.5324660705422163
car-roundabout,1,dagrs,C1_fog_noise,1,5.0,4.528782844543457,5.0,1,75,0.6236591417321755,0.23434876580079253,0.42900395376648404,15,1,0.0,0,4,0,123,0,70.8337938785553,75,75,1,P1,0.6236591417321755,0.23434876580079253,0.42900395376648404
car-shadow,1,dagrs,fog,0,1.0,1.0956284999847412,1.2989506721496582,1,40,0.9769353132741424,0.8763198179589395,0.926627565616541,8,0,0.0,0,0,0,65,0,16.72686243057251,40,40,1,P1,0.9769353132741424,0.8763198179589395,0.926627565616541
car-shadow,1,dagrs,fog,0,2.0,2.0,2.5979013442993164,1,40,0.9763782791254177,0.8707177594831309,0.9235480193042743,8,0,0.0,0,0,0,65,0,15.7718026638031,40,40,1,P1,0.9763782791254177,0.8707177594831309,0.9235480193042743
car-shadow,1,dagrs,fog,0,3.0,3.0,3.8968522548675537,1,40,0.9752012731529893,0.8644480615415165,0.919824667347253,8,0,0.0,0,0,0,65,0,17.06137728691101,40,40,1,P1,0.9752012731529893,0.8644480615415165,0.919824667347253
car-shadow,1,dagrs,fog,0,4.0,3.9751639366149902,5.0,1,40,0.9625480646175302,0.799312095273738,0.8809300799456341,8,0,0.0,0,0,0,65,0,14.627553224563599,40,40,1,P1,0.9625480646175302,0.799312095273738,0.8809300799456341
car-shadow,1,dagrs,fog,0,5.0,4.521857261657715,5.0,1,40,0.9500546018828565,0.7472041557276541,0.8486293788052552,8,0,0.0,0,0,0,65,0,17.47853112220764,40,40,1,P1,0.9500546018828565,0.7472041557276541,0.8486293788052552
car-shadow,1,dagrs,sensor_noise,0,1.0,1.0956284999847412,1.2989506721496582,1,40,0.9775549119994735,0.880109983360968,0.9288324476802208,8,0,0.0,0,0,0,65,0,16.456629753112793,40,40,1,P1,0.9775549119994735,0.880109983360968,0.9288324476802208
car-shadow,1,dagrs,sensor_noise,0,2.0,2.0,2.5979013442993164,1,40,0.9748456785296646,0.8659554209250094,0.9204005497273371,8,0,0.0,0,0,0,65,0,15.17422866821289,40,40,1,P1,0.9748456785296646,0.8659554209250094,0.9204005497273371
car-shadow,1,dagrs,sensor_noise,0,3.0,3.0,3.8968522548675537,1,40,0.9740162903543224,0.8601788196859197,0.917097555020121,8,0,0.0,0,0,0,65,0,17.625901222229004,40,40,1,P1,0.9740162903543224,0.8601788196859197,0.917097555020121
car-shadow,1,dagrs,sensor_noise,0,4.0,3.9751639366149902,5.0,1,40,0.9732411402002284,0.8552819540734056,0.914261547136817,8,0,0.0,0,0,0,65,0,14.880587100982666,40,40,1,P1,0.9732411402002284,0.8552819540734056,0.914261547136817
car-shadow,1,dagrs,sensor_noise,0,5.0,4.521857261657715,5.0,1,40,0.9723265043119284,0.8512390299655607,0.9117827671387445,8,0,0.0,0,0,0,65,0,17.64356279373169,40,40,1,P1,0.9723265043119284,0.8512390299655607,0.9117827671387445
car-shadow,1,dagrs,C1_fog_noise,1,1.0,1.0956284999847412,1.2989506721496582,1,40,0.9754320392734265,0.8671715918577787,0.9213018155656025,8,0,0.0,0,0,0,65,0,17.230631351470947,40,40,1,P1,0.9754320392734265,0.8671715918577787,0.9213018155656025
car-shadow,1,dagrs,C1_fog_noise,1,2.0,2.0,2.5979013442993164,1,40,0.9701791969506083,0.8389110987142765,0.9045451478324424,8,0,0.0,0,0,0,65,0,16.858177423477173,40,40,1,P1,0.9701791969506083,0.8389110987142765,0.9045451478324424
car-shadow,1,dagrs,C1_fog_noise,1,3.0,3.0,3.8968522548675537,1,40,0.9518956180120854,0.7501867518600356,0.8510411849360605,8,0,0.0,0,0,0,65,0,18.42034649848938,40,40,1,P1,0.9518956180120854,0.7501867518600356,0.8510411849360605
car-shadow,1,dagrs,C1_fog_noise,1,4.0,3.9751639366149902,5.0,1,40,0.7929956461559118,0.4242460998011399,0.6086208729785259,8,1,0.0,0,2,0,74,0,19.27294611930847,40,40,1,P1,0.7929956461559118,0.4242460998011399,0.6086208729785259
car-shadow,1,dagrs,C1_fog_noise,1,5.0,4.521857261657715,5.0,1,40,0.45007893132777194,0.19679885641896278,0.32343889387336733,8,1,0.0,0,3,0,74,0,19.328037977218628,40,40,1,P1,0.45007893132777194,0.19679885641896278,0.32343889387336733
cows,1,dagrs,fog,0,1.0,1.0955315828323364,1.2997575998306274,1,104,0.9695979621136067,0.8640416489586175,0.9168198055361121,21,0,0.0,0,0,0,155,0,70.6389410495758,104,104,1,P1,0.9695979621136067,0.8640416489586175,0.9168198055361121
cows,1,dagrs,fog,0,2.0,2.0,2.599515199661255,1,104,0.9684341581932924,0.8584520961192207,0.9134431271562565,21,0,0.0,0,0,0,155,0,106.51485013961792,104,104,1,P1,0.9684341581932924,0.8584520961192207,0.9134431271562565
cows,1,dagrs,fog,0,3.0,3.0,3.899272918701172,1,104,0.9646454327000055,0.8443367898524536,0.9044911112762295,21,0,0.0,0,0,0,155,0,157.18772387504578,104,104,1,P1,0.9646454327000055,0.8443367898524536,0.9044911112762295
cows,1,dagrs,fog,0,4.0,3.9752352237701416,5.0,1,104,0.9581397306767794,0.8171346475686371,0.8876371891227082,21,0,0.0,0,0,0,155,0,148.87095618247986,104,104,1,P1,0.9581397306767794,0.8171346475686371,0.8876371891227082
cows,1,dagrs,fog,0,5.0,4.522342205047607,5.0,1,104,0.9607574026050545,0.8291496928856918,0.8949535477453732,21,0,0.0,0,0,0,155,0,44.4498016834259,104,104,1,P1,0.9607574026050545,0.8291496928856918,0.8949535477453732
cows,1,dagrs,sensor_noise,0,1.0,1.0955315828323364,1.2997575998306274,1,104,0.9700750099870112,0.8673753549491173,0.9187251824680642,21,0,0.0,0,0,0,155,0,41.51208543777466,104,104,1,P1,0.9700750099870112,0.8673753549491173,0.9187251824680642
cows,1,dagrs,sensor_noise,0,2.0,2.0,2.599515199661255,1,104,0.9692578392861806,0.8633600180343607,0.9163089286602706,21,0,0.0,0,0,0,155,0,42.59062933921814,104,104,1,P1,0.9692578392861806,0.8633600180343607,0.9163089286602706
cows,1,dagrs,sensor_noise,0,3.0,3.0,3.899272918701172,1,104,0.9666448109156054,0.8526826029935466,0.909663706954576,21,0,0.0,0,0,0,155,0,43.43381953239441,104,104,1,P1,0.9666448109156054,0.8526826029935466,0.909663706954576
cows,1,dagrs,sensor_noise,0,4.0,3.9752352237701416,5.0,1,104,0.9640539482886991,0.845537387415765,0.904795667852232,21,0,0.0,0,0,0,155,0,40.24704623222351,104,104,1,P1,0.9640539482886991,0.845537387415765,0.904795667852232
cows,1,dagrs,sensor_noise,0,5.0,4.522342205047607,5.0,1,104,0.9627560450202294,0.8386617565944547,0.9007089008073421,21,0,0.0,0,0,0,155,0,41.49296736717224,104,104,1,P1,0.9627560450202294,0.8386617565944547,0.9007089008073421
cows,1,dagrs,C1_fog_noise,1,1.0,1.0955315828323364,1.2997575998306274,1,104,0.9690864166419352,0.8620861650841891,0.9155862908630621,21,0,0.0,0,0,0,155,0,87.4961667060852,104,104,1,P1,0.9690864166419352,0.8620861650841891,0.9155862908630621
cows,1,dagrs,C1_fog_noise,1,2.0,2.0,2.599515199661255,1,104,0.9584153473274223,0.8256969181547006,0.8920561327410614,21,0,0.0,0,0,0,155,0,110.81939148902893,104,104,1,P1,0.9584153473274223,0.8256969181547006,0.8920561327410614
cows,1,dagrs,C1_fog_noise,1,3.0,3.0,3.899272918701172,1,104,0.9145330564962956,0.6964705407813174,0.8055017986388064,21,0,0.0,0,2,0,155,0,44.90100812911987,104,104,1,P1,0.9145330564962956,0.6964705407813174,0.8055017986388064
cows,1,dagrs,C1_fog_noise,1,4.0,3.9752352237701416,5.0,1,104,0.7854259325153303,0.45274051091784995,0.6190832217165901,21,1,0.0,0,5,0,164,0,41.868263483047485,104,104,1,P1,0.7854259325153303,0.45274051091784995,0.6190832217165901
cows,1,dagrs,C1_fog_noise,1,5.0,4.522342205047607,5.0,1,104,0.7402939777504731,0.30265797589433446,0.5214759768224038,21,0,0.0,0,5,0,155,0,40.041539430618286,104,104,1,P1,0.7402939777504731,0.30265797589433446,0.5214759768224038
dance-twirl,1,dagrs,fog,0,1.0,1.0955114364624023,1.2993566989898682,1,90,0.913086107915518,0.7455494280302446,0.8293177679728814,18,3,0.0,0,9,0,172,0,44.78347563743591,90,90,1,P1,0.913086107915518,0.7455494280302446,0.8293177679728814
dance-twirl,1,dagrs,fog,0,2.0,1.9999998807907104,2.5987133979797363,1,90,0.9136210653695767,0.7444561433987829,0.8290386043841798,18,3,0.0,0,8,0,172,0,41.949169874191284,90,90,1,P1,0.9136210653695767,0.7444561433987829,0.8290386043841798
dance-twirl,1,dagrs,fog,0,3.0,3.0,3.8980700969696045,1,90,0.9052628576325036,0.7246575929007487,0.8149602252666261,18,4,0.0,0,10,0,181,0,47.16334009170532,90,90,1,P1,0.9052628576325036,0.7246575929007487,0.8149602252666261
dance-twirl,1,dagrs,fog,0,4.0,3.975200653076172,5.0,1,90,0.9058744658290381,0.7195624532211936,0.8127184595251158,18,5,0.0,0,12,0,190,0,50.36261606216431,90,90,1,P1,0.9058744658290381,0.7195624532211936,0.8127184595251158
dance-twirl,1,dagrs,fog,0,5.0,4.522442817687988,5.0,1,90,0.8795628110575023,0.6692795141113155,0.7744211625844089,18,6,0.0,0,13,0,259,0,90.96527767181396,90,90,1,P1,0.8795628110575023,0.6692795141113155,0.7744211625844089
dance-twirl,1,dagrs,sensor_noise,0,1.0,1.0955114364624023,1.2993566989898682,1,90,0.9139805742238714,0.7486034031682169,0.8312919886960441,18,2,0.0,0,7,0,163,0,41.336564779281616,90,90,1,P1,0.9139805742238714,0.7486034031682169,0.8312919886960441
dance-twirl,1,dagrs,sensor_noise,0,2.0,1.9999998807907104,2.5987133979797363,1,90,0.9076828448478274,0.7373075495713146,0.822495197209571,18,2,0.0,0,7,0,163,0,43.74150562286377,90,90,1,P1,0.9076828448478274,0.7373075495713146,0.822495197209571
dance-twirl,1,dagrs,sensor_noise,0,3.0,3.0,3.8980700969696045,1,90,0.9060489799197574,0.7283048828737004,0.817176931396729,18,2,0.0,0,7,0,163,0,43.86259913444519,90,90,1,P1,0.9060489799197574,0.7283048828737004,0.817176931396729
dance-twirl,1,dagrs,sensor_noise,0,4.0,3.975200653076172,5.0,1,90,0.9037205674151071,0.720720075866431,0.8122203216407691,18,2,0.0,0,7,0,163,0,41.49099397659302,90,90,1,P1,0.9037205674151071,0.720720075866431,0.8122203216407691
dance-twirl,1,dagrs,sensor_noise,0,5.0,4.522442817687988,5.0,1,90,0.9010431769140135,0.7126668759411007,0.8068550264275571,18,2,0.0,0,8,0,163,0,43.01259207725525,90,90,1,P1,0.9010431769140135,0.7126668759411007,0.8068550264275571
dance-twirl,1,dagrs,C1_fog_noise,1,1.0,1.0955114364624023,1.2993566989898682,1,90,0.9116853338882136,0.7418210860796498,0.8267532099839316,18,3,0.0,0,9,0,172,0,46.79375243186951,90,90,1,P1,0.9116853338882136,0.7418210860796498,0.8267532099839316
dance-twirl,1,dagrs,C1_fog_noise,1,2.0,1.9999998807907104,2.5987133979797363,1,90,0.8897335118378548,0.6820480203085544,0.7858907660732046,18,3,0.0,0,9,0,172,0,43.59376788139343,90,90,1,P1,0.8897335118378548,0.6820480203085544,0.7858907660732046
dance-twirl,1,dagrs,C1_fog_noise,1,3.0,3.0,3.8980700969696045,1,90,0.7553743074738187,0.47028013339547015,0.6128272204346444,18,3,0.0,0,9,0,172,0,68.09958672523499,90,90,1,P1,0.7553743074738187,0.47028013339547015,0.6128272204346444
dance-twirl,1,dagrs,C1_fog_noise,1,4.0,3.975200653076172,5.0,1,90,0.3271371448940474,0.20865247725090647,0.2678948110724769,18,4,0.0,0,12,0,181,0,127.95997619628906,90,90,1,P1,0.3271371448940474,0.20865247725090647,0.2678948110724769
dance-twirl,1,dagrs,C1_fog_noise,1,5.0,4.522442817687988,5.0,1,90,0.2697764377188505,0.1417951100334668,0.20578577387615865,18,8,0.0,0,16,0,249,0,147.00910830497742,90,90,1,P1,0.2697764377188505,0.1417951100334668,0.20578577387615865
dog,1,dagrs,fog,0,1.0,1.095325231552124,1.2989258766174316,1,60,0.9606409241672761,0.7863933000029423,0.8735171120851092,12,0,0.0,0,0,0,93,0,24.970205783843994,60,60,1,P1,0.9606409241672761,0.7863933000029423,0.8735171120851092
dog,1,dagrs,fog,0,2.0,2.000000238418579,2.5978517532348633,1,60,0.950593159131672,0.7608420793334868,0.8557176192325794,12,0,0.0,0,3,0,93,0,25.488977432250977,60,60,1,P1,0.950593159131672,0.7608420793334868,0.8557176192325794
dog,1,dagrs,fog,0,3.0,2.999999761581421,3.896777629852295,1,60,0.9420647868099407,0.7214261457221783,0.8317454662660595,12,1,0.0,0,4,0,102,0,24.983739137649536,60,60,1,P1,0.9420647868099407,0.7214261457221783,0.8317454662660595
dog,1,dagrs,fog,0,4.0,3.9751169681549072,5.0,1,60,0.8493086557682692,0.5332431403850043,0.6912758980766367,12,3,0.0,0,8,0,120,0,29.01719093322754,60,60,1,P1,0.8493086557682692,0.5332431403850043,0.6912758980766367
dog,1,dagrs,fog,0,5.0,4.523374080657959,5.0,1,60,0.8587510584690524,0.5130846939812956,0.6859178762251741,12,5,0.0,0,11,0,190,0,53.30988955497742,60,60,1,P1,0.8587510584690524,0.5130846939812956,0.6859178762251741
dog,1,dagrs,sensor_noise,0,1.0,1.095325231552124,1.2989258766174316,1,60,0.9617713492244664,0.7944353734313696,0.878103361327918,12,0,0.0,0,0,0,93,0,25.007505178451538,60,60,1,P1,0.9617713492244664,0.7944353734313696,0.878103361327918
dog,1,dagrs,sensor_noise,0,2.0,2.000000238418579,2.5978517532348633,1,60,0.9577903718916553,0.7807807757553078,0.8692855738234815,12,0,0.0,0,0,0,93,0,23.775059700012207,60,60,1,P1,0.9577903718916553,0.7807807757553078,0.8692855738234815
dog,1,dagrs,sensor_noise,0,3.0,2.999999761581421,3.896777629852295,1,60,0.9532612352181788,0.7648936320965061,0.8590774336573425,12,0,0.0,0,1,0,93,0,24.96204710006714,60,60,1,P1,0.9532612352181788,0.7648936320965061,0.8590774336573425
dog,1,dagrs,sensor_noise,0,4.0,3.9751169681549072,5.0,1,60,0.9419390821539205,0.7347878443278567,0.8383634632408886,12,0,0.0,0,1,0,93,0,23.80922293663025,60,60,1,P1,0.9419390821539205,0.7347878443278567,0.8383634632408886
dog,1,dagrs,sensor_noise,0,5.0,4.523374080657959,5.0,1,60,0.9406253894023971,0.7296342020788692,0.8351297957406332,12,0,0.0,0,1,0,93,0,25.008168697357178,60,60,1,P1,0.9406253894023971,0.7296342020788692,0.8351297957406332
dog,1,dagrs,C1_fog_noise,1,1.0,1.095325231552124,1.2989258766174316,1,60,0.9519455878988466,0.7699256405561342,0.8609356142274904,12,0,0.0,0,0,0,93,0,25.17317223548889,60,60,1,P1,0.9519455878988466,0.7699256405561342,0.8609356142274904
dog,1,dagrs,C1_fog_noise,1,2.0,2.000000238418579,2.5978517532348633,1,60,0.9206578713332109,0.6667004369977476,0.7936791541654793,12,0,0.0,0,1,0,93,0,22.75544023513794,60,60,1,P1,0.9206578713332109,0.6667004369977476,0.7936791541654793
dog,1,dagrs,C1_fog_noise,1,3.0,2.999999761581421,3.896777629852295,1,60,0.702548582248588,0.4329091035787495,0.5677288429136688,12,2,0.0,0,6,0,111,0,32.16931390762329,60,60,1,P1,0.702548582248588,0.4329091035787495,0.5677288429136688
dog,1,dagrs,C1_fog_noise,1,4.0,3.9751169681549072,5.0,1,60,0.27674190598316206,0.16122581961523907,0.21898386279920057,12,2,0.0,0,6,0,111,0,32.044926166534424,60,60,1,P1,0.27674190598316206,0.16122581961523907,0.21898386279920057
dog,1,dagrs,C1_fog_noise,1,5.0,4.523374080657959,5.0,1,60,0.4698704422737677,0.16357528659907905,0.3167228644364234,12,2,0.0,0,5,0,111,0,28.395341157913208,60,60,1,P1,0.4698704422737677,0.16357528659907905,0.3167228644364234
dogs-jump,1,dagrs,fog,0,1.0,1.095472812652588,1.2994437217712402,1,66,0.8651255958708817,0.7581553981778986,0.8116404970243901,14,2,0.0,0,5,0,121,0,48.0740430355072,66,66,1,P1,0.8651255958708817,0.7581553981778986,0.8116404970243901
dogs-jump,2,dagrs,fog,0,1.0,1.095472812652588,1.2994437217712402,1,66,0.10541477871909267,0.10638451834760208,0.10589964853334738,14,3,0.0,0,6,0,130,0,33.298526763916016,66,66,1,P1,0.10541477871909267,0.10638451834760208,0.10589964853334738
dogs-jump,3,dagrs,fog,0,1.0,1.095472812652588,1.2994437217712402,1,66,0.9432963155111502,0.8760764068575885,0.9096863611843693,14,1,0.0,0,3,0,112,0,50.280011892318726,66,66,1,P1,0.9432963155111502,0.8760764068575885,0.9096863611843693
dogs-jump,1,dagrs,fog,0,2.0,2.0,2.5988874435424805,1,66,0.4706914281801441,0.4668425259405924,0.46876697706036824,14,2,0.0,0,6,0,121,0,94.34940719604492,66,66,1,P1,0.4706914281801441,0.4668425259405924,0.46876697706036824
dogs-jump,2,dagrs,fog,0,2.0,2.0,2.5988874435424805,1,66,0.16216691735250147,0.14015073526409488,0.1511588263082982,14,2,0.0,0,6,0,121,0,31.198883533477783,66,66,1,P1,0.16216691735250147,0.14015073526409488,0.1511588263082982
dogs-jump,3,dagrs,fog,0,2.0,2.0,2.5988874435424805,1,66,0.9292976447219753,0.8576586464707634,0.8934781455963694,14,1,0.0,0,3,0,112,0,48.891486406326294,66,66,1,P1,0.9292976447219753,0.8576586464707634,0.8934781455963694
dogs-jump,1,dagrs,fog,0,3.0,3.000000238418579,3.8983314037323,1,66,0.447134728691575,0.44152539547155323,0.4443300620815641,14,1,0.0,0,4,0,112,0,42.91765880584717,66,66,1,P1,0.447134728691575,0.44152539547155323,0.4443300620815641
dogs-jump,2,dagrs,fog,0,3.0,3.000000238418579,3.8983314037323,1,66,0.10089704666219562,0.11811313587742044,0.10950509126980804,14,2,0.0,0,6,0,121,0,69.33872723579407,66,66,1,P1,0.10089704666219562,0.11811313587742044,0.10950509126980804
dogs-jump,3,dagrs,fog,0,3.0,3.000000238418579,3.8983314037323,1,66,0.9114807127087471,0.8432573796146391,0.8773690461616931,14,1,0.0,0,3,0,112,0,115.56467819213867,66,66,1,P1,0.9114807127087471,0.8432573796146391,0.8773690461616931
dogs-jump,1,dagrs,fog,0,4.0,3.9751174449920654,5.0,1,66,0.21716089255983184,0.2216263291085769,0.2193936108342044,14,2,0.0,0,7,0,121,0,65.10755062103271,66,66,1,P1,0.21716089255983184,0.2216263291085769,0.2193936108342044
dogs-jump,2,dagrs,fog,0,4.0,3.9751174449920654,5.0,1,66,0.10130542637564412,0.09944894295881913,0.10037718466723163,14,4,0.0,0,10,0,177,0,45.15822124481201,66,66,1,P1,0.10130542637564412,0.09944894295881913,0.10037718466723163
dogs-jump,3,dagrs,fog,0,4.0,3.9751174449920654,5.0,1,66,0.7999091736884547,0.7580443062849077,0.7789767399866812,14,2,0.0,0,5,0,121,0,66.41030788421631,66,66,1,P1,0.7999091736884547,0.7580443062849077,0.7789767399866812
dogs-jump,1,dagrs,fog,0,5.0,4.522635459899902,5.0,1,66,0.4225624849850057,0.38481721977149697,0.40368985237825133,14,3,0.0,0,8,0,130,0,49.981921434402466,66,66,1,P1,0.4225624849850057,0.38481721977149697,0.40368985237825133
dogs-jump,2,dagrs,fog,0,5.0,4.522635459899902,5.0,1,66,0.19668176256324643,0.18254521368833354,0.18961348812579,14,7,0.0,0,14,0,254,0,63.45798659324646,66,66,1,P1,0.19668176256324643,0.18254521368833354,0.18961348812579
dogs-jump,3,dagrs,fog,0,5.0,4.522635459899902,5.0,1,66,0.7998696564433597,0.7513753625975413,0.7756225095204505,14,3,0.0,0,7,0,130,0,69.66712880134583,66,66,1,P1,0.7998696564433597,0.7513753625975413,0.7756225095204505
dogs-jump,1,dagrs,sensor_noise,0,1.0,1.095472812652588,1.2994437217712402,1,66,0.7888058285825272,0.6906941834063425,0.7397500059944349,14,4,0.0,0,8,0,139,0,36.57013010978699,66,66,1,P1,0.7888058285825272,0.6906941834063425,0.7397500059944349
dogs-jump,2,dagrs,sensor_noise,0,1.0,1.095472812652588,1.2994437217712402,1,66,0.1102853205440468,0.1315797300942252,0.120932525319136,14,2,0.0,0,5,0,121,0,31.555402517318726,66,66,1,P1,0.1102853205440468,0.1315797300942252,0.120932525319136
dogs-jump,3,dagrs,sensor_noise,0,1.0,1.095472812652588,1.2994437217712402,1,66,0.9411220199452289,0.8700077915322192,0.9055649057387241,14,1,0.0,0,3,0,112,0,26.963799238204956,66,66,1,P1,0.9411220199452289,0.8700077915322192,0.9055649057387241
dogs-jump,1,dagrs,sensor_noise,0,2.0,2.0,2.5988874435424805,1,66,0.8366068265366399,0.6759864463206231,0.7562966364286314,14,2,0.0,0,6,0,121,0,30.476093530654907,66,66,1,P1,0.8366068265366399,0.6759864463206231,0.7562966364286314
dogs-jump,2,dagrs,sensor_noise,0,2.0,2.0,2.5988874435424805,1,66,0.10846160462709001,0.12903951054384907,0.11875055758546954,14,2,0.0,0,6,0,121,0,30.83550500869751,66,66,1,P1,0.10846160462709001,0.12903951054384907,0.11875055758546954
dogs-jump,3,dagrs,sensor_noise,0,2.0,2.0,2.5988874435424805,1,66,0.9325550621857427,0.8608582307675742,0.8967066464766584,14,0,0.0,0,2,0,103,0,27.296142578125,66,66,1,P1,0.9325550621857427,0.8608582307675742,0.8967066464766584
dogs-jump,1,dagrs,sensor_noise,0,3.0,3.000000238418579,3.8983314037323,1,66,0.8586614380512532,0.7336134144001708,0.7961374262257119,14,0,0.0,0,3,0,103,0,25.865420818328857,66,66,1,P1,0.8586614380512532,0.7336134144001708,0.7961374262257119
dogs-jump,2,dagrs,sensor_noise,0,3.0,3.000000238418579,3.8983314037323,1,66,0.11879976917056707,0.11175237034846078,0.11527606975951393,14,1,0.0,0,4,0,112,0,30.77793264389038,66,66,1,P1,0.11879976917056707,0.11175237034846078,0.11527606975951393
dogs-jump,3,dagrs,sensor_noise,0,3.0,3.000000238418579,3.8983314037323,1,66,0.9058060154947203,0.8297287061671954,0.8677673608309578,14,0,0.0,0,2,0,103,0,30.642402410507202,66,66,1,P1,0.9058060154947203,0.8297287061671954,0.8677673608309578
dogs-jump,1,dagrs,sensor_noise,0,4.0,3.9751174449920654,5.0,1,66,0.8374397401580205,0.7121079433234725,0.7747738417407465,14,0,0.0,0,3,0,103,0,26.792617082595825,66,66,1,P1,0.8374397401580205,0.7121079433234725,0.7747738417407465
dogs-jump,2,dagrs,sensor_noise,0,4.0,3.9751174449920654,5.0,1,66,0.10766711665586656,0.12446327175157032,0.11606519420371844,14,1,0.0,0,4,0,112,0,30.137614727020264,66,66,1,P1,0.10766711665586656,0.12446327175157032,0.11606519420371844
dogs-jump,3,dagrs,sensor_noise,0,4.0,3.9751174449920654,5.0,1,66,0.8988001078959754,0.8215089849112667,0.8601545464036211,14,0,0.0,0,1,0,103,0,28.864482641220093,66,66,1,P1,0.8988001078959754,0.8215089849112667,0.8601545464036211
dogs-jump,1,dagrs,sensor_noise,0,5.0,4.522635459899902,5.0,1,66,0.8403154798784931,0.7086873254884495,0.7745014026834713,14,0,0.0,0,3,0,103,0,26.764082193374634,66,66,1,P1,0.8403154798784931,0.7086873254884495,0.7745014026834713
dogs-jump,2,dagrs,sensor_noise,0,5.0,4.522635459899902,5.0,1,66,0.10701048682059393,0.1212844759835076,0.11414748140205076,14,1,0.0,0,3,0,112,0,28.67999291419983,66,66,1,P1,0.10701048682059393,0.1212844759835076,0.11414748140205076
dogs-jump,3,dagrs,sensor_noise,0,5.0,4.522635459899902,5.0,1,66,0.8927065525632562,0.8133206381443014,0.8530135953537787,14,0,0.0,0,1,0,103,0,26.84173345565796,66,66,1,P1,0.8927065525632562,0.8133206381443014,0.8530135953537787
dogs-jump,1,dagrs,C1_fog_noise,1,1.0,1.095472812652588,1.2994437217712402,1,66,0.8717433666200389,0.7577315044813541,0.8147374355506964,14,2,0.0,0,5,0,121,0,44.74994683265686,66,66,1,P1,0.8717433666200389,0.7577315044813541,0.8147374355506964
dogs-jump,2,dagrs,C1_fog_noise,1,1.0,1.095472812652588,1.2994437217712402,1,66,0.10915328136099507,0.10639535915609129,0.10777432025854318,14,3,0.0,0,6,0,130,0,102.50364804267883,66,66,1,P1,0.10915328136099507,0.10639535915609129,0.10777432025854318
dogs-jump,3,dagrs,C1_fog_noise,1,1.0,1.095472812652588,1.2994437217712402,1,66,0.9366780702078581,0.8646633100427426,0.9006706901253003,14,1,0.0,0,3,0,112,0,40.96035170555115,66,66,1,P1,0.9366780702078581,0.8646633100427426,0.9006706901253003
dogs-jump,1,dagrs,C1_fog_noise,1,2.0,2.0,2.5988874435424805,1,66,0.7079877142211239,0.5600291722972932,0.6340084432592086,14,3,0.0,0,6,0,130,0,35.11974811553955,66,66,1,P1,0.7079877142211239,0.5600291722972932,0.6340084432592086
dogs-jump,2,dagrs,C1_fog_noise,1,2.0,2.0,2.5988874435424805,1,66,0.1261026948403974,0.10756518804916233,0.11683394144477988,14,2,0.0,0,5,0,121,0,32.87740659713745,66,66,1,P1,0.1261026948403974,0.10756518804916233,0.11683394144477988
dogs-jump,3,dagrs,C1_fog_noise,1,2.0,2.0,2.5988874435424805,1,66,0.37331629579082615,0.399134507792587,0.3862254017917066,14,2,0.0,0,4,0,121,0,31.421550989151,66,66,1,P1,0.37331629579082615,0.399134507792587,0.3862254017917066
dogs-jump,1,dagrs,C1_fog_noise,1,3.0,3.000000238418579,3.8983314037323,1,66,0.35764697551341545,0.29598306771030286,0.32681502161185916,14,1,0.0,0,4,0,112,0,94.01575946807861,66,66,1,P1,0.35764697551341545,0.29598306771030286,0.32681502161185916
dogs-jump,2,dagrs,C1_fog_noise,1,3.0,3.000000238418579,3.8983314037323,1,66,0.09824750540587456,0.0710439895618534,0.08464574748386397,14,3,0.0,0,7,0,158,0,59.98398303985596,66,66,1,P1,0.09824750540587456,0.0710439895618534,0.08464574748386397
dogs-jump,3,dagrs,C1_fog_noise,1,3.0,3.000000238418579,3.8983314037323,1,66,0.44873428464678855,0.44725851224407664,0.4479963984454326,14,4,0.0,0,9,0,139,0,35.74671936035156,66,66,1,P1,0.44873428464678855,0.44725851224407664,0.4479963984454326
dogs-jump,1,dagrs,C1_fog_noise,1,4.0,3.9751174449920654,5.0,1,66,0.17915051113648212,0.1597470934789286,0.16944880230770537,14,1,0.0,0,4,0,112,0,88.52378296852112,66,66,1,P1,0.17915051113648212,0.1597470934789286,0.16944880230770537
dogs-jump,2,dagrs,C1_fog_noise,1,4.0,3.9751174449920654,5.0,1,66,0.0909710674270238,0.05794703769984786,0.07445905256343582,14,4,0.0,0,9,0,191,0,48.89591574668884,66,66,1,P1,0.0909710674270238,0.05794703769984786,0.07445905256343582
dogs-jump,3,dagrs,C1_fog_noise,1,4.0,3.9751174449920654,5.0,1,66,0.4429737175328228,0.39882117274225853,0.4208974451375407,14,5,0.0,0,11,0,176,0,42.846839904785156,66,66,1,P1,0.4429737175328228,0.39882117274225853,0.4208974451375407
dogs-jump,1,dagrs,C1_fog_noise,1,5.0,4.522635459899902,5.0,1,66,0.1336365895790427,0.09888836129869864,0.11626247543887067,14,3,0.0,0,9,0,140,0,34.91706967353821,66,66,1,P1,0.1336365895790427,0.09888836129869864,0.11626247543887067
dogs-jump,2,dagrs,C1_fog_noise,1,5.0,4.522635459899902,5.0,1,66,0.10962654455163601,0.06544422052233187,0.08753538253698394,14,3,0.0,0,9,0,144,0,47.144038915634155,66,66,1,P1,0.10962654455163601,0.06544422052233187,0.08753538253698394
dogs-jump,3,dagrs,C1_fog_noise,1,5.0,4.522635459899902,5.0,1,66,0.3590200773839263,0.3011316346415561,0.3300758560127412,14,5,0.0,0,11,0,204,0,52.02401351928711,66,66,1,P1,0.3590200773839263,0.3011316346415561,0.3300758560127412
drift-chicane,1,dagrs,fog,0,1.0,1.0956943035125732,1.2999013662338257,1,52,0.10075779187146607,0.22904591457278778,0.16490185322212692,11,0,0.0,0,2,0,93,0,23.70917534828186,52,52,1,P1,0.10075779187146607,0.22904591457278778,0.16490185322212692
drift-chicane,1,dagrs,fog,0,2.0,2.000000238418579,2.5998027324676514,1,52,0.232640687316929,0.2598045522290363,0.24622261977298265,11,1,0.0,0,3,0,106,0,25.946924209594727,52,52,1,P1,0.232640687316929,0.2598045522290363,0.24622261977298265
drift-chicane,1,dagrs,fog,0,3.0,2.999999761581421,3.8997039794921875,1,52,0.47343504273872544,0.3440436746667657,0.4087393587027456,11,1,0.0,0,3,0,106,0,44.085131883621216,52,52,1,P1,0.47343504273872544,0.3440436746667657,0.4087393587027456
drift-chicane,1,dagrs,fog,0,4.0,3.9748661518096924,5.0,1,52,0.4637657731509328,0.32738073750581215,0.3955732553283725,11,2,0.0,0,4,0,129,0,31.33496856689453,52,52,1,P1,0.4637657731509328,0.32738073750581215,0.3955732553283725
drift-chicane,1,dagrs,fog,0,5.0,4.521529197692871,5.0,1,52,0.4390717800119302,0.30623083018023634,0.37265130509608324,11,2,0.0,0,4,0,129,0,32.37729024887085,52,52,1,P1,0.4390717800119302,0.30623083018023634,0.37265130509608324
drift-chicane,1,dagrs,sensor_noise,0,1.0,1.0956943035125732,1.2999013662338257,1,52,0.525951552464041,0.4750697528907845,0.5005106526774128,11,1,0.0,0,2,0,106,0,26.67487931251526,52,52,1,P1,0.525951552464041,0.4750697528907845,0.5005106526774128
drift-chicane,1,dagrs,sensor_noise,0,2.0,2.000000238418579,2.5998027324676514,1,52,0.056657618749701884,0.19094724741688443,0.12380243308329315,11,1,0.0,0,2,0,106,0,27.557918071746826,52,52,1,P1,0.056657618749701884,0.19094724741688443,0.12380243308329315
drift-chicane,1,dagrs,sensor_noise,0,3.0,2.999999761581421,3.8997039794921875,1,52,0.05805873450484194,0.19007962714850216,0.12406918082667205,11,1,0.0,0,2,0,106,0,27.515207290649414,52,52,1,P1,0.05805873450484194,0.19007962714850216,0.12406918082667205
drift-chicane,1,dagrs,sensor_noise,0,4.0,3.9748661518096924,5.0,1,52,0.061038864470296064,0.18785732669589572,0.12444809558309589,11,1,0.0,0,2,0,106,0,29.207472562789917,52,52,1,P1,0.061038864470296064,0.18785732669589572,0.12444809558309589
drift-chicane,1,dagrs,sensor_noise,0,5.0,4.521529197692871,5.0,1,52,0.09493420874763318,0.20299752377620747,0.14896586626192032,11,0,0.0,0,2,0,93,0,80.65053510665894,52,52,1,P1,0.09493420874763318,0.20299752377620747,0.14896586626192032
drift-chicane,1,dagrs,C1_fog_noise,1,1.0,1.0956943035125732,1.2999013662338257,1,52,0.6473984218413436,0.5243365541269737,0.5858674879841586,11,1,0.0,0,3,0,106,0,27.827579021453857,52,52,1,P1,0.6473984218413436,0.5243365541269737,0.5858674879841586
drift-chicane,1,dagrs,C1_fog_noise,1,2.0,2.000000238418579,2.5998027324676514,1,52,0.04940406075384039,0.18841411425469193,0.11890908750426615,11,1,0.0,0,2,0,106,0,28.096532583236694,52,52,1,P1,0.04940406075384039,0.18841411425469193,0.11890908750426615
drift-chicane,1,dagrs,C1_fog_noise,1,3.0,2.999999761581421,3.8997039794921875,1,52,0.1158110475848868,0.11303365918069444,0.11442235338279062,11,1,0.0,0,4,0,106,0,78.37893104553223,52,52,1,P1,0.1158110475848868,0.11303365918069444,0.11442235338279062
drift-chicane,1,dagrs,C1_fog_noise,1,4.0,3.9748661518096924,5.0,1,52,0.18408058058122012,0.10301851853808809,0.1435495495596541,11,2,0.0,0,6,0,111,0,29.96645212173462,52,52,1,P1,0.18408058058122012,0.10301851853808809,0.1435495495596541
drift-chicane,1,dagrs,C1_fog_noise,1,5.0,4.521529197692871,5.0,1,52,0.12520512260213462,0.06596695409337115,0.0955860383477529,11,0,0.0,0,3,0,93,0,72.78065276145935,52,52,1,P1,0.12520512260213462,0.06596695409337115,0.0955860383477529
drift-straight,1,dagrs,fog,0,1.0,1.095554232597351,1.299994945526123,1,50,0.9410050709783591,0.7106192704618501,0.8258121707201046,10,3,0.0,0,7,0,144,0,39.50243043899536,50,50,1,P1,0.9410050709783591,0.7106192704618501,0.8258121707201046
drift-straight,1,dagrs,fog,0,2.0,2.0,2.599989891052246,1,50,0.9384821103374569,0.6843202671786343,0.8114011887580456,10,3,0.0,0,8,0,144,0,35.889801263809204,50,50,1,P1,0.9384821103374569,0.6843202671786343,0.8114011887580456
drift-straight,1,dagrs,fog,0,3.0,3.0,3.899984836578369,1,50,0.5981225968671214,0.41715815931841616,0.5076403780927687,10,2,0.0,0,7,0,121,0,29.45098304748535,50,50,1,P1,0.5981225968671214,0.41715815931841616,0.5076403780927687
drift-straight,1,dagrs,fog,0,4.0,3.9748945236206055,5.0,1,50,0.6048742757954845,0.39921796003318816,0.5020461179143363,10,1,0.0,0,6,0,112,0,28.467018604278564,50,50,1,P1,0.6048742757954845,0.39921796003318816,0.5020461179143363
drift-straight,1,dagrs,fog,0,5.0,4.522229194641113,5.0,1,50,0.5766953968148797,0.3766208996012031,0.4766581482080414,10,1,0.0,0,5,0,112,0,27.665935516357422,50,50,1,P1,0.5766953968148797,0.3766208996012031,0.4766581482080414
drift-straight,1,dagrs,sensor_noise,0,1.0,1.095554232597351,1.299994945526123,1,50,0.6335076478035481,0.4885086603945617,0.5610081540990549,10,3,0.0,0,7,0,144,0,35.385868072509766,50,50,1,P1,0.6335076478035481,0.4885086603945617,0.5610081540990549
drift-straight,1,dagrs,sensor_noise,0,2.0,2.0,2.599989891052246,1,50,0.9337773947894117,0.6893005635914232,0.8115389791904175,10,3,0.0,0,8,0,144,0,35.761730909347534,50,50,1,P1,0.9337773947894117,0.6893005635914232,0.8115389791904175
drift-straight,1,dagrs,sensor_noise,0,3.0,3.0,3.899984836578369,1,50,0.9196485199606563,0.6713164516218069,0.7954824857912316,10,3,0.0,0,8,0,144,0,35.74488043785095,50,50,1,P1,0.9196485199606563,0.6713164516218069,0.7954824857912316
drift-straight,1,dagrs,sensor_noise,0,4.0,3.9748945236206055,5.0,1,50,0.6605823802207457,0.4819928089694309,0.5712875945950883,10,3,0.0,0,7,0,144,0,36.55012512207031,50,50,1,P1,0.6605823802207457,0.4819928089694309,0.5712875945950883
drift-straight,1,dagrs,sensor_noise,0,5.0,4.522229194641113,5.0,1,50,0.7615003453173054,0.5257436795063647,0.643622012411835,10,3,0.0,0,8,0,144,0,35.134708642959595,50,50,1,P1,0.7615003453173054,0.5257436795063647,0.643622012411835
drift-straight,1,dagrs,C1_fog_noise,1,1.0,1.095554232597351,1.299994945526123,1,50,0.9365801286705161,0.6893438946095226,0.8129620116400194,10,3,0.0,0,7,0,144,0,35.32208967208862,50,50,1,P1,0.9365801286705161,0.6893438946095226,0.8129620116400194
drift-straight,1,dagrs,C1_fog_noise,1,2.0,2.0,2.599989891052246,1,50,0.9116464343014702,0.5923722806666973,0.7520093574840838,10,2,0.0,0,6,0,97,0,23.40521812438965,50,50,1,P1,0.9116464343014702,0.5923722806666973,0.7520093574840838
drift-straight,1,dagrs,C1_fog_noise,1,3.0,3.0,3.899984836578369,1,50,0.7738231542236305,0.3780295198728422,0.5759263370482364,10,4,0.0,0,8,0,115,0,24.903773307800293,50,50,1,P1,0.7738231542236305,0.3780295198728422,0.5759263370482364
drift-straight,1,dagrs,C1_fog_noise,1,4.0,3.9748945236206055,5.0,1,50,0.48269756936113845,0.217459987200686,0.3500787782809122,10,1,0.0,0,5,0,112,0,31.317406177520752,50,50,1,P1,0.48269756936113845,0.217459987200686,0.3500787782809122
drift-straight,1,dagrs,C1_fog_noise,1,5.0,4.522229194641113,5.0,1,50,0.3047975414334998,0.12483280487030811,0.21481517315190396,10,1,0.0,0,5,0,112,0,31.977449417114258,50,50,1,P1,0.3047975414334998,0.12483280487030811,0.21481517315190396
goat,1,dagrs,fog,0,1.0,1.0954726934432983,1.2997480630874634,1,90,0.927812050360083,0.7225677041477959,0.8251898772539394,18,0,0.0,0,1,0,145,0,99.21901273727417,90,90,1,P1,0.927812050360083,0.7225677041477959,0.8251898772539394
goat,1,dagrs,fog,0,2.0,2.0,2.5994961261749268,1,90,0.9176439783247867,0.6850034223878562,0.8013237003563214,18,0,0.0,0,1,0,145,0,41.70303177833557,90,90,1,P1,0.9176439783247867,0.6850034223878562,0.8013237003563214
goat,1,dagrs,fog,0,3.0,3.0,3.8992443084716797,1,90,0.9012167284482053,0.6417542455147128,0.7714854869814591,18,1,0.0,0,3,0,154,0,45.73423790931702,90,90,1,P1,0.9012167284482053,0.6417542455147128,0.7714854869814591
goat,1,dagrs,fog,0,4.0,3.975283145904541,5.0,1,90,0.8482982630380688,0.5346217005221813,0.691459981780125,18,1,0.0,0,5,0,154,0,41.53916525840759,90,90,1,P1,0.8482982630380688,0.5346217005221813,0.691459981780125
goat,1,dagrs,fog,0,5.0,4.522636890411377,5.0,1,90,0.816016173618278,0.47643497713214106,0.6462255753752095,18,3,0.0,0,9,0,186,0,50.6314640045166,90,90,1,P1,0.816016173618278,0.47643497713214106,0.6462255753752095
goat,1,dagrs,sensor_noise,0,1.0,1.0954726934432983,1.2997480630874634,1,90,0.9275738685824466,0.7224645840325293,0.825019226307488,18,0,0.0,0,1,0,145,0,69.60789155960083,90,90,1,P1,0.9275738685824466,0.7224645840325293,0.825019226307488
goat,1,dagrs,sensor_noise,0,2.0,2.0,2.5994961261749268,1,90,0.9214959772539738,0.7050088220381842,0.813252399646079,18,0,0.0,0,1,0,145,0,42.17078924179077,90,90,1,P1,0.9214959772539738,0.7050088220381842,0.813252399646079
goat,1,dagrs,sensor_noise,0,3.0,3.0,3.8992443084716797,1,90,0.9112771473844604,0.6751163466696593,0.7931967470270598,18,0,0.0,0,1,0,145,0,71.29675459861755,90,90,1,P1,0.9112771473844604,0.6751163466696593,0.7931967470270598
goat,1,dagrs,sensor_noise,0,4.0,3.975283145904541,5.0,1,90,0.8969564177578375,0.6353541704876455,0.7661552941227415,18,0,0.0,0,2,0,145,0,39.516993284225464,90,90,1,P1,0.8969564177578375,0.6353541704876455,0.7661552941227415
goat,1,dagrs,sensor_noise,0,5.0,4.522636890411377,5.0,1,90,0.8961487457777549,0.6321033700667584,0.7641260579222566,18,0,0.0,0,1,0,145,0,44.96127271652222,90,90,1,P1,0.8961487457777549,0.6321033700667584,0.7641260579222566
goat,1,dagrs,C1_fog_noise,1,1.0,1.0954726934432983,1.2997480630874634,1,90,0.923712842909283,0.7088390531564217,0.8162759480328523,18,0,0.0,0,1,0,145,0,79.26310586929321,90,90,1,P1,0.923712842909283,0.7088390531564217,0.8162759480328523
goat,1,dagrs,C1_fog_noise,1,2.0,2.0,2.5994961261749268,1,90,0.8779196001970866,0.5904789930983431,0.7341992966477149,18,1,0.0,0,3,0,154,0,44.741413593292236,90,90,1,P1,0.8779196001970866,0.5904789930983431,0.7341992966477149
goat,1,dagrs,C1_fog_noise,1,3.0,3.0,3.8992443084716797,1,90,0.6446260491113776,0.30539325800711353,0.4750096535592455,18,1,0.0,0,5,0,154,0,42.9155170917511,90,90,1,P1,0.6446260491113776,0.30539325800711353,0.4750096535592455
goat,1,dagrs,C1_fog_noise,1,4.0,3.975283145904541,5.0,1,90,0.158703580579469,0.07770444038071186,0.11820401048009044,18,1,0.0,0,5,0,154,0,79.95049858093262,90,90,1,P1,0.158703580579469,0.07770444038071186,0.11820401048009044
goat,1,dagrs,C1_fog_noise,1,5.0,4.522636890411377,5.0,1,90,0.15963152632786978,0.07941880301202499,0.11952516466994739,18,3,0.0,0,8,0,162,0,41.6740448474884,90,90,1,P1,0.15963152632786978,0.07941880301202499,0.11952516466994739
gold-fish,1,dagrs,fog,0,1.0,1.095465064048767,1.2998311519622803,1,78,0.9034202655893426,0.726416940556538,0.8149186030729403,16,1,0.0,0,3,0,128,0,31.819000244140625,78,78,1,P1,0.9034202655893426,0.726416940556538,0.8149186030729403
gold-fish,2,dagrs,fog,0,1.0,1.095465064048767,1.2998311519622803,1,78,0.8646695994577053,0.7561273519040616,0.8103984756808834,16,0,0.0,0,2,0,119,0,31.036128282546997,78,78,1,P1,0.8646695994577053,0.7561273519040616,0.8103984756808834
gold-fish,3,dagrs,fog,0,1.0,1.095465064048767,1.2998311519622803,1,78,0.89989126968107,0.7706748963047537,0.8352830829929119,16,1,0.0,0,2,0,128,0,35.92721891403198,78,78,1,P1,0.89989126968107,0.7706748963047537,0.8352830829929119
gold-fish,4,dagrs,fog,0,1.0,1.095465064048767,1.2998311519622803,1,78,0.9131221216860982,0.7992266717272634,0.8561743967066808,16,0,0.0,0,0,0,119,0,29.30885100364685,78,78,1,P1,0.9131221216860982,0.7992266717272634,0.8561743967066808
gold-fish,5,dagrs,fog,0,1.0,1.095465064048767,1.2998311519622803,1,78,0.9101417614097952,0.7357749361458508,0.8229583487778229,16,0,0.0,0,0,0,119,0,30.888814687728882,78,78,1,P1,0.9101417614097952,0.7357749361458508,0.8229583487778229
gold-fish,1,dagrs,fog,0,2.0,2.000000238418579,2.5996623039245605,1,78,0.8930315914399929,0.703649371085894,0.7983404812629434,16,1,0.0,0,3,0,128,0,31.38407063484192,78,78,1,P1,0.8930315914399929,0.703649371085894,0.7983404812629434
gold-fish,2,dagrs,fog,0,2.0,2.000000238418579,2.5996623039245605,1,78,0.8555641144266084,0.7489564616602166,0.8022602880434124,16,1,0.0,0,3,0,128,0,32.09207272529602,78,78,1,P1,0.8555641144266084,0.7489564616602166,0.8022602880434124
gold-fish,3,dagrs,fog,0,2.0,2.000000238418579,2.5996623039245605,1,78,0.8861454678373323,0.7481521539021563,0.8171488108697442,16,0,0.0,0,1,0,119,0,36.18778920173645,78,78,1,P1,0.8861454678373323,0.7481521539021563,0.8171488108697442
gold-fish,4,dagrs,fog,0,2.0,2.000000238418579,2.5996623039245605,1,78,0.9057658120658212,0.7775499863401033,0.8416578992029622,16,0,0.0,0,0,0,119,0,33.8202006816864,78,78,1,P1,0.9057658120658212,0.7775499863401033,0.8416578992029622
gold-fish,5,dagrs,fog,0,2.0,2.000000238418579,2.5996623039245605,1,78,0.8988056404391701,0.6727594842851737,0.7857825623621719,16,0,0.0,0,1,0,119,0,30.787464141845703,78,78,1,P1,0.8988056404391701,0.6727594842851737,0.7857825623621719
gold-fish,1,dagrs,fog,0,3.0,2.999999761581421,3.899493455886841,1,78,0.8021359285770276,0.5751168827767488,0.6886264056768883,16,1,0.0,0,6,0,138,0,34.09984755516052,78,78,1,P1,0.8021359285770276,0.5751168827767488,0.6886264056768883
gold-fish,2,dagrs,fog,0,3.0,2.999999761581421,3.899493455886841,1,78,0.8178842400122436,0.6966137840199678,0.7572490120161057,16,0,0.0,0,3,0,129,0,33.206899642944336,78,78,1,P1,0.8178842400122436,0.6966137840199678,0.7572490120161057
gold-fish,3,dagrs,fog,0,3.0,2.999999761581421,3.899493455886841,1,78,0.8420321219475911,0.6757416256860457,0.7588868738168184,16,0,0.0,0,1,0,119,0,32.822874546051025,78,78,1,P1,0.8420321219475911,0.6757416256860457,0.7588868738168184
gold-fish,4,dagrs,fog,0,3.0,2.999999761581421,3.899493455886841,1,78,0.7964413819452796,0.6280438307962064,0.712242606370743,16,0,0.0,0,2,0,119,0,31.53027367591858,78,78,1,P1,0.7964413819452796,0.6280438307962064,0.712242606370743
gold-fish,5,dagrs,fog,0,3.0,2.999999761581421,3.899493455886841,1,78,0.7733268101212926,0.4618122611499693,0.617569535635631,16,1,0.0,0,4,0,128,0,31.730892181396484,78,78,1,P1,0.7733268101212926,0.4618122611499693,0.617569535635631
gold-fish,1,dagrs,fog,0,4.0,3.9752306938171387,5.0,1,78,0.6911218138993043,0.46197679428010585,0.5765493040897051,16,4,0.0,0,9,0,165,0,52.33372259140015,78,78,1,P1,0.6911218138993043,0.46197679428010585,0.5765493040897051
gold-fish,2,dagrs,fog,0,4.0,3.9752306938171387,5.0,1,78,0.8393122848663228,0.6865512434906377,0.7629317641784803,16,1,0.0,0,4,0,138,0,34.12070846557617,78,78,1,P1,0.8393122848663228,0.6865512434906377,0.7629317641784803
gold-fish,3,dagrs,fog,0,4.0,3.9752306938171387,5.0,1,78,0.842826575631515,0.6742258425758753,0.7585262091036951,16,1,0.0,0,3,0,128,0,33.7689094543457,78,78,1,P1,0.842826575631515,0.6742258425758753,0.7585262091036951
gold-fish,4,dagrs,fog,0,4.0,3.9752306938171387,5.0,1,78,0.7404433159685445,0.5517223212316262,0.6460828186000853,16,1,0.0,0,5,0,138,0,35.002647161483765,78,78,1,P1,0.7404433159685445,0.5517223212316262,0.6460828186000853
gold-fish,5,dagrs,fog,0,4.0,3.9752306938171387,5.0,1,78,0.6270739302200352,0.25961801356988956,0.4433459718949624,16,0,0.0,0,3,0,129,0,31.160400867462158,78,78,1,P1,0.6270739302200352,0.25961801356988956,0.4433459718949624
gold-fish,1,dagrs,fog,0,5.0,4.522674560546875,5.0,1,78,0.5974281677165109,0.3625145056734624,0.4799713366949866,16,2,0.0,0,9,0,147,0,36.11796998977661,78,78,1,P1,0.5974281677165109,0.3625145056734624,0.4799713366949866
gold-fish,2,dagrs,fog,0,5.0,4.522674560546875,5.0,1,78,0.8241728325848586,0.6674513218699781,0.7458120772274184,16,1,0.0,0,5,0,138,0,34.107423305511475,78,78,1,P1,0.8241728325848586,0.6674513218699781,0.7458120772274184
gold-fish,3,dagrs,fog,0,5.0,4.522674560546875,5.0,1,78,0.7493051190090387,0.589329203159219,0.6693171610841289,16,0,0.0,0,1,0,119,0,77.01520419120789,78,78,1,P1,0.7493051190090387,0.589329203159219,0.6693171610841289
gold-fish,4,dagrs,fog,0,5.0,4.522674560546875,5.0,1,78,0.7857714882795584,0.5989212557221032,0.6923463720008308,16,0,0.0,0,1,0,129,0,35.44871401786804,78,78,1,P1,0.7857714882795584,0.5989212557221032,0.6923463720008308
gold-fish,5,dagrs,fog,0,5.0,4.522674560546875,5.0,1,78,0.6074607963058222,0.2157882798380782,0.4116245380719502,16,1,0.0,0,2,0,142,0,36.695557594299316,78,78,1,P1,0.6074607963058222,0.2157882798380782,0.4116245380719502
gold-fish,1,dagrs,sensor_noise,0,1.0,1.095465064048767,1.2998311519622803,1,78,0.8972884853056635,0.7118780137904219,0.8045832495480427,16,1,0.0,0,4,0,128,0,75.72336792945862,78,78,1,P1,0.8972884853056635,0.7118780137904219,0.8045832495480427
gold-fish,2,dagrs,sensor_noise,0,1.0,1.095465064048767,1.2998311519622803,1,78,0.8685249165703629,0.7647744353400082,0.8166496759551856,16,0,0.0,0,1,0,119,0,33.14749598503113,78,78,1,P1,0.8685249165703629,0.7647744353400082,0.8166496759551856
gold-fish,3,dagrs,sensor_noise,0,1.0,1.095465064048767,1.2998311519622803,1,78,0.8722039058208599,0.7361481364323779,0.8041760211266189,16,0,0.0,0,1,0,119,0,32.39563322067261,78,78,1,P1,0.8722039058208599,0.7361481364323779,0.8041760211266189
gold-fish,4,dagrs,sensor_noise,0,1.0,1.095465064048767,1.2998311519622803,1,78,0.9283988169389631,0.8309149640221387,0.8796568904805508,16,0,0.0,0,0,0,119,0,29.956828117370605,78,78,1,P1,0.9283988169389631,0.8309149640221387,0.8796568904805508
gold-fish,5,dagrs,sensor_noise,0,1.0,1.095465064048767,1.2998311519622803,1,78,0.9208967096234372,0.758071018041629,0.839483863832533,16,0,0.0,0,0,0,119,0,30.48783850669861,78,78,1,P1,0.9208967096234372,0.758071018041629,0.839483863832533
gold-fish,1,dagrs,sensor_noise,0,2.0,2.000000238418579,2.5996623039245605,1,78,0.8854419934933896,0.700045787195295,0.7927438903443422,16,1,0.0,0,4,0,128,0,114.04271340370178,78,78,1,P1,0.8854419934933896,0.700045787195295,0.7927438903443422
gold-fish,2,dagrs,sensor_noise,0,2.0,2.000000238418579,2.5996623039245605,1,78,0.8988058404478924,0.7943211315511135,0.8465634859995029,16,0,0.0,0,0,0,119,0,30.766197204589844,78,78,1,P1,0.8988058404478924,0.7943211315511135,0.8465634859995029
gold-fish,3,dagrs,sensor_noise,0,2.0,2.000000238418579,2.5996623039245605,1,78,0.8736848457717417,0.7267463352677985,0.8002155905197701,16,0,0.0,0,1,0,119,0,35.772579193115234,78,78,1,P1,0.8736848457717417,0.7267463352677985,0.8002155905197701
gold-fish,4,dagrs,sensor_noise,0,2.0,2.000000238418579,2.5996623039245605,1,78,0.9245496276148921,0.8192877440726015,0.8719186858437469,16,0,0.0,0,0,0,119,0,31.237911462783813,78,78,1,P1,0.9245496276148921,0.8192877440726015,0.8719186858437469
gold-fish,5,dagrs,sensor_noise,0,2.0,2.000000238418579,2.5996623039245605,1,78,0.9239379415334821,0.7537904310277447,0.8388641862806134,16,0,0.0,0,0,0,119,0,30.884917974472046,78,78,1,P1,0.9239379415334821,0.7537904310277447,0.8388641862806134
gold-fish,1,dagrs,sensor_noise,0,3.0,2.999999761581421,3.899493455886841,1,78,0.8911483462953071,0.7120100987011603,0.8015792224982337,16,1,0.0,0,3,0,128,0,33.205599308013916,78,78,1,P1,0.8911483462953071,0.7120100987011603,0.8015792224982337
gold-fish,2,dagrs,sensor_noise,0,3.0,2.999999761581421,3.899493455886841,1,78,0.8900675935338163,0.7788541116461535,0.8344608525899848,16,0,0.0,0,0,0,119,0,29.681293964385986,78,78,1,P1,0.8900675935338163,0.7788541116461535,0.8344608525899848
gold-fish,3,dagrs,sensor_noise,0,3.0,2.999999761581421,3.899493455886841,1,78,0.8604830030793067,0.7203243731320113,0.790403688105659,16,0,0.0,0,0,0,119,0,31.429346561431885,78,78,1,P1,0.8604830030793067,0.7203243731320113,0.790403688105659
gold-fish,4,dagrs,sensor_noise,0,3.0,2.999999761581421,3.899493455886841,1,78,0.9196098503302506,0.8023162658957101,0.8609630581129804,16,0,0.0,0,0,0,119,0,32.7842276096344,78,78,1,P1,0.9196098503302506,0.8023162658957101,0.8609630581129804
gold-fish,5,dagrs,sensor_noise,0,3.0,2.999999761581421,3.899493455886841,1,78,0.9309270648461339,0.7408597645994771,0.8358934147228054,16,0,0.0,0,0,0,119,0,67.79660964012146,78,78,1,P1,0.9309270648461339,0.7408597645994771,0.8358934147228054
gold-fish,1,dagrs,sensor_noise,0,4.0,3.9752306938171387,5.0,1,78,0.8843274935318518,0.6957418080891793,0.7900346508105156,16,1,0.0,0,3,0,128,0,31.939456939697266,78,78,1,P1,0.8843274935318518,0.6957418080891793,0.7900346508105156
gold-fish,2,dagrs,sensor_noise,0,4.0,3.9752306938171387,5.0,1,78,0.8890150220401398,0.7757335347510829,0.8323742783956114,16,0,0.0,0,0,0,119,0,32.25894498825073,78,78,1,P1,0.8890150220401398,0.7757335347510829,0.8323742783956114
gold-fish,3,dagrs,sensor_noise,0,4.0,3.9752306938171387,5.0,1,78,0.8417561467774217,0.6811467827088696,0.7614514647431456,16,0,0.0,0,1,0,119,0,30.71026062965393,78,78,1,P1,0.8417561467774217,0.6811467827088696,0.7614514647431456
gold-fish,4,dagrs,sensor_noise,0,4.0,3.9752306938171387,5.0,1,78,0.9146108927658352,0.78631136350387,0.8504611281348526,16,0,0.0,0,0,0,119,0,33.26825475692749,78,78,1,P1,0.9146108927658352,0.78631136350387,0.8504611281348526
gold-fish,5,dagrs,sensor_noise,0,4.0,3.9752306938171387,5.0,1,78,0.9224114334326384,0.7068415703472575,0.8146265018899479,16,0,0.0,0,0,0,119,0,31.19119620323181,78,78,1,P1,0.9224114334326384,0.7068415703472575,0.8146265018899479
gold-fish,1,dagrs,sensor_noise,0,5.0,4.522674560546875,5.0,1,78,0.87986800011544,0.6845573723023718,0.7822126862089058,16,1,0.0,0,3,0,128,0,33.30910587310791,78,78,1,P1,0.87986800011544,0.6845573723023718,0.7822126862089058
gold-fish,2,dagrs,sensor_noise,0,5.0,4.522674560546875,5.0,1,78,0.8873943807791281,0.7731586462430247,0.8302765135110763,16,0,0.0,0,0,0,119,0,31.87233567237854,78,78,1,P1,0.8873943807791281,0.7731586462430247,0.8302765135110763
gold-fish,3,dagrs,sensor_noise,0,5.0,4.522674560546875,5.0,1,78,0.834116776872636,0.6609791364724524,0.7475479566725443,16,0,0.0,0,1,0,119,0,29.417834043502808,78,78,1,P1,0.834116776872636,0.6609791364724524,0.7475479566725443
gold-fish,4,dagrs,sensor_noise,0,5.0,4.522674560546875,5.0,1,78,0.9088979297486092,0.7710689757162039,0.8399834527324066,16,0,0.0,0,0,0,119,0,31.726381540298462,78,78,1,P1,0.9088979297486092,0.7710689757162039,0.8399834527324066
gold-fish,5,dagrs,sensor_noise,0,5.0,4.522674560546875,5.0,1,78,0.8318455575120683,0.5673679316775928,0.6996067445948306,16,0,0.0,0,0,0,119,0,28.50253391265869,78,78,1,P1,0.8318455575120683,0.5673679316775928,0.6996067445948306
gold-fish,1,dagrs,C1_fog_noise,1,1.0,1.095465064048767,1.2998311519622803,1,78,0.8971165833193336,0.7224303060250368,0.8097734446721851,16,1,0.0,0,3,0,128,0,31.897353649139404,78,78,1,P1,0.8971165833193336,0.7224303060250368,0.8097734446721851
gold-fish,2,dagrs,C1_fog_noise,1,1.0,1.095465064048767,1.2998311519622803,1,78,0.8969228469054087,0.7893073821074515,0.8431151145064302,16,0,0.0,0,0,0,119,0,28.999822854995728,78,78,1,P1,0.8969228469054087,0.7893073821074515,0.8431151145064302
gold-fish,3,dagrs,C1_fog_noise,1,1.0,1.095465064048767,1.2998311519622803,1,78,0.8704790379534617,0.7330138416298649,0.8017464397916634,16,0,0.0,0,0,0,119,0,29.634907484054565,78,78,1,P1,0.8704790379534617,0.7330138416298649,0.8017464397916634
gold-fish,4,dagrs,C1_fog_noise,1,1.0,1.095465064048767,1.2998311519622803,1,78,0.889291416917994,0.7673799937046774,0.8283357053113356,16,0,0.0,0,0,0,119,0,29.52832293510437,78,78,1,P1,0.889291416917994,0.7673799937046774,0.8283357053113356
gold-fish,5,dagrs,C1_fog_noise,1,1.0,1.095465064048767,1.2998311519622803,1,78,0.9161414329192453,0.7142711157099793,0.8152062743146122,16,0,0.0,0,0,0,119,0,29.834921836853027,78,78,1,P1,0.9161414329192453,0.7142711157099793,0.8152062743146122
gold-fish,1,dagrs,C1_fog_noise,1,2.0,2.000000238418579,2.5996623039245605,1,78,0.8591807163960121,0.6243190644105671,0.7417498904032895,16,1,0.0,0,2,0,128,0,31.243767261505127,78,78,1,P1,0.8591807163960121,0.6243190644105671,0.7417498904032895
gold-fish,2,dagrs,C1_fog_noise,1,2.0,2.000000238418579,2.5996623039245605,1,78,0.8718833495755492,0.7482819256978438,0.8100826376366965,16,0,0.0,0,1,0,119,0,34.7212028503418,78,78,1,P1,0.8718833495755492,0.7482819256978438,0.8100826376366965
gold-fish,3,dagrs,C1_fog_noise,1,2.0,2.000000238418579,2.5996623039245605,1,78,0.8277879204567088,0.6372679667744755,0.7325279436155921,16,0,0.0,0,2,0,119,0,29.886654138565063,78,78,1,P1,0.8277879204567088,0.6372679667744755,0.7325279436155921
gold-fish,4,dagrs,C1_fog_noise,1,2.0,2.000000238418579,2.5996623039245605,1,78,0.779587898303677,0.6053156680887377,0.6924517831962074,16,0,0.0,0,2,0,119,0,33.50337743759155,78,78,1,P1,0.779587898303677,0.6053156680887377,0.6924517831962074
gold-fish,5,dagrs,C1_fog_noise,1,2.0,2.000000238418579,2.5996623039245605,1,78,0.7591359262073332,0.45822068062032384,0.6086783034138286,16,0,0.0,0,1,0,119,0,31.305612087249756,78,78,1,P1,0.7591359262073332,0.45822068062032384,0.6086783034138286
gold-fish,1,dagrs,C1_fog_noise,1,3.0,2.999999761581421,3.899493455886841,1,78,0.578026258107874,0.37119653534410957,0.4746113967259918,16,2,0.0,0,6,0,137,0,41.06116485595703,78,78,1,P1,0.578026258107874,0.37119653534410957,0.4746113967259918
gold-fish,2,dagrs,C1_fog_noise,1,3.0,2.999999761581421,3.899493455886841,1,78,0.6105379408852389,0.48267436802624364,0.5466061544557412,16,2,0.0,0,6,0,137,0,92.2030553817749,78,78,1,P1,0.6105379408852389,0.48267436802624364,0.5466061544557412
gold-fish,3,dagrs,C1_fog_noise,1,3.0,2.999999761581421,3.899493455886841,1,78,0.6801665901842887,0.4633549320880171,0.5717607611361529,16,0,0.0,0,4,0,119,0,32.1361563205719,78,78,1,P1,0.6801665901842887,0.4633549320880171,0.5717607611361529
gold-fish,4,dagrs,C1_fog_noise,1,3.0,2.999999761581421,3.899493455886841,1,78,0.5979947916221106,0.3919914299713544,0.49499311079673247,16,4,0.0,0,12,0,155,0,37.662206411361694,78,78,1,P1,0.5979947916221106,0.3919914299713544,0.49499311079673247
gold-fish,5,dagrs,C1_fog_noise,1,3.0,2.999999761581421,3.899493455886841,1,78,0.6938124353155458,0.27197120345109954,0.4828918193833227,16,0,0.0,0,2,0,119,0,32.60987973213196,78,78,1,P1,0.6938124353155458,0.27197120345109954,0.4828918193833227
gold-fish,1,dagrs,C1_fog_noise,1,4.0,3.9752306938171387,5.0,1,78,0.10049330914683538,0.05959577697598574,0.08004454306141057,16,4,0.0,0,9,0,169,0,42.47194838523865,78,78,1,P1,0.10049330914683538,0.05959577697598574,0.08004454306141057
gold-fish,2,dagrs,C1_fog_noise,1,4.0,3.9752306938171387,5.0,1,78,0.5269148996236747,0.31251168396540674,0.4197132917945407,16,4,0.0,0,8,0,155,0,39.16941690444946,78,78,1,P1,0.5269148996236747,0.31251168396540674,0.4197132917945407
gold-fish,3,dagrs,C1_fog_noise,1,4.0,3.9752306938171387,5.0,1,78,0.4954845164123155,0.26188942483949895,0.3786869706259072,16,3,0.0,0,8,0,160,0,40.3666307926178,78,78,1,P1,0.4954845164123155,0.26188942483949895,0.3786869706259072
gold-fish,4,dagrs,C1_fog_noise,1,4.0,3.9752306938171387,5.0,1,78,0.6009942367191632,0.30831184371541837,0.4546530402172908,16,7,0.0,0,14,0,224,0,55.3472363948822,78,78,1,P1,0.6009942367191632,0.30831184371541837,0.4546530402172908
gold-fish,5,dagrs,C1_fog_noise,1,4.0,3.9752306938171387,5.0,1,78,0.49651555263410263,0.14795011522392335,0.322232833929013,16,0,0.0,0,3,0,119,0,80.82724285125732,78,78,1,P1,0.49651555263410263,0.14795011522392335,0.322232833929013
gold-fish,1,dagrs,C1_fog_noise,1,5.0,4.522674560546875,5.0,1,78,0.11476318396921262,0.05967778783900421,0.08722048590410841,16,4,0.0,0,9,0,169,0,44.89384579658508,78,78,1,P1,0.11476318396921262,0.05967778783900421,0.08722048590410841
gold-fish,2,dagrs,C1_fog_noise,1,5.0,4.522674560546875,5.0,1,78,0.20068799838114,0.1351995893629563,0.16794379387204816,16,3,0.0,0,10,0,160,0,41.39655423164368,78,78,1,P1,0.20068799838114,0.1351995893629563,0.16794379387204816
gold-fish,3,dagrs,C1_fog_noise,1,5.0,4.522674560546875,5.0,1,78,0.41481853429827115,0.19498157458352636,0.30490005444089874,16,2,0.0,0,8,0,147,0,38.83071041107178,78,78,1,P1,0.41481853429827115,0.19498157458352636,0.30490005444089874
gold-fish,4,dagrs,C1_fog_noise,1,5.0,4.522674560546875,5.0,1,78,0.4507954632723143,0.18548011781856383,0.31813779054543906,16,6,0.0,0,13,0,183,0,43.296735763549805,78,78,1,P1,0.4507954632723143,0.18548011781856383,0.31813779054543906
gold-fish,5,dagrs,C1_fog_noise,1,5.0,4.522674560546875,5.0,1,78,0.3760669562913853,0.08316918962757497,0.22961807295948014,16,1,0.0,0,3,0,138,0,118.28426742553711,78,78,1,P1,0.3760669562913853,0.08316918962757497,0.22961807295948014
horsejump-high,1,dagrs,fog,0,1.0,1.0954457521438599,1.2990961074829102,1,50,0.7731079343981839,0.6768458296981756,0.7249768820481798,10,2,0.0,0,5,0,107,0,26.018038749694824,50,50,1,P1,0.7731079343981839,0.6768458296981756,0.7249768820481798
horsejump-high,2,dagrs,fog,0,1.0,1.0954457521438599,1.2990961074829102,1,50,0.8326020934168671,0.7828336665286314,0.8077178799727492,10,0,0.0,0,2,0,89,0,25.57444167137146,50,50,1,P1,0.8326020934168671,0.7828336665286314,0.8077178799727492
horsejump-high,1,dagrs,fog,0,2.0,2.0,2.5981922149658203,1,50,0.7855601596012844,0.6836529037808095,0.734606531691047,10,1,0.0,0,4,0,98,0,52.6244375705719,50,50,1,P1,0.7855601596012844,0.6836529037808095,0.734606531691047
horsejump-high,2,dagrs,fog,0,2.0,2.0,2.5981922149658203,1,50,0.8184979984683045,0.7630196567513841,0.7907588276098443,10,0,0.0,0,2,0,89,0,24.40191626548767,50,50,1,P1,0.8184979984683045,0.7630196567513841,0.7907588276098443
horsejump-high,1,dagrs,fog,0,3.0,3.0,3.8972883224487305,1,50,0.771926803898712,0.6736747238853291,0.7228007638920206,10,3,0.0,0,7,0,120,0,87.44688725471497,50,50,1,P1,0.771926803898712,0.6736747238853291,0.7228007638920206
horsejump-high,2,dagrs,fog,0,3.0,3.0,3.8972883224487305,1,50,0.814089993271768,0.7611350380547652,0.7876125156632666,10,1,0.0,0,3,0,102,0,26.648141860961914,50,50,1,P1,0.814089993271768,0.7611350380547652,0.7876125156632666
horsejump-high,1,dagrs,fog,0,4.0,3.9755685329437256,5.0,1,50,0.739229243351887,0.6127025222626503,0.6759658828072687,10,4,0.0,0,8,0,171,0,44.6448929309845,50,50,1,P1,0.739229243351887,0.6127025222626503,0.6759658828072687
horsejump-high,2,dagrs,fog,0,4.0,3.9755685329437256,5.0,1,50,0.7126658372287143,0.6277102296255955,0.6701880334271549,10,3,0.0,0,8,0,120,0,30.619829893112183,50,50,1,P1,0.7126658372287143,0.6277102296255955,0.6701880334271549
horsejump-high,1,dagrs,fog,0,5.0,4.522771835327148,5.0,1,50,0.725766120976485,0.5989687217034652,0.6623674213399751,10,4,0.0,0,9,0,181,0,48.939961433410645,50,50,1,P1,0.725766120976485,0.5989687217034652,0.6623674213399751
horsejump-high,2,dagrs,fog,0,5.0,4.522771835327148,5.0,1,50,0.6660631433688348,0.5736835755659679,0.6198733594674013,10,4,0.0,0,9,0,139,0,43.3002552986145,50,50,1,P1,0.6660631433688348,0.5736835755659679,0.6198733594674013
horsejump-high,1,dagrs,sensor_noise,0,1.0,1.0954457521438599,1.2990961074829102,1,50,0.7507154664291917,0.6702857150612909,0.7105005907452413,10,3,0.0,0,6,0,120,0,31.469178438186646,50,50,1,P1,0.7507154664291917,0.6702857150612909,0.7105005907452413
horsejump-high,2,dagrs,sensor_noise,0,1.0,1.0954457521438599,1.2990961074829102,1,50,0.8290191663246241,0.7774905149008322,0.8032548406127282,10,0,0.0,0,2,0,89,0,24.32865285873413,50,50,1,P1,0.8290191663246241,0.7774905149008322,0.8032548406127282
horsejump-high,1,dagrs,sensor_noise,0,2.0,2.0,2.5981922149658203,1,50,0.757616224730283,0.6774518419807681,0.7175340333555256,10,3,0.0,0,7,0,158,0,42.50138449668884,50,50,1,P1,0.757616224730283,0.6774518419807681,0.7175340333555256
horsejump-high,2,dagrs,sensor_noise,0,2.0,2.0,2.5981922149658203,1,50,0.8344042243220408,0.7870068193510756,0.8107055218365582,10,0,0.0,0,2,0,89,0,22.285499572753906,50,50,1,P1,0.8344042243220408,0.7870068193510756,0.8107055218365582
horsejump-high,1,dagrs,sensor_noise,0,3.0,3.0,3.8972883224487305,1,50,0.7429225426071259,0.6618071067216029,0.7023648246643643,10,3,0.0,0,6,0,134,0,34.78498458862305,50,50,1,P1,0.7429225426071259,0.6618071067216029,0.7023648246643643
horsejump-high,2,dagrs,sensor_noise,0,3.0,3.0,3.8972883224487305,1,50,0.8291739592642684,0.7790959531800454,0.8041349562221569,10,0,0.0,0,2,0,89,0,23.256577968597412,50,50,1,P1,0.8291739592642684,0.7790959531800454,0.8041349562221569
horsejump-high,1,dagrs,sensor_noise,0,4.0,3.9755685329437256,5.0,1,50,0.7549659162266541,0.6503974271482064,0.7026816716874302,10,3,0.0,0,6,0,134,0,33.14849519729614,50,50,1,P1,0.7549659162266541,0.6503974271482064,0.7026816716874302
horsejump-high,2,dagrs,sensor_noise,0,4.0,3.9755685329437256,5.0,1,50,0.8129854888880611,0.7564407750930875,0.7847131319905742,10,0,0.0,0,2,0,89,0,23.26767635345459,50,50,1,P1,0.8129854888880611,0.7564407750930875,0.7847131319905742
horsejump-high,1,dagrs,sensor_noise,0,5.0,4.522771835327148,5.0,1,50,0.7538806951887443,0.6559165816989564,0.7048986384438504,10,3,0.0,0,7,0,158,0,39.62509346008301,50,50,1,P1,0.7538806951887443,0.6559165816989564,0.7048986384438504
horsejump-high,2,dagrs,sensor_noise,0,5.0,4.522771835327148,5.0,1,50,0.8063464255411162,0.7467702049324775,0.7765583152367969,10,0,0.0,0,2,0,89,0,22.73488688468933,50,50,1,P1,0.8063464255411162,0.7467702049324775,0.7765583152367969
horsejump-high,1,dagrs,C1_fog_noise,1,1.0,1.0954457521438599,1.2990961074829102,1,50,0.7672863754154295,0.6722627640941414,0.7197745697547855,10,2,0.0,0,5,0,107,0,26.407585859298706,50,50,1,P1,0.7672863754154295,0.6722627640941414,0.7197745697547855
horsejump-high,2,dagrs,C1_fog_noise,1,1.0,1.0954457521438599,1.2990961074829102,1,50,0.832066390761749,0.7830855922035381,0.8075759914826436,10,0,0.0,0,2,0,89,0,24.145522832870483,50,50,1,P1,0.832066390761749,0.7830855922035381,0.8075759914826436
horsejump-high,1,dagrs,C1_fog_noise,1,2.0,2.0,2.5981922149658203,1,50,0.7490201613337267,0.6371247382938975,0.6930724498138121,10,2,0.0,0,5,0,111,0,28.24173903465271,50,50,1,P1,0.7490201613337267,0.6371247382938975,0.6930724498138121
horsejump-high,2,dagrs,C1_fog_noise,1,2.0,2.0,2.5981922149658203,1,50,0.7880692839809211,0.7160219300726842,0.7520456070268027,10,0,0.0,0,2,0,89,0,30.52320432662964,50,50,1,P1,0.7880692839809211,0.7160219300726842,0.7520456070268027
horsejump-high,1,dagrs,C1_fog_noise,1,3.0,3.0,3.8972883224487305,1,50,0.6953979331534741,0.5528074717172875,0.6241027024353808,10,2,0.0,0,6,0,107,0,25.167933464050293,50,50,1,P1,0.6953979331534741,0.5528074717172875,0.6241027024353808
horsejump-high,2,dagrs,C1_fog_noise,1,3.0,3.0,3.8972883224487305,1,50,0.4444892837694842,0.3821803505333613,0.41333481715142273,10,2,0.0,0,6,0,121,0,32.75321054458618,50,50,1,P1,0.4444892837694842,0.3821803505333613,0.41333481715142273
horsejump-high,1,dagrs,C1_fog_noise,1,4.0,3.9755685329437256,5.0,1,50,0.3803338607920273,0.27644932810964434,0.3283915944508358,10,3,0.0,0,8,0,130,0,37.7579607963562,50,50,1,P1,0.3803338607920273,0.27644932810964434,0.3283915944508358
horsejump-high,2,dagrs,C1_fog_noise,1,4.0,3.9755685329437256,5.0,1,50,0.11139084186534053,0.12274371762871229,0.11706727974702641,10,4,0.0,0,9,0,143,0,36.35162401199341,50,50,1,P1,0.11139084186534053,0.12274371762871229,0.11706727974702641
horsejump-high,1,dagrs,C1_fog_noise,1,5.0,4.522771835327148,5.0,1,50,0.34781303486492554,0.2359340624870959,0.29187354867601073,10,4,0.0,0,9,0,143,0,36.34646773338318,50,50,1,P1,0.34781303486492554,0.2359340624870959,0.29187354867601073
horsejump-high,2,dagrs,C1_fog_noise,1,5.0,4.522771835327148,5.0,1,50,0.10191838220091742,0.11425271719714881,0.10808554969903311,10,4,0.0,0,9,0,143,0,38.21221876144409,50,50,1,P1,0.10191838220091742,0.11425271719714881,0.10808554969903311
india,1,dagrs,fog,0,1.0,1.0942825078964233,1.299896001815796,1,81,0.597201921,0.4673755926,0.5322887568,17,3,0.0,0,6,0,151,0,56.34228563308716,62,81,1.306451613,P1,0.4571175197620405,0.357744280728411,0.40743090024522577
india,2,dagrs,fog,0,1.0,1.0942825078964233,1.299896001815796,1,81,0.5017939832,0.4127293753,0.4572616792,17,1,0.0,0,4,0,133,0,32.38756442070007,67,81,1.208955224,P1,0.41506415894360876,0.34139343386280163,0.37822879640320517
india,3,dagrs,fog,0,1.0,1.0942825078964233,1.299896001815796,1,81,0.4388555014,0.3410367138,0.3899461076,17,2,0.0,0,6,0,142,0,34.440775632858276,71,81,1.14084507,P1,0.38467580990040384,0.29893341581380545,0.3418046128571046
india,1,dagrs,fog,0,2.0,1.9926557540893555,2.599792003631592,1,81,0.5886514844,0.4642857089,0.5264685967,17,1,0.0,0,5,0,133,0,51.24995827674866,62,81,1.306451613,P1,0.4505727411512306,0.3553791845910124,0.4029759628711215
india,2,dagrs,fog,0,2.0,1.9926557540893555,2.599792003631592,1,81,0.6254870521,0.47682157,0.5511543111,17,3,0.0,0,6,0,151,0,33.86778950691223,67,81,1.208955224,P1,0.5173781789191451,0.3944079653238922,0.45589307212151864
india,3,dagrs,fog,0,2.0,1.9926557540893555,2.599792003631592,1,81,0.4372401843,0.3348722983,0.3860562413,17,1,0.0,0,6,0,133,0,51.41044735908508,71,81,1.14084507,P1,0.3832599146010731,0.2935300392777284,0.3383949769394008
india,1,dagrs,fog,0,3.0,2.988983631134033,3.8996880054473877,1,81,0.5751279344,0.4082186065,0.4916732705,17,4,0.0,0,9,0,160,0,34.38885831832886,62,81,1.306451613,P1,0.44022138189015864,0.3124636247660159,0.3763425033280873
india,2,dagrs,fog,0,3.0,2.988983631134033,3.8996880054473877,1,81,0.6201302624,0.4446024768,0.5323663696,17,3,0.0,0,7,0,151,0,58.612242221832275,67,81,1.208955224,P1,0.5129472540840382,0.3677576042885242,0.4403524291862812
india,3,dagrs,fog,0,3.0,2.988983631134033,3.8996880054473877,1,81,0.7587091852,0.5589143001,0.6588117427,17,2,0.0,0,6,0,142,0,26.337671041488647,71,81,1.14084507,P1,0.6650413845800829,0.48991253468899165,0.5774769596345373
india,1,dagrs,fog,0,4.0,3.9609005451202393,5.0,1,81,0.5451687321,0.3653650387,0.4552668854,17,4,0.0,0,10,0,160,0,25.51837992668152,62,81,1.306451613,P1,0.4172896468088207,0.2796621284217862,0.34847588761530346
india,2,dagrs,fog,0,4.0,3.9609005451202393,5.0,1,81,0.5952314721,0.3602348432,0.4777331577,17,6,0.0,0,13,0,178,0,27.292698860168457,67,81,1.208955224,P1,0.49235195840655743,0.2979720308241569,0.39516199461535717
india,3,dagrs,fog,0,4.0,3.9609005451202393,5.0,1,81,0.5587061607,0.4314487274,0.495077444,17,3,0.0,0,8,0,151,0,25.386603355407715,71,81,1.14084507,P1,0.4897300914694625,0.37818345239085394,0.43395677193015825
india,1,dagrs,fog,0,5.0,4.510227680206299,5.0,1,81,0.5481515988,0.323946139,0.4360488689,17,5,0.0,0,11,0,169,0,26.672407865524292,62,81,1.306451613,P1,0.41957282871649926,0.24795877307942416,0.3337658008979617
india,2,dagrs,fog,0,5.0,4.510227680206299,5.0,1,81,0.6055208498,0.4016221486,0.5035714992,17,5,0.0,0,11,0,169,0,29.383804321289062,67,81,1.208955224,P1,0.5008629251262902,0.33220597474981695,0.41653444993805355
india,3,dagrs,fog,0,5.0,4.510227680206299,5.0,1,81,0.7050186066,0.4575108962,0.5812647514,17,2,0.0,0,8,0,152,0,26.414315223693848,71,81,1.14084507,P1,0.6179792724242564,0.40102806947696434,0.5095036709506104
india,1,dagrs,sensor_noise,0,1.0,1.0942825078964233,1.299896001815796,1,81,0.5959298499,0.4863668849,0.5411483674,17,1,0.0,0,4,0,133,0,24.89417290687561,62,81,1.306451613,P1,0.45614383574709694,0.3722808254800735,0.4142123306135852
india,2,dagrs,sensor_noise,0,1.0,1.0942825078964233,1.299896001815796,1,81,0.5029910098,0.4151627948,0.4590769023,17,1,0.0,0,5,0,133,0,28.882991313934326,67,81,1.208955224,P1,0.41605429207494043,0.3434062623772887,0.3797302772261146
india,3,dagrs,sensor_noise,0,1.0,1.0942825078964233,1.299896001815796,1,81,0.4182844043,0.3217605246,0.3700224644,17,2,0.0,0,6,0,142,0,44.48530077934265,71,81,1.14084507,P1,0.36664435436483034,0.28203700302734924,0.3243406786960898
india,1,dagrs,sensor_noise,0,2.0,1.9926557540893555,2.599792003631592,1,81,0.5936840225,0.471076566,0.5323802942,17,2,0.0,0,4,0,142,0,39.06666445732117,62,81,1.306451613,P1,0.4544248073737272,0.3605771245610219,0.40750096596737456
india,2,dagrs,sensor_noise,0,2.0,1.9926557540893555,2.599792003631592,1,81,0.5012876251,0.4104260027,0.4558568139,17,1,0.0,0,3,0,133,0,28.659119129180908,67,81,1.208955224,P1,0.41464531951361056,0.33948817509178075,0.3770667473026956
india,3,dagrs,sensor_noise,0,2.0,1.9926557540893555,2.599792003631592,1,81,0.5344513543,0.4024673369,0.4684593456,17,2,0.0,0,6,0,142,0,38.1475396156311,71,81,1.14084507,P1,0.46846970564345797,0.3527800113138721,0.41062485847866503
india,1,dagrs,sensor_noise,0,3.0,2.988983631134033,3.8996880054473877,1,81,0.591383396,0.4660780203,0.5287307082,17,2,0.0,0,6,0,142,0,24.009018421173096,62,81,1.306451613,P1,0.45266383398720966,0.3567510772877499,0.4047074556374798
india,2,dagrs,sensor_noise,0,3.0,2.988983631134033,3.8996880054473877,1,81,0.4972000961,0.3884964648,0.4428482804,17,1,0.0,0,5,0,133,0,44.762336015701294,67,81,1.208955224,P1,0.4112642770166982,0.32134892764245676,0.36630660232957746
india,3,dagrs,sensor_noise,0,3.0,2.988983631134033,3.8996880054473877,1,81,0.4380384122,0.3219771391,0.3800077756,17,2,0.0,0,6,0,142,0,76.08812975883484,71,81,1.14084507,P1,0.38395959589422995,0.2822268749964765,0.3330932354453532
india,1,dagrs,sensor_noise,0,4.0,3.9609005451202393,5.0,1,81,0.5855983615,0.4516734986,0.5186359301,17,2,0.0,0,6,0,142,0,26.52392077445984,62,81,1.306451613,P1,0.44823578291029564,0.3457253940124698,0.39698058846138273
india,2,dagrs,sensor_noise,0,4.0,3.9609005451202393,5.0,1,81,0.4956112318,0.3691616412,0.4323864365,17,3,0.0,0,7,0,151,0,49.398125410079956,67,81,1.208955224,P1,0.40995003122409335,0.305355925478089,0.35765297835109117
india,3,dagrs,sensor_noise,0,4.0,3.9609005451202393,5.0,1,81,0.4420112771,0.3311763339,0.3865938055,17,2,0.0,0,6,0,142,0,25.147202491760254,71,81,1.14084507,P1,0.3874419836455068,0.29029036674040354,0.33886617519295514
india,1,dagrs,sensor_noise,0,5.0,4.510227680206299,5.0,1,81,0.5832425051,0.4458223286,0.5145324169,17,3,0.0,0,7,0,151,0,27.48272681236267,62,81,1.306451613,P1,0.44643253479176503,0.34124672065479383,0.3938396277232794
india,2,dagrs,sensor_noise,0,5.0,4.510227680206299,5.0,1,81,0.6339121403,0.4517393992,0.5428257697,17,2,0.0,0,5,0,142,0,24.10079789161682,67,81,1.208955224,P1,0.5243470789769661,0.37366098449965685,0.4490040317383115
india,3,dagrs,sensor_noise,0,5.0,4.510227680206299,5.0,1,81,0.451600701,0.334617159,0.39310893,17,4,0.0,0,8,0,160,0,26.030210733413696,71,81,1.14084507,P1,0.3958475280734519,0.2933063986643674,0.34457696336890964
india,1,dagrs,C1_fog_noise,1,1.0,1.0942825078964233,1.299896001815796,1,81,0.595918234,0.4787519773,0.5373351056,17,1,0.0,0,5,0,133,0,24.52050280570984,62,81,1.306451613,P1,0.45613494453200665,0.3664521307345972,0.4112935376333019
india,2,dagrs,C1_fog_noise,1,1.0,1.0942825078964233,1.299896001815796,1,81,0.5014433354,0.4047402594,0.4530917974,17,1,0.0,0,5,0,133,0,23.453392028808594,67,81,1.208955224,P1,0.41477411697408123,0.3347851528414899,0.37477963490778554
india,3,dagrs,C1_fog_noise,1,1.0,1.0942825078964233,1.299896001815796,1,81,0.5200150696,0.393779964,0.4568975168,17,2,0.0,0,6,0,142,0,42.33971333503723,71,81,1.14084507,P1,0.4558156782643975,0.345165153617565,0.4004904159409812
india,1,dagrs,C1_fog_noise,1,2.0,1.9926557540893555,2.599792003631592,1,81,0.5748401043,0.4251813144,0.5000107094,17,2,0.0,0,6,0,142,0,24.37755250930786,62,81,1.306451613,P1,0.4400010675104088,0.325447425842271,0.38272424667633986
india,2,dagrs,C1_fog_noise,1,2.0,1.9926557540893555,2.599792003631592,1,81,0.4911644443,0.3370567969,0.4141106206,17,1,0.0,0,5,0,133,0,24.33745312690735,67,81,1.208955224,P1,0.40627182431908193,0.27880006659067946,0.3425359454548807
india,3,dagrs,C1_fog_noise,1,2.0,1.9926557540893555,2.599792003631592,1,81,0.4365798935,0.3274929496,0.3820364216,17,2,0.0,0,6,0,142,0,110.85622143745422,71,81,1.14084507,P1,0.38268114121149815,0.2870617212662284,0.3348714312388633
india,1,dagrs,C1_fog_noise,1,3.0,2.988983631134033,3.8996880054473877,1,81,0.7482664987,0.3809836259,0.5646250623,17,2,0.0,0,7,0,142,0,28.22871470451355,62,81,1.306451613,P1,0.5727471965271933,0.291617096391531,0.43218214645936215
india,2,dagrs,C1_fog_noise,1,3.0,2.988983631134033,3.8996880054473877,1,81,0.4568929845,0.2758892748,0.3663911296,17,4,0.0,0,9,0,160,0,26.54078459739685,67,81,1.208955224,P1,0.377923826665723,0.22820470876034304,0.303064267713033
india,3,dagrs,C1_fog_noise,1,3.0,2.988983631134033,3.8996880054473877,1,81,0.4584818668,0.2668797259,0.3626807963,17,2,0.0,0,5,0,142,0,28.404720067977905,71,81,1.14084507,P1,0.40187916718334854,0.23393161155478231,0.3179053893690654
india,1,dagrs,C1_fog_noise,1,4.0,3.9609005451202393,5.0,1,81,0.5151758711,0.1905894635,0.3528826673,17,1,0.0,0,5,0,133,0,29.870123863220215,62,81,1.306451613,P1,0.39433214821689716,0.14588329303350317,0.27010772062520017
india,2,dagrs,C1_fog_noise,1,4.0,3.9609005451202393,5.0,1,81,0.466214685,0.1931871633,0.3297009241,17,2,0.0,0,6,0,142,0,26.253418922424316,67,81,1.208955224,P1,0.3856343690366633,0.15979678940571548,0.2727155792211894
india,3,dagrs,C1_fog_noise,1,4.0,3.9609005451202393,5.0,1,81,0.2977559875,0.2090980944,0.253427041,17,4,0.0,0,8,0,160,0,29.486424922943115,71,81,1.14084507,P1,0.26099598905035276,0.18328351486636482,0.22213975195835878
india,1,dagrs,C1_fog_noise,1,5.0,4.510227680206299,5.0,1,81,0.1535650079,0.08845352126,0.1210092646,17,4,0.0,0,10,0,160,0,111.70868754386902,62,81,1.306451613,P1,0.11754358628009998,0.06770516442312914,0.09262437535161455
india,2,dagrs,C1_fog_noise,1,5.0,4.510227680206299,5.0,1,81,0.2100703242,0.102751431,0.1564108776,17,3,0.0,0,8,0,151,0,27.403364896774292,67,81,1.208955224,P1,0.1737618730702261,0.08499192442570064,0.12937689874796338
india,3,dagrs,C1_fog_noise,1,5.0,4.510227680206299,5.0,1,81,0.3042718395,0.1705735999,0.2374227197,17,2,0.0,0,8,0,142,0,45.26246619224548,71,81,1.14084507,P1,0.2667074148828354,0.1495151307637387,0.20811127282328706
judo,1,dagrs,fog,0,1.0,1.095299482345581,1.2989660501480103,1,34,0.8910921759286561,0.7671882892242914,0.8291402325764737,7,0,0.0,0,1,0,57,0,12.950231552124023,34,34,1,P1,0.8910921759286561,0.7671882892242914,0.8291402325764737
judo,2,dagrs,fog,0,1.0,1.095299482345581,1.2989660501480103,1,34,0.8465281578102093,0.6668871841646158,0.7567076709874125,7,1,0.0,0,2,0,66,0,20.772377967834473,34,34,1,P1,0.8465281578102093,0.6668871841646158,0.7567076709874125
judo,1,dagrs,fog,0,2.0,2.0,2.5979321002960205,1,34,0.899076744870851,0.7628816386817556,0.8309791917763033,7,0,0.0,0,1,0,57,0,11.482409000396729,34,34,1,P1,0.899076744870851,0.7628816386817556,0.8309791917763033
judo,2,dagrs,fog,0,2.0,2.0,2.5979321002960205,1,34,0.8233319214633912,0.6258089432690577,0.7245704323662244,7,1,0.0,0,2,0,66,0,19.39937949180603,34,34,1,P1,0.8233319214633912,0.6258089432690577,0.7245704323662244
judo,1,dagrs,fog,0,3.0,3.0,3.8968982696533203,1,34,0.8932373497033387,0.7575005634634453,0.8253689565833919,7,0,0.0,0,0,0,57,0,27.69758415222168,34,34,1,P1,0.8932373497033387,0.7575005634634453,0.8253689565833919
judo,2,dagrs,fog,0,3.0,3.0,3.8968982696533203,1,34,0.7196699100656078,0.5291894214449648,0.6244296657552864,7,2,0.0,0,4,0,75,0,24.341479539871216,34,34,1,P1,0.7196699100656078,0.5291894214449648,0.6244296657552864
judo,1,dagrs,fog,0,4.0,3.974936008453369,5.0,1,34,0.8586982404256358,0.7105341173796699,0.7846161789026529,7,0,0.0,0,1,0,57,0,11.366131782531738,34,34,1,P1,0.8586982404256358,0.7105341173796699,0.7846161789026529
judo,2,dagrs,fog,0,4.0,3.974936008453369,5.0,1,34,0.567439823225971,0.3609257395725618,0.4641827813992664,7,1,0.0,0,4,0,76,0,13.596466064453125,34,34,1,P1,0.567439823225971,0.3609257395725618,0.4641827813992664
judo,1,dagrs,fog,0,5.0,4.523502826690674,5.0,1,34,0.8423373766769485,0.6746190964080981,0.7584782365425233,7,0,0.0,0,1,0,57,0,11.190745830535889,34,34,1,P1,0.8423373766769485,0.6746190964080981,0.7584782365425233
judo,2,dagrs,fog,0,5.0,4.523502826690674,5.0,1,34,0.588345691349659,0.41355127387983476,0.5009484826147469,7,2,0.0,0,5,0,85,0,15.021672248840332,34,34,1,P1,0.588345691349659,0.41355127387983476,0.5009484826147469
judo,1,dagrs,sensor_noise,0,1.0,1.095299482345581,1.2989660501480103,1,34,0.8731638590924142,0.7336588658926834,0.8034113624925487,7,0,0.0,0,2,0,57,0,13.29915452003479,34,34,1,P1,0.8731638590924142,0.7336588658926834,0.8034113624925487
judo,2,dagrs,sensor_noise,0,1.0,1.095299482345581,1.2989660501480103,1,34,0.8416451037414806,0.6548805410392505,0.7482628223903656,7,1,0.0,0,2,0,66,0,12.12383508682251,34,34,1,P1,0.8416451037414806,0.6548805410392505,0.7482628223903656
judo,1,dagrs,sensor_noise,0,2.0,2.0,2.5979321002960205,1,34,0.8613442377005383,0.7268637972227477,0.7941040174616429,7,0,0.0,0,2,0,57,0,18.51041030883789,34,34,1,P1,0.8613442377005383,0.7268637972227477,0.7941040174616429
judo,2,dagrs,sensor_noise,0,2.0,2.0,2.5979321002960205,1,34,0.7378540484502726,0.5604468317566225,0.6491504401034476,7,1,0.0,0,3,0,66,0,12.148016214370728,34,34,1,P1,0.7378540484502726,0.5604468317566225,0.6491504401034476
judo,1,dagrs,sensor_noise,0,3.0,3.0,3.8968982696533203,1,34,0.6900388336654395,0.6223701868022598,0.6562045102338496,7,0,0.0,0,1,0,57,0,12.734141111373901,34,34,1,P1,0.6900388336654395,0.6223701868022598,0.6562045102338496
judo,2,dagrs,sensor_noise,0,3.0,3.0,3.8968982696533203,1,34,0.7114395782561795,0.5258090882613115,0.6186243332587456,7,1,0.0,0,3,0,66,0,12.573410987854004,34,34,1,P1,0.7114395782561795,0.5258090882613115,0.6186243332587456
judo,1,dagrs,sensor_noise,0,4.0,3.974936008453369,5.0,1,34,0.8193432002895482,0.6752385328706191,0.7472908665800837,7,0,0.0,0,2,0,57,0,12.480216264724731,34,34,1,P1,0.8193432002895482,0.6752385328706191,0.7472908665800837
judo,2,dagrs,sensor_noise,0,4.0,3.974936008453369,5.0,1,34,0.7024723802854389,0.5069393130267299,0.6047058466560844,7,1,0.0,0,3,0,66,0,22.910719633102417,34,34,1,P1,0.7024723802854389,0.5069393130267299,0.6047058466560844
judo,1,dagrs,sensor_noise,0,5.0,4.523502826690674,5.0,1,34,0.6612859250301223,0.6087432260162587,0.6350145755231905,7,0,0.0,0,1,0,57,0,11.233745813369751,34,34,1,P1,0.6612859250301223,0.6087432260162587,0.6350145755231905
judo,2,dagrs,sensor_noise,0,5.0,4.523502826690674,5.0,1,34,0.7584750010190382,0.5449525883103957,0.6517137946647169,7,2,0.0,0,4,0,75,0,14.715507507324219,34,34,1,P1,0.7584750010190382,0.5449525883103957,0.6517137946647169
judo,1,dagrs,C1_fog_noise,1,1.0,1.095299482345581,1.2989660501480103,1,34,0.8594862115396927,0.7199957323018324,0.7897409719207626,7,0,0.0,0,2,0,57,0,12.716312885284424,34,34,1,P1,0.8594862115396927,0.7199957323018324,0.7897409719207626
judo,2,dagrs,C1_fog_noise,1,1.0,1.095299482345581,1.2989660501480103,1,34,0.8122065635548643,0.6147877960932704,0.7134971798240674,7,1,0.0,0,3,0,66,0,18.3374125957489,34,34,1,P1,0.8122065635548643,0.6147877960932704,0.7134971798240674
judo,1,dagrs,C1_fog_noise,1,2.0,2.0,2.5979321002960205,1,34,0.7207651170869934,0.596184923433753,0.6584750202603732,7,1,0.0,0,3,0,66,0,11.448312282562256,34,34,1,P1,0.7207651170869934,0.596184923433753,0.6584750202603732
judo,2,dagrs,C1_fog_noise,1,2.0,2.0,2.5979321002960205,1,34,0.6969868091416284,0.4831498615026375,0.590068335322133,7,2,0.0,0,4,0,75,0,21.2658429145813,34,34,1,P1,0.6969868091416284,0.4831498615026375,0.590068335322133
judo,1,dagrs,C1_fog_noise,1,3.0,3.0,3.8968982696533203,1,34,0.7905256902300541,0.572269711188425,0.6813977007092396,7,1,0.0,0,3,0,76,0,15.388660430908203,34,34,1,P1,0.7905256902300541,0.572269711188425,0.6813977007092396
judo,2,dagrs,C1_fog_noise,1,3.0,3.0,3.8968982696533203,1,34,0.3921933710756255,0.2647719767704429,0.3284826739230342,7,2,0.0,0,5,0,85,0,15.427670955657959,34,34,1,P1,0.3921933710756255,0.2647719767704429,0.3284826739230342
judo,1,dagrs,C1_fog_noise,1,4.0,3.974936008453369,5.0,1,34,0.6915148716543589,0.419221417276172,0.5553681444652654,7,2,0.0,0,4,0,75,0,12.689805030822754,34,34,1,P1,0.6915148716543589,0.419221417276172,0.5553681444652654
judo,2,dagrs,C1_fog_noise,1,4.0,3.974936008453369,5.0,1,34,0.3607186121690354,0.20774518944293857,0.284231900805987,7,2,0.0,0,4,0,75,0,14.10227656364441,34,34,1,P1,0.3607186121690354,0.20774518944293857,0.284231900805987
judo,1,dagrs,C1_fog_noise,1,5.0,4.523502826690674,5.0,1,34,0.4245186509741401,0.2449580047638987,0.3347383278690194,7,0,0.0,0,1,0,57,0,17.2274751663208,34,34,1,P1,0.4245186509741401,0.2449580047638987,0.3347383278690194
judo,2,dagrs,C1_fog_noise,1,5.0,4.523502826690674,5.0,1,34,0.2744837767881738,0.13204270612189165,0.20326324145503272,7,3,0.0,0,7,0,126,0,23.520591497421265,34,34,1,P1,0.2744837767881738,0.13204270612189165,0.20326324145503272
kite-surf,1,dagrs,fog,0,1.0,1.0955525636672974,1.2979332208633423,1,50,0.2630396889961643,0.6220418046472822,0.4425407468217233,10,5,0.0,0,10,0,184,0,33.060858964920044,50,50,1,P1,0.2630396889961643,0.6220418046472822,0.4425407468217233
kite-surf,2,dagrs,fog,0,1.0,1.0955525636672974,1.2979332208633423,1,50,0.06718587492,0.1046299188,0.08590789688,10,2,0.0,0,5,0,135,0,24.80356764793396,38,50,1.315789474,P1,0.051061264942573334,0.07951873831161242,0.06529000162709288
kite-surf,3,dagrs,fog,0,1.0,1.0955525636672974,1.2979332208633423,1,50,0.7279412886498393,0.6752801410976025,0.701610714873721,10,0,0.0,0,1,0,89,0,16.646312713623047,50,50,1,P1,0.7279412886498393,0.6752801410976025,0.701610714873721
kite-surf,1,dagrs,fog,0,2.0,1.9999998807907104,2.5958664417266846,1,50,0.2406326633530989,0.5636938048550939,0.4021632341040964,10,5,0.0,0,10,0,184,0,41.24319052696228,50,50,1,P1,0.2406326633530989,0.5636938048550939,0.4021632341040964
kite-surf,2,dagrs,fog,0,2.0,1.9999998807907104,2.5958664417266846,1,50,0.05427931342,0.1207097493,0.08749453136,10,2,0.0,0,4,0,111,0,24.55369997024536,38,50,1.315789474,P1,0.04125227819778381,0.09173940947099059,0.0664958438343872
kite-surf,3,dagrs,fog,0,2.0,1.9999998807907104,2.5958664417266846,1,50,0.7257141328894253,0.6724709611548059,0.6990925470221157,10,0,0.0,0,2,0,89,0,21.878222942352295,50,50,1,P1,0.7257141328894253,0.6724709611548059,0.6990925470221157
kite-surf,1,dagrs,fog,0,3.0,3.0,3.8937995433807373,1,50,0.0921204219181981,0.350200581769967,0.22116050184408254,10,2,0.0,0,4,0,125,0,28.77018451690674,50,50,1,P1,0.0921204219181981,0.350200581769967,0.22116050184408254
kite-surf,2,dagrs,fog,0,3.0,3.0,3.8937995433807373,1,50,0.0619682512,0.1403943901,0.1011813207,10,1,0.0,0,4,0,102,0,22.723708152770996,38,50,1.315789474,P1,0.047095870911047444,0.1066997364982822,0.07689780370466481
kite-surf,3,dagrs,fog,0,3.0,3.0,3.8937995433807373,1,50,0.6584055312849744,0.6222252463750798,0.640315388830027,10,1,0.0,0,4,0,98,0,22.037676095962524,50,50,1,P1,0.6584055312849744,0.6222252463750798,0.640315388830027
kite-surf,1,dagrs,fog,0,4.0,3.9755043983459473,5.0,1,50,0.1875199415790543,0.45304023374414126,0.32028008766159777,10,5,0.0,0,10,0,184,0,43.328893184661865,50,50,1,P1,0.1875199415790543,0.45304023374414126,0.32028008766159777
kite-surf,2,dagrs,fog,0,4.0,3.9755043983459473,5.0,1,50,0.05190625109,0.1176067375,0.08475649429,10,3,0.0,0,8,0,130,0,31.309141874313354,38,50,1.315789474,P1,0.03944875082858115,0.0893811204986614,0.06441493566362128
kite-surf,3,dagrs,fog,0,4.0,3.9755043983459473,5.0,1,50,0.6663992992499003,0.6041554308900785,0.6352773650699894,10,2,0.0,0,5,0,107,0,22.594045400619507,50,50,1,P1,0.6663992992499003,0.6041554308900785,0.6352773650699894
kite-surf,1,dagrs,fog,0,5.0,4.5222368240356445,5.0,1,50,0.20991301773805987,0.5244607615710782,0.367186889654569,10,5,0.0,0,10,0,184,0,37.730698108673096,50,50,1,P1,0.20991301773805987,0.5244607615710782,0.367186889654569
kite-surf,2,dagrs,fog,0,5.0,4.5222368240356445,5.0,1,50,0.06096665226,0.1380836161,0.0995251342,10,2,0.0,0,6,0,121,0,25.36631989479065,38,50,1.315789474,P1,0.04633465572075684,0.10494354826702346,0.07563910199389015
kite-surf,3,dagrs,fog,0,5.0,4.5222368240356445,5.0,1,50,0.4311616167856483,0.35627683333935417,0.39371922506250123,10,5,0.0,0,10,0,184,0,38.55897235870361,50,50,1,P1,0.4311616167856483,0.35627683333935417,0.39371922506250123
kite-surf,1,dagrs,sensor_noise,0,1.0,1.0955525636672974,1.2979332208633423,1,50,0.2802417748053927,0.6385058834001786,0.4593738291027856,10,5,0.0,0,10,0,184,0,41.40922975540161,50,50,1,P1,0.2802417748053927,0.6385058834001786,0.4593738291027856
kite-surf,2,dagrs,sensor_noise,0,1.0,1.0955525636672974,1.2979332208633423,1,50,0.06403188831,0.09851028279,0.08127108555,10,3,0.0,0,6,0,134,0,50.916839361190796,38,50,1.315789474,P1,0.048664235113430356,0.07486781492359468,0.06176602501851251
kite-surf,3,dagrs,sensor_noise,0,1.0,1.0955525636672974,1.2979332208633423,1,50,0.7248471359906522,0.6688965320676924,0.6968718340291723,10,0,0.0,0,1,0,89,0,20.400289297103882,50,50,1,P1,0.7248471359906522,0.6688965320676924,0.6968718340291723
kite-surf,1,dagrs,sensor_noise,0,2.0,1.9999998807907104,2.5958664417266846,1,50,0.26934524827029216,0.6213038694521844,0.4453245588612383,10,5,0.0,0,10,0,184,0,36.96552538871765,50,50,1,P1,0.26934524827029216,0.6213038694521844,0.4453245588612383
kite-surf,2,dagrs,sensor_noise,0,2.0,1.9999998807907104,2.5958664417266846,1,50,0.06719726144,0.1362245724,0.1017109169,10,2,0.0,0,6,0,135,0,27.378881454467773,38,50,1.315789474,P1,0.051069918693708416,0.10353067503586143,0.07730029686478493
kite-surf,3,dagrs,sensor_noise,0,2.0,1.9999998807907104,2.5958664417266846,1,50,0.72637320999957,0.6766244844733594,0.7014988472364647,10,0,0.0,0,1,0,89,0,19.607898712158203,50,50,1,P1,0.72637320999957,0.6766244844733594,0.7014988472364647
kite-surf,1,dagrs,sensor_noise,0,3.0,3.0,3.8937995433807373,1,50,0.2606038926321114,0.6125091359062718,0.4365565142691916,10,5,0.0,0,10,0,184,0,36.827648878097534,50,50,1,P1,0.2606038926321114,0.6125091359062718,0.4365565142691916
kite-surf,2,dagrs,sensor_noise,0,3.0,3.0,3.8937995433807373,1,50,0.05792237537,0.09730020074,0.07761128806,10,1,0.0,0,2,0,102,0,56.15218806266785,38,50,1.315789474,P1,0.04402100528442598,0.07394815256249873,0.05898457892346236
kite-surf,3,dagrs,sensor_noise,0,3.0,3.0,3.8937995433807373,1,50,0.7273896867903921,0.6796318730547116,0.7035107799225518,10,0,0.0,0,1,0,89,0,19.051249265670776,50,50,1,P1,0.7273896867903921,0.6796318730547116,0.7035107799225518
kite-surf,1,dagrs,sensor_noise,0,4.0,3.9755043983459473,5.0,1,50,0.24774634913659274,0.5949733849411873,0.42135986703889006,10,5,0.0,0,10,0,184,0,36.97903347015381,50,50,1,P1,0.24774634913659274,0.5949733849411873,0.42135986703889006
kite-surf,2,dagrs,sensor_noise,0,4.0,3.9755043983459473,5.0,1,50,0.0523126227,0.09459709011,0.0734548564,10,2,0.0,0,6,0,125,0,37.17296648025513,38,50,1.315789474,P1,0.03975759324828246,0.07189378848472802,0.05582569086650524
kite-surf,3,dagrs,sensor_noise,0,4.0,3.9755043983459473,5.0,1,50,0.725425339314786,0.6745460645116697,0.6999857019132278,10,0,0.0,0,1,0,89,0,18.498001098632812,50,50,1,P1,0.725425339314786,0.6745460645116697,0.6999857019132278
kite-surf,1,dagrs,sensor_noise,0,5.0,4.5222368240356445,5.0,1,50,0.24843078976088734,0.5796802027927549,0.41405549627682114,10,5,0.0,0,10,0,184,0,37.03303074836731,50,50,1,P1,0.24843078976088734,0.5796802027927549,0.41405549627682114
kite-surf,2,dagrs,sensor_noise,0,5.0,4.5222368240356445,5.0,1,50,0.06391621029,0.09954224761,0.08172922895,10,2,0.0,0,5,0,125,0,37.846025228500366,38,50,1.315789474,P1,0.04857631981684172,0.07565210818492034,0.06211421400088103
kite-surf,3,dagrs,sensor_noise,0,5.0,4.5222368240356445,5.0,1,50,0.7245687251956596,0.6724539455432604,0.6985113353694601,10,0,0.0,0,2,0,89,0,21.072808980941772,50,50,1,P1,0.7245687251956596,0.6724539455432604,0.6985113353694601
kite-surf,1,dagrs,C1_fog_noise,1,1.0,1.0955525636672974,1.2979332208633423,1,50,0.27526092204398495,0.6218349319207559,0.44854792698237045,10,5,0.0,0,10,0,184,0,35.740320682525635,50,50,1,P1,0.27526092204398495,0.6218349319207559,0.44854792698237045
kite-surf,2,dagrs,C1_fog_noise,1,1.0,1.0955525636672974,1.2979332208633423,1,50,0.06165034116,0.1016049696,0.08162765538,10,1,0.0,0,3,0,112,0,21.000866889953613,38,50,1.315789474,P1,0.0468542592804641,0.07721977690350587,0.06203701809198499
kite-surf,3,dagrs,C1_fog_noise,1,1.0,1.0955525636672974,1.2979332208633423,1,50,0.724647716326979,0.6686398993932585,0.6966438078601187,10,0,0.0,0,1,0,89,0,18.032194137573242,50,50,1,P1,0.724647716326979,0.6686398993932585,0.6966438078601187
kite-surf,1,dagrs,C1_fog_noise,1,2.0,1.9999998807907104,2.5958664417266846,1,50,0.21823896130378517,0.5080390644510177,0.3631390128774014,10,5,0.0,0,10,0,184,0,32.68972969055176,50,50,1,P1,0.21823896130378517,0.5080390644510177,0.3631390128774014
kite-surf,2,dagrs,C1_fog_noise,1,2.0,1.9999998807907104,2.5958664417266846,1,50,0.06392156969,0.1325117966,0.09821668313,10,2,0.0,0,4,0,111,0,18.865063667297363,38,50,1.315789474,P1,0.04858039296192998,0.10070896539388968,0.07464467917790983
kite-surf,3,dagrs,C1_fog_noise,1,2.0,1.9999998807907104,2.5958664417266846,1,50,0.716092157031882,0.6534326494089313,0.6847624032204067,10,0,0.0,0,1,0,89,0,18.136549711227417,50,50,1,P1,0.716092157031882,0.6534326494089313,0.6847624032204067
kite-surf,1,dagrs,C1_fog_noise,1,3.0,3.0,3.8937995433807373,1,50,0.09533770765270795,0.22461191271177255,0.15997481018224025,10,1,0.0,0,4,0,112,0,19.82129979133606,50,50,1,P1,0.09533770765270795,0.22461191271177255,0.15997481018224025
kite-surf,2,dagrs,C1_fog_noise,1,3.0,3.0,3.8937995433807373,1,50,0.09122727266,0.1428935138,0.1170603932,10,4,0.0,0,9,0,167,0,30.35736083984375,38,50,1.315789474,P1,0.06933272721958486,0.1085990704708377,0.08896589884521128
kite-surf,3,dagrs,C1_fog_noise,1,3.0,3.0,3.8937995433807373,1,50,0.5356847781001831,0.47367426710294397,0.5046795226015636,10,1,0.0,0,6,0,98,0,19.03563642501831,50,50,1,P1,0.5356847781001831,0.47367426710294397,0.5046795226015636
kite-surf,1,dagrs,C1_fog_noise,1,4.0,3.9755043983459473,5.0,1,50,0.07764161037900676,0.13754010431868358,0.10759085734884516,10,3,0.0,0,6,0,148,0,26.309951543807983,50,50,1,P1,0.07764161037900676,0.13754010431868358,0.10759085734884516
kite-surf,2,dagrs,C1_fog_noise,1,4.0,3.9755043983459473,5.0,1,50,0.03473254511,0.05970176809,0.0472171566,10,1,0.0,0,5,0,98,0,17.36307168006897,38,50,1.315789474,P1,0.02639673428284335,0.04537334374512345,0.035885039013983405
kite-surf,3,dagrs,C1_fog_noise,1,4.0,3.9755043983459473,5.0,1,50,0.2636092786404988,0.2035722301314226,0.23359075438596072,10,2,0.0,0,6,0,107,0,24.72813105583191,50,50,1,P1,0.2636092786404988,0.2035722301314226,0.23359075438596072
kite-surf,1,dagrs,C1_fog_noise,1,5.0,4.5222368240356445,5.0,1,50,0.05027323222379689,0.08610760516697505,0.06819041869538597,10,2,0.0,0,5,0,125,0,22.622487783432007,50,50,1,P1,0.05027323222379689,0.08610760516697505,0.06819041869538597
kite-surf,2,dagrs,C1_fog_noise,1,5.0,4.5222368240356445,5.0,1,50,0.0317715949,0.05875546992,0.04526353241,10,2,0.0,0,6,0,125,0,22.99656391143799,38,50,1.315789474,P1,0.02414641212615765,0.04465415713946564,0.03440028463281165
kite-surf,3,dagrs,C1_fog_noise,1,5.0,4.5222368240356445,5.0,1,50,0.2593474645968919,0.20298648737059385,0.23116697598374286,10,4,0.0,0,8,0,171,0,31.728681325912476,50,50,1,P1,0.2593474645968919,0.20298648737059385,0.23116697598374286
lab-coat,1,dagrs,fog,0,1.0,1.099408507347107,1.2986416816711426,1,47,0.10783710441116907,0.31172220938881434,0.2097796568999917,10,3,0.0,0,6,0,131,0,24.204503774642944,47,47,1,P1,0.10783710441116907,0.31172220938881434,0.2097796568999917
lab-coat,2,dagrs,fog,0,1.0,1.099408507347107,1.2986416816711426,1,47,0.08136144882857904,0.24656922509504453,0.1639653369618118,10,3,0.0,0,6,0,131,0,24.348595142364502,47,47,1,P1,0.08136144882857904,0.24656922509504453,0.1639653369618118
lab-coat,3,dagrs,fog,0,1.0,1.099408507347107,1.2986416816711426,1,47,0.9638287963498852,0.7219909381559918,0.8429098672529385,10,0,0.0,0,0,0,76,0,13.15550446510315,47,47,1,P1,0.9638287963498852,0.7219909381559918,0.8429098672529385
lab-coat,4,dagrs,fog,0,1.0,1.099408507347107,1.2986416816711426,1,47,0.9224234235736529,0.595597988227287,0.75901070590047,10,0,0.0,0,0,0,76,0,14.453118562698364,47,47,1,P1,0.9224234235736529,0.595597988227287,0.75901070590047
lab-coat,5,dagrs,fog,0,1.0,1.099408507347107,1.2986416816711426,1,47,0.9246579001596251,0.7243378878434207,0.8244978940015228,10,0,0.0,0,0,0,76,0,15.288252592086792,47,47,1,P1,0.9246579001596251,0.7243378878434207,0.8244978940015228
lab-coat,1,dagrs,fog,0,2.0,2.011909246444702,2.597283363342285,1,47,0.06386650763572906,0.1736603754010438,0.11876344151838641,10,3,0.0,0,6,0,131,0,23.007742881774902,47,47,1,P1,0.06386650763572906,0.1736603754010438,0.11876344151838641
lab-coat,2,dagrs,fog,0,2.0,2.011909246444702,2.597283363342285,1,47,0.08051074747275423,0.2557360766003692,0.1681234120365617,10,3,0.0,0,6,0,131,0,23.048144102096558,47,47,1,P1,0.08051074747275423,0.2557360766003692,0.1681234120365617
lab-coat,3,dagrs,fog,0,2.0,2.011909246444702,2.597283363342285,1,47,0.9613250195987527,0.7059485491103689,0.8336367843545608,10,0,0.0,0,0,0,76,0,13.125945806503296,47,47,1,P1,0.9613250195987527,0.7059485491103689,0.8336367843545608
lab-coat,4,dagrs,fog,0,2.0,2.011909246444702,2.597283363342285,1,47,0.9155256479879669,0.5905238770729666,0.7530247625304667,10,0,0.0,0,0,0,76,0,27.575089931488037,47,47,1,P1,0.9155256479879669,0.5905238770729666,0.7530247625304667
lab-coat,5,dagrs,fog,0,2.0,2.011909246444702,2.597283363342285,1,47,0.9232089285855332,0.7212943905418389,0.822251659563686,10,0,0.0,0,0,0,76,0,16.29114079475403,47,47,1,P1,0.9232089285855332,0.7212943905418389,0.822251659563686
lab-coat,1,dagrs,fog,0,3.0,3.017864465713501,3.8959248065948486,1,47,0.06310055787035991,0.17082192819803046,0.1169612430341952,10,4,0.0,0,8,0,168,0,29.54880380630493,47,47,1,P1,0.06310055787035991,0.17082192819803046,0.1169612430341952
lab-coat,2,dagrs,fog,0,3.0,3.017864465713501,3.8959248065948486,1,47,0.09097762300244801,0.24370890020285554,0.16734326160265178,10,4,0.0,0,8,0,168,0,29.932859420776367,47,47,1,P1,0.09097762300244801,0.24370890020285554,0.16734326160265178
lab-coat,3,dagrs,fog,0,3.0,3.017864465713501,3.8959248065948486,1,47,0.9570826298425619,0.6839565219013166,0.8205195758719392,10,0,0.0,0,0,0,76,0,13.784321784973145,47,47,1,P1,0.9570826298425619,0.6839565219013166,0.8205195758719392
lab-coat,4,dagrs,fog,0,3.0,3.017864465713501,3.8959248065948486,1,47,0.8962483551192635,0.5131712843851949,0.7047098197522292,10,0,0.0,0,1,0,86,0,16.03061532974243,47,47,1,P1,0.8962483551192635,0.5131712843851949,0.7047098197522292
lab-coat,5,dagrs,fog,0,3.0,3.017864465713501,3.8959248065948486,1,47,0.9107539930726921,0.666641827558483,0.7886979103155876,10,0,0.0,0,1,0,86,0,15.629464387893677,47,47,1,P1,0.9107539930726921,0.666641827558483,0.7886979103155876
lab-coat,1,dagrs,fog,0,4.0,3.996807098388672,5.0,1,47,0.07237378405767894,0.20694722016841358,0.13966050211304626,10,3,0.0,0,7,0,117,0,60.59183979034424,47,47,1,P1,0.07237378405767894,0.20694722016841358,0.13966050211304626
lab-coat,2,dagrs,fog,0,4.0,3.996807098388672,5.0,1,47,0.06322456595577564,0.15429365617604598,0.10875911106591081,10,3,0.0,0,7,0,145,0,26.63279700279236,47,47,1,P1,0.06322456595577564,0.15429365617604598,0.10875911106591081
lab-coat,3,dagrs,fog,0,4.0,3.996807098388672,5.0,1,47,0.9388901684561838,0.612342505800344,0.7756163371282638,10,1,0.0,0,3,0,99,0,17.971466779708862,47,47,1,P1,0.9388901684561838,0.612342505800344,0.7756163371282638
lab-coat,4,dagrs,fog,0,4.0,3.996807098388672,5.0,1,47,0.8848803863560457,0.48766373123785156,0.6862720587969486,10,0,0.0,0,1,0,86,0,15.67645525932312,47,47,1,P1,0.8848803863560457,0.48766373123785156,0.6862720587969486
lab-coat,5,dagrs,fog,0,4.0,3.996807098388672,5.0,1,47,0.8919578750502315,0.5993206665013514,0.7456392707757915,10,0,0.0,0,3,0,86,0,15.636150121688843,47,47,1,P1,0.8919578750502315,0.5993206665013514,0.7456392707757915
lab-coat,1,dagrs,fog,0,5.0,4.532731533050537,5.0,1,47,0.02703164057595611,0.07264567724171078,0.04983865890883345,10,4,0.0,0,9,0,178,0,32.669190406799316,47,47,1,P1,0.02703164057595611,0.07264567724171078,0.04983865890883345
lab-coat,2,dagrs,fog,0,5.0,4.532731533050537,5.0,1,47,0.02127659574468085,0.021757213893561566,0.021516904819121208,10,4,0.0,0,9,0,178,0,32.32945895195007,47,47,1,P1,0.02127659574468085,0.021757213893561566,0.021516904819121208
lab-coat,3,dagrs,fog,0,5.0,4.532731533050537,5.0,1,47,0.7528186991051559,0.45136584274385755,0.6020922709245067,10,2,0.0,0,4,0,108,0,19.441219091415405,47,47,1,P1,0.7528186991051559,0.45136584274385755,0.6020922709245067
lab-coat,4,dagrs,fog,0,5.0,4.532731533050537,5.0,1,47,0.8705826708894104,0.4437924653949946,0.6571875681422026,10,0,0.0,0,1,0,86,0,15.18882703781128,47,47,1,P1,0.8705826708894104,0.4437924653949946,0.6571875681422026
lab-coat,5,dagrs,fog,0,5.0,4.532731533050537,5.0,1,47,0.8371543678051664,0.5057237837049169,0.6714390757550417,10,2,0.0,0,5,0,104,0,17.3765230178833,47,47,1,P1,0.8371543678051664,0.5057237837049169,0.6714390757550417
lab-coat,1,dagrs,sensor_noise,0,1.0,1.099408507347107,1.2986416816711426,1,47,0.06518969863355907,0.17087603781735208,0.11803286822545558,10,2,0.0,0,6,0,122,0,22.821622610092163,47,47,1,P1,0.06518969863355907,0.17087603781735208,0.11803286822545558
lab-coat,2,dagrs,sensor_noise,0,1.0,1.099408507347107,1.2986416816711426,1,47,0.0881457474344663,0.2355164631968346,0.16183110531565045,10,3,0.0,0,6,0,131,0,23.813552379608154,47,47,1,P1,0.0881457474344663,0.2355164631968346,0.16183110531565045
lab-coat,3,dagrs,sensor_noise,0,1.0,1.099408507347107,1.2986416816711426,1,47,0.9647289277217427,0.7401282288025687,0.8524285782621557,10,0,0.0,0,0,0,76,0,15.561759948730469,47,47,1,P1,0.9647289277217427,0.7401282288025687,0.8524285782621557
lab-coat,4,dagrs,sensor_noise,0,1.0,1.099408507347107,1.2986416816711426,1,47,0.9234943110003346,0.6062058060396773,0.764850058520006,10,0,0.0,0,0,0,76,0,15.714980125427246,47,47,1,P1,0.9234943110003346,0.6062058060396773,0.764850058520006
lab-coat,5,dagrs,sensor_noise,0,1.0,1.099408507347107,1.2986416816711426,1,47,0.9279309146075041,0.7373543252426612,0.8326426199250827,10,0,0.0,0,0,0,76,0,16.95404553413391,47,47,1,P1,0.9279309146075041,0.7373543252426612,0.8326426199250827
lab-coat,1,dagrs,sensor_noise,0,2.0,2.011909246444702,2.597283363342285,1,47,0.10301034665763457,0.33542640981301325,0.21921837823532392,10,4,0.0,0,8,0,168,0,30.462783336639404,47,47,1,P1,0.10301034665763457,0.33542640981301325,0.21921837823532392
lab-coat,2,dagrs,sensor_noise,0,2.0,2.011909246444702,2.597283363342285,1,47,0.10119858100261989,0.2730457456141247,0.18712216330837228,10,4,0.0,0,8,0,168,0,30.337990045547485,47,47,1,P1,0.10119858100261989,0.2730457456141247,0.18712216330837228
lab-coat,3,dagrs,sensor_noise,0,2.0,2.011909246444702,2.597283363342285,1,47,0.9634869921489033,0.728695823737495,0.8460914079431991,10,0,0.0,0,0,0,76,0,15.812939882278442,47,47,1,P1,0.9634869921489033,0.728695823737495,0.8460914079431991
lab-coat,4,dagrs,sensor_noise,0,2.0,2.011909246444702,2.597283363342285,1,47,0.921203922142744,0.6017161716242909,0.7614600468835175,10,0,0.0,0,0,0,76,0,16.942877531051636,47,47,1,P1,0.921203922142744,0.6017161716242909,0.7614600468835175
lab-coat,5,dagrs,sensor_noise,0,2.0,2.011909246444702,2.597283363342285,1,47,0.9237169515642482,0.7240577935380543,0.8238873725511513,10,0,0.0,0,0,0,76,0,15.965203762054443,47,47,1,P1,0.9237169515642482,0.7240577935380543,0.8238873725511513
lab-coat,1,dagrs,sensor_noise,0,3.0,3.017864465713501,3.8959248065948486,1,47,0.11293797345378523,0.3505826402395473,0.23176030684666626,10,4,0.0,0,8,0,168,0,30.287802696228027,47,47,1,P1,0.11293797345378523,0.3505826402395473,0.23176030684666626
lab-coat,2,dagrs,sensor_noise,0,3.0,3.017864465713501,3.8959248065948486,1,47,0.09161493341609309,0.25668974031070796,0.17415233686340054,10,4,0.0,0,8,0,168,0,30.255377054214478,47,47,1,P1,0.09161493341609309,0.25668974031070796,0.17415233686340054
lab-coat,3,dagrs,sensor_noise,0,3.0,3.017864465713501,3.8959248065948486,1,47,0.9601807547469912,0.7179001442001696,0.8390404494735804,10,0,0.0,0,0,0,76,0,16.663756370544434,47,47,1,P1,0.9601807547469912,0.7179001442001696,0.8390404494735804
lab-coat,4,dagrs,sensor_noise,0,3.0,3.017864465713501,3.8959248065948486,1,47,0.9144954135793885,0.5632042335406316,0.73884982356001,10,0,0.0,0,0,0,76,0,15.852965116500854,47,47,1,P1,0.9144954135793885,0.5632042335406316,0.73884982356001
lab-coat,5,dagrs,sensor_noise,0,3.0,3.017864465713501,3.8959248065948486,1,47,0.9198678298142077,0.704236491032472,0.8120521604233398,10,0,0.0,0,0,0,76,0,17.047783136367798,47,47,1,P1,0.9198678298142077,0.704236491032472,0.8120521604233398
lab-coat,1,dagrs,sensor_noise,0,4.0,3.996807098388672,5.0,1,47,0.11102299409573557,0.291039137171498,0.20103106563361678,10,3,0.0,0,7,0,141,0,24.719913959503174,47,47,1,P1,0.11102299409573557,0.291039137171498,0.20103106563361678
lab-coat,2,dagrs,sensor_noise,0,4.0,3.996807098388672,5.0,1,47,0.10511619682313539,0.2745497872108774,0.1898329920170064,10,3,0.0,0,7,0,155,0,28.118029594421387,47,47,1,P1,0.10511619682313539,0.2745497872108774,0.1898329920170064
lab-coat,3,dagrs,sensor_noise,0,4.0,3.996807098388672,5.0,1,47,0.9586101757225047,0.7086540458377336,0.8336321107801192,10,0,0.0,0,0,0,76,0,15.255042791366577,47,47,1,P1,0.9586101757225047,0.7086540458377336,0.8336321107801192
lab-coat,4,dagrs,sensor_noise,0,4.0,3.996807098388672,5.0,1,47,0.909039261060906,0.5302679803289755,0.7196536206949408,10,0,0.0,0,0,0,76,0,14.208087921142578,47,47,1,P1,0.909039261060906,0.5302679803289755,0.7196536206949408
lab-coat,5,dagrs,sensor_noise,0,4.0,3.996807098388672,5.0,1,47,0.9174803599597563,0.6932168432705281,0.8053486016151422,10,0,0.0,0,1,0,86,0,16.12029767036438,47,47,1,P1,0.9174803599597563,0.6932168432705281,0.8053486016151422
lab-coat,1,dagrs,sensor_noise,0,5.0,4.532731533050537,5.0,1,47,0.11602678676407695,0.3497444255330015,0.23288560614853923,10,3,0.0,0,7,0,141,0,25.068561792373657,47,47,1,P1,0.11602678676407695,0.3497444255330015,0.23288560614853923
lab-coat,2,dagrs,sensor_noise,0,5.0,4.532731533050537,5.0,1,47,0.10329295371012548,0.26637227799817115,0.1848326158541483,10,3,0.0,0,7,0,141,0,24.89448046684265,47,47,1,P1,0.10329295371012548,0.26637227799817115,0.1848326158541483
lab-coat,3,dagrs,sensor_noise,0,5.0,4.532731533050537,5.0,1,47,0.9568700003893771,0.7012276060610297,0.8290488032252035,10,0,0.0,0,0,0,76,0,15.06954836845398,47,47,1,P1,0.9568700003893771,0.7012276060610297,0.8290488032252035
lab-coat,4,dagrs,sensor_noise,0,5.0,4.532731533050537,5.0,1,47,0.9058173942039056,0.5161298486995489,0.7109736214517273,10,0,0.0,0,0,0,76,0,13.65572452545166,47,47,1,P1,0.9058173942039056,0.5161298486995489,0.7109736214517273
lab-coat,5,dagrs,sensor_noise,0,5.0,4.532731533050537,5.0,1,47,0.9095491335872906,0.6628481765161977,0.7861986550517441,10,0,0.0,0,1,0,86,0,58.208454847335815,47,47,1,P1,0.9095491335872906,0.6628481765161977,0.7861986550517441
lab-coat,1,dagrs,C1_fog_noise,1,1.0,1.099408507347107,1.2986416816711426,1,47,0.06945542190376419,0.18436443429065466,0.1269099280972094,10,2,0.0,0,7,0,132,0,38.191508531570435,47,47,1,P1,0.06945542190376419,0.18436443429065466,0.1269099280972094
lab-coat,2,dagrs,C1_fog_noise,1,1.0,1.099408507347107,1.2986416816711426,1,47,0.08956978743203259,0.2633508643455228,0.1764603258887777,10,2,0.0,0,7,0,132,0,39.286476135253906,47,47,1,P1,0.08956978743203259,0.2633508643455228,0.1764603258887777
lab-coat,3,dagrs,C1_fog_noise,1,1.0,1.099408507347107,1.2986416816711426,1,47,0.9637205033929995,0.7323908466787212,0.8480556750358603,10,0,0.0,0,0,0,76,0,31.410367488861084,47,47,1,P1,0.9637205033929995,0.7323908466787212,0.8480556750358603
lab-coat,4,dagrs,C1_fog_noise,1,1.0,1.099408507347107,1.2986416816711426,1,47,0.9208388311814788,0.595007269078576,0.7579230501300274,10,0,0.0,0,0,0,76,0,15.071466207504272,47,47,1,P1,0.9208388311814788,0.595007269078576,0.7579230501300274
lab-coat,5,dagrs,C1_fog_noise,1,1.0,1.099408507347107,1.2986416816711426,1,47,0.9245979873268424,0.7249577476023226,0.8247778674645825,10,0,0.0,0,0,0,76,0,15.638640403747559,47,47,1,P1,0.9245979873268424,0.7249577476023226,0.8247778674645825
lab-coat,1,dagrs,C1_fog_noise,1,2.0,2.011909246444702,2.597283363342285,1,47,0.13090963428757751,0.3402500946657777,0.23557986447667761,10,4,0.0,0,8,0,168,0,30.253600597381592,47,47,1,P1,0.13090963428757751,0.3402500946657777,0.23557986447667761
lab-coat,2,dagrs,C1_fog_noise,1,2.0,2.011909246444702,2.597283363342285,1,47,0.10725492355425678,0.2823821690567915,0.19481854630552414,10,4,0.0,0,8,0,168,0,31.724821090698242,47,47,1,P1,0.10725492355425678,0.2823821690567915,0.19481854630552414
lab-coat,3,dagrs,C1_fog_noise,1,2.0,2.011909246444702,2.597283363342285,1,47,0.9564225969405555,0.6940830228425587,0.8252528098915571,10,0,0.0,0,0,0,76,0,31.451826810836792,47,47,1,P1,0.9564225969405555,0.6940830228425587,0.8252528098915571
lab-coat,4,dagrs,C1_fog_noise,1,2.0,2.011909246444702,2.597283363342285,1,47,0.9015451669195818,0.4980734263704983,0.69980929664504,10,0,0.0,0,0,0,76,0,56.975358724594116,47,47,1,P1,0.9015451669195818,0.4980734263704983,0.69980929664504
lab-coat,5,dagrs,C1_fog_noise,1,2.0,2.011909246444702,2.597283363342285,1,47,0.9037143335543083,0.6387708552660888,0.7712425944101986,10,0,0.0,0,1,0,86,0,16.24378275871277,47,47,1,P1,0.9037143335543083,0.6387708552660888,0.7712425944101986
lab-coat,1,dagrs,C1_fog_noise,1,3.0,3.017864465713501,3.8959248065948486,1,47,0.12697769778799842,0.2681312917477636,0.197554494767881,10,4,0.0,0,9,0,126,0,23.59265375137329,47,47,1,P1,0.12697769778799842,0.2681312917477636,0.197554494767881
lab-coat,2,dagrs,C1_fog_noise,1,3.0,3.017864465713501,3.8959248065948486,1,47,0.06353911161063326,0.16854401339273958,0.11604156250168643,10,3,0.0,0,7,0,117,0,21.14565110206604,47,47,1,P1,0.06353911161063326,0.16854401339273958,0.11604156250168643
lab-coat,3,dagrs,C1_fog_noise,1,3.0,3.017864465713501,3.8959248065948486,1,47,0.9266523945303248,0.5795121920963006,0.7530822933133127,10,0,0.0,0,0,0,76,0,13.388362407684326,47,47,1,P1,0.9266523945303248,0.5795121920963006,0.7530822933133127
lab-coat,4,dagrs,C1_fog_noise,1,3.0,3.017864465713501,3.8959248065948486,1,47,0.8774410582971144,0.40761114414518196,0.6425261012211482,10,0,0.0,0,1,0,86,0,16.579391956329346,47,47,1,P1,0.8774410582971144,0.40761114414518196,0.6425261012211482
lab-coat,5,dagrs,C1_fog_noise,1,3.0,3.017864465713501,3.8959248065948486,1,47,0.8728918146343168,0.5380692109259367,0.7054805127801267,10,0,0.0,0,1,0,86,0,16.089702606201172,47,47,1,P1,0.8728918146343168,0.5380692109259367,0.7054805127801267
lab-coat,1,dagrs,C1_fog_noise,1,4.0,3.996807098388672,5.0,1,47,0.03405296837713751,0.10596531568951488,0.0700091420333262,10,4,0.0,0,8,0,168,0,32.08882713317871,47,47,1,P1,0.03405296837713751,0.10596531568951488,0.0700091420333262
lab-coat,2,dagrs,C1_fog_noise,1,4.0,3.996807098388672,5.0,1,47,0.03312822405358673,0.09510082461892988,0.0641145243362583,10,3,0.0,0,7,0,155,0,30.864577770233154,47,47,1,P1,0.03312822405358673,0.09510082461892988,0.0641145243362583
lab-coat,3,dagrs,C1_fog_noise,1,4.0,3.996807098388672,5.0,1,47,0.7701207480954687,0.3128063575063287,0.5414635528008986,10,1,0.0,0,5,0,109,0,21.01299500465393,47,47,1,P1,0.7701207480954687,0.3128063575063287,0.5414635528008986
lab-coat,4,dagrs,C1_fog_noise,1,4.0,3.996807098388672,5.0,1,47,0.45757035399417173,0.15548441622265258,0.30652738510841215,10,1,0.0,0,2,0,99,0,18.692962646484375,47,47,1,P1,0.45757035399417173,0.15548441622265258,0.30652738510841215
lab-coat,5,dagrs,C1_fog_noise,1,4.0,3.996807098388672,5.0,1,47,0.5040022597217227,0.24148678150551214,0.37274452061361746,10,1,0.0,0,4,0,95,0,17.839323043823242,47,47,1,P1,0.5040022597217227,0.24148678150551214,0.37274452061361746
lab-coat,1,dagrs,C1_fog_noise,1,5.0,4.532731533050537,5.0,1,47,0.051658670137353556,0.11189005794019272,0.08177436403877314,10,3,0.0,0,7,0,145,0,26.85615086555481,47,47,1,P1,0.051658670137353556,0.11189005794019272,0.08177436403877314
lab-coat,2,dagrs,C1_fog_noise,1,5.0,4.532731533050537,5.0,1,47,0.05862132227968854,0.12723597510722545,0.09292864869345699,10,3,0.0,0,7,0,145,0,26.64046883583069,47,47,1,P1,0.05862132227968854,0.12723597510722545,0.09292864869345699
lab-coat,3,dagrs,C1_fog_noise,1,5.0,4.532731533050537,5.0,1,47,0.3725810774214904,0.1797140599021798,0.2761475686618351,10,1,0.0,0,4,0,109,0,21.113425254821777,47,47,1,P1,0.3725810774214904,0.1797140599021798,0.2761475686618351
lab-coat,4,dagrs,C1_fog_noise,1,5.0,4.532731533050537,5.0,1,47,0.4373180565358361,0.1120588652302779,0.274688460883057,10,2,0.0,0,5,0,94,0,18.418497323989868,47,47,1,P1,0.4373180565358361,0.1120588652302779,0.274688460883057
lab-coat,5,dagrs,C1_fog_noise,1,5.0,4.532731533050537,5.0,1,47,0.3816361866404059,0.16912209512952012,0.275379140884963,10,0,0.0,0,3,0,86,0,41.35308599472046,47,47,1,P1,0.3816361866404059,0.16912209512952012,0.275379140884963
libby,1,dagrs,fog,0,1.0,1.0978316068649292,1.2998371124267578,1,49,0.8970710474895028,0.8197016010960815,0.8583863242927922,10,5,0.0,0,10,0,183,0,32.77399921417236,49,49,1,P1,0.8970710474895028,0.8197016010960815,0.8583863242927922
libby,1,dagrs,fog,0,2.0,2.008939027786255,2.5996742248535156,1,49,0.8920299674564869,0.8169248537568161,0.8544774106066515,10,4,0.0,0,9,0,128,0,20.93351459503174,49,49,1,P1,0.8920299674564869,0.8169248537568161,0.8544774106066515
libby,1,dagrs,fog,0,3.0,3.0134084224700928,3.8995115756988525,1,49,0.8649226932611521,0.7739038508111618,0.8194132720361569,10,4,0.0,0,9,0,128,0,21.130582332611084,49,49,1,P1,0.8649226932611521,0.7739038508111618,0.8194132720361569
libby,1,dagrs,fog,0,4.0,3.993647575378418,5.0,1,49,0.7577032507830566,0.6661321753838768,0.7119177130834666,10,4,0.0,0,9,0,128,0,28.290114402770996,49,49,1,P1,0.7577032507830566,0.6661321753838768,0.7119177130834666
libby,1,dagrs,fog,0,5.0,4.533189296722412,5.0,1,49,0.6256019002265708,0.5319184161272329,0.5787601581769019,10,5,0.0,0,10,0,183,0,32.950173139572144,49,49,1,P1,0.6256019002265708,0.5319184161272329,0.5787601581769019
libby,1,dagrs,sensor_noise,0,1.0,1.0978316068649292,1.2998371124267578,1,49,0.8885973651007941,0.8105925976191303,0.8495949813599621,10,4,0.0,0,9,0,128,0,21.51441478729248,49,49,1,P1,0.8885973651007941,0.8105925976191303,0.8495949813599621
libby,1,dagrs,sensor_noise,0,2.0,2.008939027786255,2.5996742248535156,1,49,0.8114622131436301,0.7524045144966686,0.7819333638201493,10,4,0.0,0,9,0,128,0,21.246962785720825,49,49,1,P1,0.8114622131436301,0.7524045144966686,0.7819333638201493
libby,1,dagrs,sensor_noise,0,3.0,3.0134084224700928,3.8995115756988525,1,49,0.802300729400505,0.7311380866588413,0.7667194080296731,10,4,0.0,0,9,0,128,0,21.535810947418213,49,49,1,P1,0.802300729400505,0.7311380866588413,0.7667194080296731
libby,1,dagrs,sensor_noise,0,4.0,3.993647575378418,5.0,1,49,0.7806541034423028,0.707254461419503,0.7439542824309029,10,4,0.0,0,9,0,128,0,21.69247341156006,49,49,1,P1,0.7806541034423028,0.707254461419503,0.7439542824309029
libby,1,dagrs,sensor_noise,0,5.0,4.533189296722412,5.0,1,49,0.8050940251003693,0.7200515361135245,0.7625727806069469,10,4,0.0,0,9,0,128,0,22.132993698120117,49,49,1,P1,0.8050940251003693,0.7200515361135245,0.7625727806069469
libby,1,dagrs,C1_fog_noise,1,1.0,1.0978316068649292,1.2998371124267578,1,49,0.8540971978625338,0.7837869740779113,0.8189420859702226,10,5,0.0,0,10,0,183,0,33.060879945755005,49,49,1,P1,0.8540971978625338,0.7837869740779113,0.8189420859702226
libby,1,dagrs,C1_fog_noise,1,2.0,2.008939027786255,2.5996742248535156,1,49,0.7947449589641445,0.6875294017478178,0.7411371803559812,10,5,0.0,0,10,0,183,0,33.421422719955444,49,49,1,P1,0.7947449589641445,0.6875294017478178,0.7411371803559812
libby,1,dagrs,C1_fog_noise,1,3.0,3.0134084224700928,3.8995115756988525,1,49,0.5730997920137136,0.44256125739818586,0.5078305247059498,10,5,0.0,0,10,0,183,0,33.143012046813965,49,49,1,P1,0.5730997920137136,0.44256125739818586,0.5078305247059498
libby,1,dagrs,C1_fog_noise,1,4.0,3.993647575378418,5.0,1,49,0.3083013651943983,0.20230665911219864,0.25530401215329845,10,3,0.0,0,6,0,133,0,24.254849910736084,49,49,1,P1,0.3083013651943983,0.20230665911219864,0.25530401215329845
libby,1,dagrs,C1_fog_noise,1,5.0,4.533189296722412,5.0,1,49,0.2861059953061947,0.1431899875202074,0.21464799141320104,10,3,0.0,0,7,0,133,0,23.482335090637207,49,49,1,P1,0.2861059953061947,0.1431899875202074,0.21464799141320104
loading,1,dagrs,fog,0,1.0,1.0955067873001099,1.299845814704895,1,50,0.9766258551999921,0.8299436531747788,0.9032847541873854,10,0,0.0,0,0,0,79,0,16.208988666534424,50,50,1,P1,0.9766258551999921,0.8299436531747788,0.9032847541873854
loading,2,dagrs,fog,0,1.0,1.0955067873001099,1.299845814704895,1,50,0.8534382356778686,0.6888415730906106,0.7711399043842395,10,1,0.0,0,3,0,88,0,15.493345499038696,50,50,1,P1,0.8534382356778686,0.6888415730906106,0.7711399043842395
loading,3,dagrs,fog,0,1.0,1.0955067873001099,1.299845814704895,1,50,0.9483363129420199,0.8430712070187962,0.8957037599804081,10,0,0.0,0,1,0,79,0,15.079812049865723,50,50,1,P1,0.9483363129420199,0.8430712070187962,0.8957037599804081
loading,1,dagrs,fog,0,2.0,2.0,2.59969162940979,1,50,0.9722646581659548,0.8013490715496361,0.8868068648577954,10,1,0.0,0,2,0,88,0,16.371485710144043,50,50,1,P1,0.9722646581659548,0.8013490715496361,0.8868068648577954
loading,2,dagrs,fog,0,2.0,2.0,2.59969162940979,1,50,0.8414536903453289,0.6646578699299189,0.7530557801376239,10,2,0.0,0,4,0,97,0,16.13345694541931,50,50,1,P1,0.8414536903453289,0.6646578699299189,0.7530557801376239
loading,3,dagrs,fog,0,2.0,2.0,2.59969162940979,1,50,0.9465297904873268,0.8386667257192545,0.8925982581032906,10,1,0.0,0,2,0,88,0,22.43066120147705,50,50,1,P1,0.9465297904873268,0.8386667257192545,0.8925982581032906
loading,1,dagrs,fog,0,3.0,3.0,3.8995375633239746,1,50,0.9681382053295933,0.787314472923699,0.8777263391266461,10,1,0.0,0,3,0,88,0,15.280610084533691,50,50,1,P1,0.9681382053295933,0.787314472923699,0.8777263391266461
loading,2,dagrs,fog,0,3.0,3.0,3.8995375633239746,1,50,0.8625422839099879,0.6631027407443411,0.7628225123271645,10,2,0.0,0,5,0,97,0,16.549955368041992,50,50,1,P1,0.8625422839099879,0.6631027407443411,0.7628225123271645
loading,3,dagrs,fog,0,3.0,3.0,3.8995375633239746,1,50,0.9336311071205173,0.8101692909793683,0.8719001990499429,10,1,0.0,0,3,0,88,0,17.449060440063477,50,50,1,P1,0.9336311071205173,0.8101692909793683,0.8719001990499429
loading,1,dagrs,fog,0,4.0,3.975006103515625,5.0,1,50,0.9521554232743757,0.709645709033902,0.8309005661541389,10,1,0.0,0,4,0,88,0,57.114556550979614,50,50,1,P1,0.9521554232743757,0.709645709033902,0.8309005661541389
loading,2,dagrs,fog,0,4.0,3.975006103515625,5.0,1,50,0.6989280706651942,0.49280186737879594,0.595864969021995,10,1,0.0,0,4,0,88,0,14.68692922592163,50,50,1,P1,0.6989280706651942,0.49280186737879594,0.595864969021995
loading,3,dagrs,fog,0,4.0,3.975006103515625,5.0,1,50,0.9351824281010233,0.8157578891748635,0.8754701586379434,10,1,0.0,0,3,0,88,0,17.982659101486206,50,50,1,P1,0.9351824281010233,0.8157578891748635,0.8754701586379434
loading,1,dagrs,fog,0,5.0,4.522466659545898,5.0,1,50,0.953894526849139,0.701075616890972,0.8274850718700555,10,1,0.0,0,4,0,88,0,17.049703121185303,50,50,1,P1,0.953894526849139,0.701075616890972,0.8274850718700555
loading,2,dagrs,fog,0,5.0,4.522466659545898,5.0,1,50,0.7534577885070598,0.5096442357159544,0.6315510121115071,10,3,0.0,0,8,0,106,0,16.959432125091553,50,50,1,P1,0.7534577885070598,0.5096442357159544,0.6315510121115071
loading,3,dagrs,fog,0,5.0,4.522466659545898,5.0,1,50,0.9210041195856408,0.7865124007135204,0.8537582601495806,10,1,0.0,0,4,0,88,0,17.54164981842041,50,50,1,P1,0.9210041195856408,0.7865124007135204,0.8537582601495806
loading,1,dagrs,sensor_noise,0,1.0,1.0955067873001099,1.299845814704895,1,50,0.9797422134864091,0.8496527288353006,0.9146974711608549,10,0,0.0,0,0,0,79,0,32.47773098945618,50,50,1,P1,0.9797422134864091,0.8496527288353006,0.9146974711608549
loading,2,dagrs,sensor_noise,0,1.0,1.0955067873001099,1.299845814704895,1,50,0.8592715031159757,0.6964159143849129,0.7778437087504443,10,1,0.0,0,3,0,88,0,14.891473531723022,50,50,1,P1,0.8592715031159757,0.6964159143849129,0.7778437087504443
loading,3,dagrs,sensor_noise,0,1.0,1.0955067873001099,1.299845814704895,1,50,0.9503006102104381,0.8487181610375718,0.899509385624005,10,0,0.0,0,1,0,79,0,14.51115345954895,50,50,1,P1,0.9503006102104381,0.8487181610375718,0.899509385624005
loading,1,dagrs,sensor_noise,0,2.0,2.0,2.59969162940979,1,50,0.9790420934461872,0.8494072732344001,0.9142246833402936,10,0,0.0,0,0,0,79,0,31.264814853668213,50,50,1,P1,0.9790420934461872,0.8494072732344001,0.9142246833402936
loading,2,dagrs,sensor_noise,0,2.0,2.0,2.59969162940979,1,50,0.8512761899424807,0.6736346735840669,0.7624554317632738,10,1,0.0,0,3,0,88,0,14.241504430770874,50,50,1,P1,0.8512761899424807,0.6736346735840669,0.7624554317632738
loading,3,dagrs,sensor_noise,0,2.0,2.0,2.59969162940979,1,50,0.9488652780523107,0.8453088588151227,0.8970870684337167,10,0,0.0,0,1,0,79,0,15.08465576171875,50,50,1,P1,0.9488652780523107,0.8453088588151227,0.8970870684337167
loading,1,dagrs,sensor_noise,0,3.0,3.0,3.8995375633239746,1,50,0.9768306809277562,0.8363060007040722,0.9065683408159142,10,0,0.0,0,0,0,79,0,14.632476568222046,50,50,1,P1,0.9768306809277562,0.8363060007040722,0.9065683408159142
loading,2,dagrs,sensor_noise,0,3.0,3.0,3.8995375633239746,1,50,0.8391359984820955,0.6560498073403999,0.7475929029112477,10,1,0.0,0,3,0,88,0,14.80235767364502,50,50,1,P1,0.8391359984820955,0.6560498073403999,0.7475929029112477
loading,3,dagrs,sensor_noise,0,3.0,3.0,3.8995375633239746,1,50,0.9440750394592362,0.83348676983025,0.8887809046447431,10,0,0.0,0,1,0,79,0,16.343280792236328,50,50,1,P1,0.9440750394592362,0.83348676983025,0.8887809046447431
loading,1,dagrs,sensor_noise,0,4.0,3.975006103515625,5.0,1,50,0.9715063612947216,0.8050410892319754,0.8882737252633485,10,0,0.0,0,0,0,79,0,14.300184726715088,50,50,1,P1,0.9715063612947216,0.8050410892319754,0.8882737252633485
loading,2,dagrs,sensor_noise,0,4.0,3.975006103515625,5.0,1,50,0.8202576002241919,0.6360640711927343,0.7281608357084631,10,2,0.0,0,4,0,97,0,16.26270627975464,50,50,1,P1,0.8202576002241919,0.6360640711927343,0.7281608357084631
loading,3,dagrs,sensor_noise,0,4.0,3.975006103515625,5.0,1,50,0.9348756206265559,0.8090961958715761,0.871985908249066,10,1,0.0,0,2,0,88,0,17.844489812850952,50,50,1,P1,0.9348756206265559,0.8090961958715761,0.871985908249066
loading,1,dagrs,sensor_noise,0,5.0,4.522466659545898,5.0,1,50,0.9701718281617631,0.795435446166899,0.8828036371643311,10,0,0.0,0,0,0,79,0,13.84113597869873,50,50,1,P1,0.9701718281617631,0.795435446166899,0.8828036371643311
loading,2,dagrs,sensor_noise,0,5.0,4.522466659545898,5.0,1,50,0.8121992671316637,0.6267532438587919,0.7194762554952279,10,2,0.0,0,5,0,97,0,15.795450448989868,50,50,1,P1,0.8121992671316637,0.6267532438587919,0.7194762554952279
loading,3,dagrs,sensor_noise,0,5.0,4.522466659545898,5.0,1,50,0.9304277597312053,0.7990532277998517,0.8647404937655285,10,1,0.0,0,2,0,88,0,15.301868200302124,50,50,1,P1,0.9304277597312053,0.7990532277998517,0.8647404937655285
loading,1,dagrs,C1_fog_noise,1,1.0,1.0955067873001099,1.299845814704895,1,50,0.9775302169358013,0.8358465425690664,0.9066883797524339,10,0,0.0,0,0,0,79,0,15.888459920883179,50,50,1,P1,0.9775302169358013,0.8358465425690664,0.9066883797524339
loading,2,dagrs,C1_fog_noise,1,1.0,1.0955067873001099,1.299845814704895,1,50,0.8798527031940709,0.705168084419984,0.7925103938070275,10,1,0.0,0,3,0,88,0,15.136320352554321,50,50,1,P1,0.8798527031940709,0.705168084419984,0.7925103938070275
loading,3,dagrs,C1_fog_noise,1,1.0,1.0955067873001099,1.299845814704895,1,50,0.9460297161343769,0.839185388772476,0.8926075524534265,10,0,0.0,0,1,0,79,0,50.999789237976074,50,50,1,P1,0.9460297161343769,0.839185388772476,0.8926075524534265
loading,1,dagrs,C1_fog_noise,1,2.0,2.0,2.59969162940979,1,50,0.9670327486788447,0.7759133644050406,0.8714730565419426,10,1,0.0,0,2,0,88,0,15.274250030517578,50,50,1,P1,0.9670327486788447,0.7759133644050406,0.8714730565419426
loading,2,dagrs,C1_fog_noise,1,2.0,2.0,2.59969162940979,1,50,0.7248445802439645,0.5233502895069023,0.6240974348754333,10,2,0.0,0,5,0,97,0,15.63689112663269,50,50,1,P1,0.7248445802439645,0.5233502895069023,0.6240974348754333
loading,3,dagrs,C1_fog_noise,1,2.0,2.0,2.59969162940979,1,50,0.802832736667819,0.7092402740670716,0.7560365053674453,10,1,0.0,0,2,0,88,0,17.65052843093872,50,50,1,P1,0.802832736667819,0.7092402740670716,0.7560365053674453
loading,1,dagrs,C1_fog_noise,1,3.0,3.0,3.8995375633239746,1,50,0.7014097486930331,0.4387490833978223,0.5700794160454277,10,0,0.0,0,2,0,79,0,14.101305484771729,50,50,1,P1,0.7014097486930331,0.4387490833978223,0.5700794160454277
loading,2,dagrs,C1_fog_noise,1,3.0,3.0,3.8995375633239746,1,50,0.6197564702963563,0.3948799865514838,0.50731822842392,10,2,0.0,0,5,0,97,0,16.625405311584473,50,50,1,P1,0.6197564702963563,0.3948799865514838,0.50731822842392
loading,3,dagrs,C1_fog_noise,1,3.0,3.0,3.8995375633239746,1,50,0.6994788477284622,0.5339983077179445,0.6167385777232034,10,1,0.0,0,3,0,88,0,15.740944623947144,50,50,1,P1,0.6994788477284622,0.5339983077179445,0.6167385777232034
loading,1,dagrs,C1_fog_noise,1,4.0,3.975006103515625,5.0,1,50,0.47537983032438186,0.17227862173681238,0.3238292260305971,10,1,0.0,0,5,0,88,0,22.85448694229126,50,50,1,P1,0.47537983032438186,0.17227862173681238,0.3238292260305971
loading,2,dagrs,C1_fog_noise,1,4.0,3.975006103515625,5.0,1,50,0.4547495335901735,0.2547563432744349,0.3547529384323042,10,0,0.0,0,2,0,79,0,14.332735300064087,50,50,1,P1,0.4547495335901735,0.2547563432744349,0.3547529384323042
loading,3,dagrs,C1_fog_noise,1,4.0,3.975006103515625,5.0,1,50,0.4931920707433041,0.27819420599673245,0.3856931383700183,10,1,0.0,0,3,0,88,0,43.19717359542847,50,50,1,P1,0.4931920707433041,0.27819420599673245,0.3856931383700183
loading,1,dagrs,C1_fog_noise,1,5.0,4.522466659545898,5.0,1,50,0.3855875231616551,0.10863576066298208,0.2471116419123186,10,1,0.0,0,5,0,98,0,17.0665864944458,50,50,1,P1,0.3855875231616551,0.10863576066298208,0.2471116419123186
loading,2,dagrs,C1_fog_noise,1,5.0,4.522466659545898,5.0,1,50,0.3098668639619146,0.16986333678604815,0.23986510037398137,10,2,0.0,0,6,0,107,0,18.091428518295288,50,50,1,P1,0.3098668639619146,0.16986333678604815,0.23986510037398137
loading,3,dagrs,C1_fog_noise,1,5.0,4.522466659545898,5.0,1,50,0.47987405337662337,0.22153830256564283,0.3507061779711331,10,2,0.0,0,5,0,97,0,18.852917194366455,50,50,1,P1,0.47987405337662337,0.22153830256564283,0.3507061779711331
mbike-trick,1,dagrs,fog,0,1.0,1.094285249710083,1.299921989440918,1,79,0.5829345201897754,0.5703493845555478,0.5766419523726616,16,0,0.0,0,1,0,130,0,27.278331995010376,79,79,1,P1,0.5829345201897754,0.5703493845555478,0.5766419523726616
mbike-trick,2,dagrs,fog,0,1.0,1.094285249710083,1.299921989440918,1,79,0.8654333299972026,0.6706843985761786,0.7680588642866906,16,0,0.0,0,1,0,130,0,23.53914499282837,79,79,1,P1,0.8654333299972026,0.6706843985761786,0.7680588642866906
mbike-trick,1,dagrs,fog,0,2.0,1.9930821657180786,2.599843978881836,1,79,0.6090010933458001,0.5594278410215051,0.5842144671836527,16,0,0.0,0,2,0,130,0,22.786771774291992,79,79,1,P1,0.6090010933458001,0.5594278410215051,0.5842144671836527
mbike-trick,2,dagrs,fog,0,2.0,1.9930821657180786,2.599843978881836,1,79,0.856766343925563,0.6568723005365149,0.7568193222310389,16,0,0.0,0,1,0,130,0,23.10962677001953,79,79,1,P1,0.856766343925563,0.6568723005365149,0.7568193222310389
mbike-trick,1,dagrs,fog,0,3.0,2.9896240234375,3.899766206741333,1,79,0.6275893436341319,0.5804904696973527,0.6040399066657423,16,1,0.0,0,2,0,143,0,25.49503755569458,79,79,1,P1,0.6275893436341319,0.5804904696973527,0.6040399066657423
mbike-trick,2,dagrs,fog,0,3.0,2.9896240234375,3.899766206741333,1,79,0.6494060539636126,0.47133969611273613,0.5603728750381743,16,0,0.0,0,1,0,120,0,56.67575645446777,79,79,1,P1,0.6494060539636126,0.47133969611273613,0.5603728750381743
mbike-trick,1,dagrs,fog,0,4.0,3.9616475105285645,5.0,1,79,0.38553163266177587,0.4486927407032342,0.41711218668250505,16,1,0.0,0,3,0,143,0,65.40396475791931,79,79,1,P1,0.38553163266177587,0.4486927407032342,0.41711218668250505
mbike-trick,2,dagrs,fog,0,4.0,3.9616475105285645,5.0,1,79,0.8277546937880521,0.5911906497982052,0.7094726717931287,16,0,0.0,0,4,0,130,0,49.80218052864075,79,79,1,P1,0.8277546937880521,0.5911906497982052,0.7094726717931287
mbike-trick,1,dagrs,fog,0,5.0,4.511280536651611,5.0,1,79,0.36537149598252777,0.4197315326693492,0.3925515143259385,16,1,0.0,0,3,0,143,0,25.173306941986084,79,79,1,P1,0.36537149598252777,0.4197315326693492,0.3925515143259385
mbike-trick,2,dagrs,fog,0,5.0,4.511280536651611,5.0,1,79,0.6134317559151574,0.3819529923444055,0.49769237412978146,16,2,0.0,0,4,0,166,0,28.797184944152832,79,79,1,P1,0.6134317559151574,0.3819529923444055,0.49769237412978146
mbike-trick,1,dagrs,sensor_noise,0,1.0,1.094285249710083,1.299921989440918,1,79,0.6473308223365742,0.6110243568898743,0.6291775896132243,16,1,0.0,0,2,0,143,0,24.592021226882935,79,79,1,P1,0.6473308223365742,0.6110243568898743,0.6291775896132243
mbike-trick,2,dagrs,sensor_noise,0,1.0,1.094285249710083,1.299921989440918,1,79,0.8690571174248192,0.6778684844929198,0.7734628009588695,16,0,0.0,0,1,0,130,0,22.139439344406128,79,79,1,P1,0.8690571174248192,0.6778684844929198,0.7734628009588695
mbike-trick,1,dagrs,sensor_noise,0,2.0,1.9930821657180786,2.599843978881836,1,79,0.6464262357370902,0.6133329326749085,0.6298795842059994,16,0,0.0,0,1,0,130,0,23.167412042617798,79,79,1,P1,0.6464262357370902,0.6133329326749085,0.6298795842059994
mbike-trick,2,dagrs,sensor_noise,0,2.0,1.9930821657180786,2.599843978881836,1,79,0.8685467780082834,0.6791517748568274,0.7738492764325554,16,0,0.0,0,1,0,130,0,22.208251953125,79,79,1,P1,0.8685467780082834,0.6791517748568274,0.7738492764325554
mbike-trick,1,dagrs,sensor_noise,0,3.0,2.9896240234375,3.899766206741333,1,79,0.63059552110206,0.5919870848893667,0.6112913029957133,16,0,0.0,0,1,0,130,0,22.215906620025635,79,79,1,P1,0.63059552110206,0.5919870848893667,0.6112913029957133
mbike-trick,2,dagrs,sensor_noise,0,3.0,2.9896240234375,3.899766206741333,1,79,0.8596970441457535,0.6651966531644116,0.7624468486550826,16,0,0.0,0,1,0,130,0,23.27074885368347,79,79,1,P1,0.8596970441457535,0.6651966531644116,0.7624468486550826
mbike-trick,1,dagrs,sensor_noise,0,4.0,3.9616475105285645,5.0,1,79,0.6256727517708565,0.5795019407029494,0.6025873462369029,16,0,0.0,0,1,0,130,0,23.05317521095276,79,79,1,P1,0.6256727517708565,0.5795019407029494,0.6025873462369029
mbike-trick,2,dagrs,sensor_noise,0,4.0,3.9616475105285645,5.0,1,79,0.6224055460412378,0.4520873209520205,0.5372464334966291,16,0,0.0,0,1,0,130,0,25.501890897750854,79,79,1,P1,0.6224055460412378,0.4520873209520205,0.5372464334966291
mbike-trick,1,dagrs,sensor_noise,0,5.0,4.511280536651611,5.0,1,79,0.8134981605635281,0.6790465666107534,0.7462723635871407,16,0,0.0,0,2,0,130,0,23.189485788345337,79,79,1,P1,0.8134981605635281,0.6790465666107534,0.7462723635871407
mbike-trick,2,dagrs,sensor_noise,0,5.0,4.511280536651611,5.0,1,79,0.6068353087929904,0.43257570352047914,0.5197055061567348,16,0,0.0,0,1,0,130,0,27.985334396362305,79,79,1,P1,0.6068353087929904,0.43257570352047914,0.5197055061567348
mbike-trick,1,dagrs,C1_fog_noise,1,1.0,1.094285249710083,1.299921989440918,1,79,0.6249501300520931,0.5824112460763319,0.6036806880642125,16,0,0.0,0,1,0,130,0,22.85493302345276,79,79,1,P1,0.6249501300520931,0.5824112460763319,0.6036806880642125
mbike-trick,2,dagrs,C1_fog_noise,1,1.0,1.094285249710083,1.299921989440918,1,79,0.8665429431093133,0.6712178063376295,0.7688803747234714,16,0,0.0,0,0,0,120,0,37.9399299621582,79,79,1,P1,0.8665429431093133,0.6712178063376295,0.7688803747234714
mbike-trick,1,dagrs,C1_fog_noise,1,2.0,1.9930821657180786,2.599843978881836,1,79,0.41445937501605495,0.4542555731631777,0.43435747408961634,16,0,0.0,0,1,0,130,0,24.259220838546753,79,79,1,P1,0.41445937501605495,0.4542555731631777,0.43435747408961634
mbike-trick,2,dagrs,C1_fog_noise,1,2.0,1.9930821657180786,2.599843978881836,1,79,0.640261651229609,0.4465445065025346,0.5434030788660718,16,0,0.0,0,1,0,120,0,23.18771195411682,79,79,1,P1,0.640261651229609,0.4465445065025346,0.5434030788660718
mbike-trick,1,dagrs,C1_fog_noise,1,3.0,2.9896240234375,3.899766206741333,1,79,0.32510037307347794,0.31101505072241303,0.3180577118979455,16,1,0.0,0,5,0,143,0,25.165698289871216,79,79,1,P1,0.32510037307347794,0.31101505072241303,0.3180577118979455
mbike-trick,2,dagrs,C1_fog_noise,1,3.0,2.9896240234375,3.899766206741333,1,79,0.5806625164243228,0.33085703635173586,0.45575977638802934,16,2,0.0,0,5,0,148,0,38.74806523323059,79,79,1,P1,0.5806625164243228,0.33085703635173586,0.45575977638802934
mbike-trick,1,dagrs,C1_fog_noise,1,4.0,3.9616475105285645,5.0,1,79,0.10528348427958743,0.11586336012644972,0.11057342220301858,16,1,0.0,0,5,0,139,0,25.786373615264893,79,79,1,P1,0.10528348427958743,0.11586336012644972,0.11057342220301858
mbike-trick,2,dagrs,C1_fog_noise,1,4.0,3.9616475105285645,5.0,1,79,0.3134220986371558,0.13990404039948617,0.226663069518321,16,1,0.0,0,4,0,139,0,23.95371437072754,79,79,1,P1,0.3134220986371558,0.13990404039948617,0.226663069518321
mbike-trick,1,dagrs,C1_fog_noise,1,5.0,4.511280536651611,5.0,1,79,0.14977593564007105,0.14064037119565315,0.14520815341786208,16,2,0.0,0,8,0,148,0,59.161731481552124,79,79,1,P1,0.14977593564007105,0.14064037119565315,0.14520815341786208
mbike-trick,2,dagrs,C1_fog_noise,1,5.0,4.511280536651611,5.0,1,79,0.18952464761780402,0.0931120558226454,0.14131835172022472,16,3,0.0,0,8,0,189,0,33.087220191955566,79,79,1,P1,0.18952464761780402,0.0931120558226454,0.14131835172022472
motocross-jump,1,dagrs,fog,0,1.0,1.095432996749878,1.2994645833969116,1,40,0.16564614702354502,0.19159189465302287,0.17861902083828396,8,2,0.0,0,6,0,93,0,15.925543308258057,40,40,1,P1,0.16564614702354502,0.19159189465302287,0.17861902083828396
motocross-jump,2,dagrs,fog,0,1.0,1.095432996749878,1.2994645833969116,1,40,0.29466415789722605,0.23511037848557254,0.2648872681913993,8,3,0.0,0,6,0,92,0,14.866334676742554,40,40,1,P1,0.29466415789722605,0.23511037848557254,0.2648872681913993
motocross-jump,1,dagrs,fog,0,2.0,2.0,2.5989291667938232,1,40,0.3978747130647259,0.35757680842073924,0.37772576074273256,8,2,0.0,0,6,0,93,0,15.28972339630127,40,40,1,P1,0.3978747130647259,0.35757680842073924,0.37772576074273256
motocross-jump,2,dagrs,fog,0,2.0,2.0,2.5989291667938232,1,40,0.6662189765555665,0.4737859282472746,0.5700024524014206,8,3,0.0,0,7,0,102,0,16.684938430786133,40,40,1,P1,0.6662189765555665,0.4737859282472746,0.5700024524014206
motocross-jump,1,dagrs,fog,0,3.0,3.0,3.8983938694000244,1,40,0.3809952715671002,0.30544612060213555,0.3432206960846179,8,1,0.0,0,5,0,84,0,14.478550672531128,40,40,1,P1,0.3809952715671002,0.30544612060213555,0.3432206960846179
motocross-jump,2,dagrs,fog,0,3.0,3.0,3.8983938694000244,1,40,0.5621711820768102,0.3758875058444544,0.4690293439606323,8,4,0.0,0,8,0,147,0,25.84942317008972,40,40,1,P1,0.5621711820768102,0.3758875058444544,0.4690293439606323
motocross-jump,1,dagrs,fog,0,4.0,3.975623369216919,5.0,1,40,0.2324691025054309,0.22262770945914098,0.22754840598228593,8,4,0.0,0,8,0,147,0,26.020427703857422,40,40,1,P1,0.2324691025054309,0.22262770945914098,0.22754840598228593
motocross-jump,2,dagrs,fog,0,4.0,3.975623369216919,5.0,1,40,0.39754764405346643,0.2701675514804597,0.33385759776696305,8,4,0.0,0,8,0,147,0,25.596272706985474,40,40,1,P1,0.39754764405346643,0.2701675514804597,0.33385759776696305
motocross-jump,1,dagrs,fog,0,5.0,4.522834777832031,5.0,1,40,0.33644664270430596,0.232543017080725,0.2844948298925155,8,4,0.0,0,8,0,147,0,25.87457776069641,40,40,1,P1,0.33644664270430596,0.232543017080725,0.2844948298925155
motocross-jump,2,dagrs,fog,0,5.0,4.522834777832031,5.0,1,40,0.3597028771465939,0.1985194264773334,0.27911115181196366,8,4,0.0,0,8,0,147,0,25.57571291923523,40,40,1,P1,0.3597028771465939,0.1985194264773334,0.27911115181196366
motocross-jump,1,dagrs,sensor_noise,0,1.0,1.095432996749878,1.2994645833969116,1,40,0.8655261532239195,0.6833623719028287,0.7744442625633741,8,1,0.0,0,4,0,84,0,16.604039430618286,40,40,1,P1,0.8655261532239195,0.6833623719028287,0.7744442625633741
motocross-jump,2,dagrs,sensor_noise,0,1.0,1.095432996749878,1.2994645833969116,1,40,0.7013942778542219,0.5360520647996644,0.6187231713269432,8,1,0.0,0,5,0,74,0,57.49980449676514,40,40,1,P1,0.7013942778542219,0.5360520647996644,0.6187231713269432
motocross-jump,1,dagrs,sensor_noise,0,2.0,2.0,2.5989291667938232,1,40,0.4354911543376801,0.3910133267026677,0.4132522405201739,8,2,0.0,0,6,0,93,0,16.938427925109863,40,40,1,P1,0.4354911543376801,0.3910133267026677,0.4132522405201739
motocross-jump,2,dagrs,sensor_noise,0,2.0,2.0,2.5989291667938232,1,40,0.7235611707032975,0.5586432527284381,0.6411022117158678,8,1,0.0,0,4,0,74,0,14.276474952697754,40,40,1,P1,0.7235611707032975,0.5586432527284381,0.6411022117158678
motocross-jump,1,dagrs,sensor_noise,0,3.0,3.0,3.8983938694000244,1,40,0.8513010553681066,0.672280272373806,0.7617906638709564,8,1,0.0,0,4,0,84,0,14.281234502792358,40,40,1,P1,0.8513010553681066,0.672280272373806,0.7617906638709564
motocross-jump,2,dagrs,sensor_noise,0,3.0,3.0,3.8983938694000244,1,40,0.6740576704412533,0.48544880938141705,0.5797532399113352,8,2,0.0,0,6,0,97,0,16.5811550617218,40,40,1,P1,0.6740576704412533,0.48544880938141705,0.5797532399113352
motocross-jump,1,dagrs,sensor_noise,0,4.0,3.975623369216919,5.0,1,40,0.43362512638922845,0.3644445227055413,0.39903482454738487,8,1,0.0,0,4,0,84,0,14.671739101409912,40,40,1,P1,0.43362512638922845,0.3644445227055413,0.39903482454738487
motocross-jump,2,dagrs,sensor_noise,0,4.0,3.975623369216919,5.0,1,40,0.5849573093230287,0.42293954674555534,0.5039484280342921,8,2,0.0,0,5,0,97,0,17.870697259902954,40,40,1,P1,0.5849573093230287,0.42293954674555534,0.5039484280342921
motocross-jump,1,dagrs,sensor_noise,0,5.0,4.522834777832031,5.0,1,40,0.4242177013456773,0.3680919698069508,0.39615483557631403,8,2,0.0,0,6,0,93,0,15.52681016921997,40,40,1,P1,0.4242177013456773,0.3680919698069508,0.39615483557631403
motocross-jump,2,dagrs,sensor_noise,0,5.0,4.522834777832031,5.0,1,40,0.289536872093247,0.19855354483415164,0.24404520846369931,8,2,0.0,0,5,0,97,0,18.72244358062744,40,40,1,P1,0.289536872093247,0.19855354483415164,0.24404520846369931
motocross-jump,1,dagrs,C1_fog_noise,1,1.0,1.095432996749878,1.2994645833969116,1,40,0.3802767759183107,0.3528180353255744,0.36654740562194255,8,1,0.0,0,5,0,84,0,13.994462490081787,40,40,1,P1,0.3802767759183107,0.3528180353255744,0.36654740562194255
motocross-jump,2,dagrs,C1_fog_noise,1,1.0,1.095432996749878,1.2994645833969116,1,40,0.6405986196401315,0.47242849911993917,0.5565135593800353,8,2,0.0,0,5,0,83,0,16.1752610206604,40,40,1,P1,0.6405986196401315,0.47242849911993917,0.5565135593800353
motocross-jump,1,dagrs,C1_fog_noise,1,2.0,2.0,2.5989291667938232,1,40,0.3527660732317702,0.2952973693180011,0.32403172127488566,8,2,0.0,0,6,0,93,0,15.002374649047852,40,40,1,P1,0.3527660732317702,0.2952973693180011,0.32403172127488566
motocross-jump,2,dagrs,C1_fog_noise,1,2.0,2.0,2.5989291667938232,1,40,0.5036208004600693,0.34020355468075913,0.4219121775704142,8,3,0.0,0,7,0,102,0,16.41076636314392,40,40,1,P1,0.5036208004600693,0.34020355468075913,0.4219121775704142
motocross-jump,1,dagrs,C1_fog_noise,1,3.0,3.0,3.8983938694000244,1,40,0.17239490228389626,0.15712220960150355,0.1647585559426999,8,2,0.0,0,5,0,93,0,16.37471580505371,40,40,1,P1,0.17239490228389626,0.15712220960150355,0.1647585559426999
motocross-jump,2,dagrs,C1_fog_noise,1,3.0,3.0,3.8983938694000244,1,40,0.3163216265034162,0.20264018567700318,0.2594809060902097,8,3,0.0,0,7,0,102,0,61.07747721672058,40,40,1,P1,0.3163216265034162,0.20264018567700318,0.2594809060902097
motocross-jump,1,dagrs,C1_fog_noise,1,4.0,3.975623369216919,5.0,1,40,0.20096112973054742,0.14230274390598133,0.17163193681826439,8,3,0.0,0,7,0,102,0,17.206417083740234,40,40,1,P1,0.20096112973054742,0.14230274390598133,0.17163193681826439
motocross-jump,2,dagrs,C1_fog_noise,1,4.0,3.975623369216919,5.0,1,40,0.21517716368061723,0.1321292326539385,0.17365319816727787,8,2,0.0,0,6,0,121,0,22.131649494171143,40,40,1,P1,0.21517716368061723,0.1321292326539385,0.17365319816727787
motocross-jump,1,dagrs,C1_fog_noise,1,5.0,4.522834777832031,5.0,1,40,0.29956924707358257,0.16505155493591156,0.23231040100474706,8,3,0.0,0,7,0,144,0,26.542460441589355,40,40,1,P1,0.29956924707358257,0.16505155493591156,0.23231040100474706
motocross-jump,2,dagrs,C1_fog_noise,1,5.0,4.522834777832031,5.0,1,40,0.23445779063692646,0.12400207048833578,0.17922993056263112,8,2,0.0,0,5,0,93,0,17.63172173500061,40,40,1,P1,0.23445779063692646,0.12400207048833578,0.17922993056263112
paragliding-launch,1,dagrs,fog,0,1.0,1.0953563451766968,1.2999893426895142,1,80,0.614587097380489,0.4164260853341766,0.5155065913573328,16,0,0.0,0,1,0,121,0,20.73595404624939,80,80,1,P1,0.614587097380489,0.4164260853341766,0.5155065913573328
paragliding-launch,2,dagrs,fog,0,1.0,1.0953563451766968,1.2999893426895142,1,80,0.3760207471663378,0.5733174967988397,0.47466912198258876,16,1,0.0,0,2,0,144,0,25.486308097839355,80,80,1,P1,0.3760207471663378,0.5733174967988397,0.47466912198258876
paragliding-launch,3,dagrs,fog,0,1.0,1.0953563451766968,1.2999893426895142,1,80,0.16451476190857894,0.34476897212942303,0.254641867019001,16,7,0.0,0,15,0,292,0,52.103442907333374,80,80,1,P1,0.16451476190857894,0.34476897212942303,0.254641867019001
paragliding-launch,1,dagrs,fog,0,2.0,2.0,2.5999786853790283,1,80,0.6108135761751142,0.41745471029896297,0.5141341432370385,16,0,0.0,0,1,0,121,0,53.29333209991455,80,80,1,P1,0.6108135761751142,0.41745471029896297,0.5141341432370385
paragliding-launch,2,dagrs,fog,0,2.0,2.0,2.5999786853790283,1,80,0.37425270047417364,0.5571841888715193,0.4657184446728465,16,1,0.0,0,2,0,144,0,25.189502477645874,80,80,1,P1,0.37425270047417364,0.5571841888715193,0.4657184446728465
paragliding-launch,3,dagrs,fog,0,2.0,2.0,2.5999786853790283,1,80,0.163952029196134,0.32617430424228866,0.24506316671921133,16,8,0.0,0,16,0,295,0,51.864675760269165,80,80,1,P1,0.163952029196134,0.32617430424228866,0.24506316671921133
paragliding-launch,1,dagrs,fog,0,3.0,3.0,3.899968147277832,1,80,0.6033486209132557,0.40481397417340687,0.5040812975433313,16,0,0.0,0,2,0,121,0,23.531479835510254,80,80,1,P1,0.6033486209132557,0.40481397417340687,0.5040812975433313
paragliding-launch,2,dagrs,fog,0,3.0,3.0,3.899968147277832,1,80,0.3724424980908566,0.5488897202267404,0.4606661091587985,16,1,0.0,0,3,0,144,0,25.693968057632446,80,80,1,P1,0.3724424980908566,0.5488897202267404,0.4606661091587985
paragliding-launch,3,dagrs,fog,0,3.0,3.0,3.899968147277832,1,80,0.16242302049038354,0.3150995655439462,0.23876129301716487,16,8,0.0,0,16,0,295,0,52.03264117240906,80,80,1,P1,0.16242302049038354,0.3150995655439462,0.23876129301716487
paragliding-launch,1,dagrs,fog,0,4.0,3.975222110748291,5.0,1,80,0.5903127211332658,0.39661625621651436,0.4934644886748901,16,1,0.0,0,3,0,130,0,57.08156371116638,80,80,1,P1,0.5903127211332658,0.39661625621651436,0.4934644886748901
paragliding-launch,2,dagrs,fog,0,4.0,3.975222110748291,5.0,1,80,0.3606399147904333,0.48482235265593304,0.42273113372318316,16,2,0.0,0,6,0,163,0,27.64785933494568,80,80,1,P1,0.3606399147904333,0.48482235265593304,0.42273113372318316
paragliding-launch,3,dagrs,fog,0,4.0,3.975222110748291,5.0,1,80,0.13500168941858978,0.27936556212648955,0.20718362577253968,16,8,0.0,0,16,0,295,0,52.166935205459595,80,80,1,P1,0.13500168941858978,0.27936556212648955,0.20718362577253968
paragliding-launch,1,dagrs,fog,0,5.0,4.523218631744385,5.0,1,80,0.5931705498872566,0.3884947022547745,0.4908326260710155,16,1,0.0,0,4,0,130,0,85.27075791358948,80,80,1,P1,0.5931705498872566,0.3884947022547745,0.4908326260710155
paragliding-launch,2,dagrs,fog,0,5.0,4.523218631744385,5.0,1,80,0.3594733794094542,0.4811336322714753,0.4203035058404647,16,1,0.0,0,3,0,154,0,26.961944818496704,80,80,1,P1,0.3594733794094542,0.4811336322714753,0.4203035058404647
paragliding-launch,3,dagrs,fog,0,5.0,4.523218631744385,5.0,1,80,0.14136061186312712,0.2585191208554343,0.19993986635928074,16,8,0.0,0,16,0,295,0,51.8670711517334,80,80,1,P1,0.14136061186312712,0.2585191208554343,0.19993986635928074
paragliding-launch,1,dagrs,sensor_noise,0,1.0,1.0953563451766968,1.2999893426895142,1,80,0.6116835744208904,0.4137982007869304,0.5127408876039103,16,0,0.0,0,0,0,121,0,22.875052452087402,80,80,1,P1,0.6116835744208904,0.4137982007869304,0.5127408876039103
paragliding-launch,2,dagrs,sensor_noise,0,1.0,1.0953563451766968,1.2999893426895142,1,80,0.3709531566697429,0.5496891771700678,0.4603211669199053,16,1,0.0,0,2,0,144,0,25.406216859817505,80,80,1,P1,0.3709531566697429,0.5496891771700678,0.4603211669199053
paragliding-launch,3,dagrs,sensor_noise,0,1.0,1.0953563451766968,1.2999893426895142,1,80,0.17852327196157997,0.36533288568074557,0.27192807882116277,16,8,0.0,0,16,0,295,0,52.10461473464966,80,80,1,P1,0.17852327196157997,0.36533288568074557,0.27192807882116277
paragliding-launch,1,dagrs,sensor_noise,0,2.0,2.0,2.5999786853790283,1,80,0.6070128202299561,0.4151881731273862,0.5111004966786712,16,0,0.0,0,1,0,121,0,75.61676788330078,80,80,1,P1,0.6070128202299561,0.4151881731273862,0.5111004966786712
paragliding-launch,2,dagrs,sensor_noise,0,2.0,2.0,2.5999786853790283,1,80,0.3952505839262444,0.5650827784470127,0.48016668118662853,16,0,0.0,0,2,0,131,0,23.43832039833069,80,80,1,P1,0.3952505839262444,0.5650827784470127,0.48016668118662853
paragliding-launch,3,dagrs,sensor_noise,0,2.0,2.0,2.5999786853790283,1,80,0.15935581685046357,0.30961922895463506,0.23448752290254932,16,8,0.0,0,16,0,295,0,51.81369209289551,80,80,1,P1,0.15935581685046357,0.30961922895463506,0.23448752290254932
paragliding-launch,1,dagrs,sensor_noise,0,3.0,3.0,3.899968147277832,1,80,0.5955186365987217,0.4005309473289246,0.49802479196382315,16,0,0.0,0,0,0,121,0,22.86097526550293,80,80,1,P1,0.5955186365987217,0.4005309473289246,0.49802479196382315
paragliding-launch,2,dagrs,sensor_noise,0,3.0,3.0,3.899968147277832,1,80,0.3761012005243454,0.5411977499059555,0.4586494752151504,16,0,0.0,0,1,0,131,0,24.564302921295166,80,80,1,P1,0.3761012005243454,0.5411977499059555,0.4586494752151504
paragliding-launch,3,dagrs,sensor_noise,0,3.0,3.0,3.899968147277832,1,80,0.09675643799246117,0.24736815154032374,0.17206229476639245,16,3,0.0,0,7,0,200,0,37.12566542625427,80,80,1,P1,0.09675643799246117,0.24736815154032374,0.17206229476639245
paragliding-launch,1,dagrs,sensor_noise,0,4.0,3.975222110748291,5.0,1,80,0.5996347261930082,0.4104593141833174,0.5050470201881627,16,0,0.0,0,0,0,121,0,59.95281004905701,80,80,1,P1,0.5996347261930082,0.4104593141833174,0.5050470201881627
paragliding-launch,2,dagrs,sensor_noise,0,4.0,3.975222110748291,5.0,1,80,0.36648768440444257,0.5281344210007252,0.44731105270258387,16,1,0.0,0,2,0,144,0,27.413867473602295,80,80,1,P1,0.36648768440444257,0.5281344210007252,0.44731105270258387
paragliding-launch,3,dagrs,sensor_noise,0,4.0,3.975222110748291,5.0,1,80,0.11384623981206346,0.20825531963013222,0.16105077972109783,16,8,0.0,0,16,0,295,0,52.03517198562622,80,80,1,P1,0.11384623981206346,0.20825531963013222,0.16105077972109783
paragliding-launch,1,dagrs,sensor_noise,0,5.0,4.523218631744385,5.0,1,80,0.5921267001143548,0.3988525946731887,0.4954896473937717,16,0,0.0,0,0,0,121,0,31.79787588119507,80,80,1,P1,0.5921267001143548,0.3988525946731887,0.4954896473937717
paragliding-launch,2,dagrs,sensor_noise,0,5.0,4.523218631744385,5.0,1,80,0.367583750903476,0.5231487106101623,0.44536623075681914,16,1,0.0,0,2,0,144,0,27.352335691452026,80,80,1,P1,0.367583750903476,0.5231487106101623,0.44536623075681914
paragliding-launch,3,dagrs,sensor_noise,0,5.0,4.523218631744385,5.0,1,80,0.11183630770965754,0.20605334707431192,0.15894482739198473,16,8,0.0,0,16,0,295,0,52.60853672027588,80,80,1,P1,0.11183630770965754,0.20605334707431192,0.15894482739198473
paragliding-launch,1,dagrs,C1_fog_noise,1,1.0,1.0953563451766968,1.2999893426895142,1,80,0.6129236751341365,0.4205504465424023,0.5167370608382694,16,0,0.0,0,1,0,121,0,22.13710618019104,80,80,1,P1,0.6129236751341365,0.4205504465424023,0.5167370608382694
paragliding-launch,2,dagrs,C1_fog_noise,1,1.0,1.0953563451766968,1.2999893426895142,1,80,0.37721548209197664,0.5827591335981503,0.4799873078450635,16,1,0.0,0,2,0,144,0,99.99043107032776,80,80,1,P1,0.37721548209197664,0.5827591335981503,0.4799873078450635
paragliding-launch,3,dagrs,C1_fog_noise,1,1.0,1.0953563451766968,1.2999893426895142,1,80,0.17794835788742774,0.33239189372117595,0.2551701258043019,16,8,0.0,0,16,0,295,0,52.0073823928833,80,80,1,P1,0.17794835788742774,0.33239189372117595,0.2551701258043019
paragliding-launch,1,dagrs,C1_fog_noise,1,2.0,2.0,2.5999786853790283,1,80,0.5981950083100527,0.40063561195379815,0.4994153101319254,16,0,0.0,0,1,0,121,0,24.43460965156555,80,80,1,P1,0.5981950083100527,0.40063561195379815,0.4994153101319254
paragliding-launch,2,dagrs,C1_fog_noise,1,2.0,2.0,2.5999786853790283,1,80,0.3773896950550095,0.5240288099220758,0.45070925248854266,16,0,0.0,0,2,0,131,0,26.39569664001465,80,80,1,P1,0.3773896950550095,0.5240288099220758,0.45070925248854266
paragliding-launch,3,dagrs,C1_fog_noise,1,2.0,2.0,2.5999786853790283,1,80,0.09290820636178167,0.19497464601436554,0.1439414261880736,16,3,0.0,0,8,0,200,0,34.93039512634277,80,80,1,P1,0.09290820636178167,0.19497464601436554,0.1439414261880736
paragliding-launch,1,dagrs,C1_fog_noise,1,3.0,3.0,3.899968147277832,1,80,0.5825908019662517,0.3704210037754993,0.47650590287087546,16,1,0.0,0,5,0,154,0,62.124216079711914,80,80,1,P1,0.5825908019662517,0.3704210037754993,0.47650590287087546
paragliding-launch,2,dagrs,C1_fog_noise,1,3.0,3.0,3.899968147277832,1,80,0.32543978493498377,0.4231180477493807,0.37427891634218224,16,1,0.0,0,5,0,154,0,62.19429326057434,80,80,1,P1,0.32543978493498377,0.4231180477493807,0.37427891634218224
paragliding-launch,3,dagrs,C1_fog_noise,1,3.0,3.0,3.899968147277832,1,80,0.06795371128321762,0.15925612322076715,0.11360491725199238,16,2,0.0,0,7,0,153,0,48.70498299598694,80,80,1,P1,0.06795371128321762,0.15925612322076715,0.11360491725199238
paragliding-launch,1,dagrs,C1_fog_noise,1,4.0,3.975222110748291,5.0,1,80,0.5357285068622807,0.30786102007849675,0.4217947634703887,16,4,0.0,0,9,0,157,0,28.064653873443604,80,80,1,P1,0.5357285068622807,0.30786102007849675,0.4217947634703887
paragliding-launch,2,dagrs,C1_fog_noise,1,4.0,3.975222110748291,5.0,1,80,0.27096372244573763,0.29464213339461415,0.2828029279201759,16,2,0.0,0,8,0,177,0,32.88515019416809,80,80,1,P1,0.27096372244573763,0.29464213339461415,0.2828029279201759
paragliding-launch,3,dagrs,C1_fog_noise,1,4.0,3.975222110748291,5.0,1,80,0.06810511857930221,0.15032355594896538,0.10921433726413379,16,5,0.0,0,10,0,180,0,96.27882266044617,80,80,1,P1,0.06810511857930221,0.15032355594896538,0.10921433726413379
paragliding-launch,1,dagrs,C1_fog_noise,1,5.0,4.523218631744385,5.0,1,80,0.528591756665398,0.2842512465049064,0.4064215015851522,16,5,0.0,0,12,0,166,0,24.914954662322998,80,80,1,P1,0.528591756665398,0.2842512465049064,0.4064215015851522
paragliding-launch,2,dagrs,C1_fog_noise,1,5.0,4.523218631744385,5.0,1,80,0.2183439562999015,0.2105769587978033,0.2144604575488524,16,5,0.0,0,11,0,194,0,33.3911828994751,80,80,1,P1,0.2183439562999015,0.2105769587978033,0.2144604575488524
paragliding-launch,3,dagrs,C1_fog_noise,1,5.0,4.523218631744385,5.0,1,80,0.03476539977832481,0.07660099239316698,0.055683196085745894,16,4,0.0,0,10,0,171,0,40.141380071640015,80,80,1,P1,0.03476539977832481,0.07660099239316698,0.055683196085745894
parkour,1,dagrs,fog,0,1.0,1.0955097675323486,1.2998558282852173,1,100,0.8971164260262722,0.7971988296993777,0.847157627862825,20,4,0.0,0,11,0,185,0,45.169904470443726,100,100,1,P1,0.8971164260262722,0.7971988296993777,0.847157627862825
parkour,1,dagrs,fog,0,2.0,2.0,2.5997116565704346,1,100,0.8975284855201099,0.7966470949652528,0.8470877902426813,20,5,0.0,0,12,0,194,0,29.790236473083496,100,100,1,P1,0.8975284855201099,0.7966470949652528,0.8470877902426813
parkour,1,dagrs,fog,0,3.0,3.000000238418579,3.8995673656463623,1,100,0.8873186127921593,0.7756241571402431,0.8314713849662012,20,8,0.0,0,17,0,329,0,57.65300416946411,100,100,1,P1,0.8873186127921593,0.7756241571402431,0.8314713849662012
parkour,1,dagrs,fog,0,4.0,3.975292921066284,5.0,1,100,0.8659260331126994,0.7157839995800117,0.7908550163463556,20,9,0.0,0,19,0,356,0,62.82427453994751,100,100,1,P1,0.8659260331126994,0.7157839995800117,0.7908550163463556
parkour,1,dagrs,fog,0,5.0,4.5224504470825195,5.0,1,100,0.843718949182129,0.668545092433374,0.7561320208077515,20,10,0.0,0,20,0,369,0,64.92985415458679,100,100,1,P1,0.843718949182129,0.668545092433374,0.7561320208077515
parkour,1,dagrs,sensor_noise,0,1.0,1.0955097675323486,1.2998558282852173,1,100,0.8935079333098019,0.7922609537581106,0.8428844435339562,20,6,0.0,0,14,0,203,0,32.184879779815674,100,100,1,P1,0.8935079333098019,0.7922609537581106,0.8428844435339562
parkour,1,dagrs,sensor_noise,0,2.0,2.0,2.5997116565704346,1,100,0.8936503329213307,0.7932338191863973,0.843442076053864,20,4,0.0,0,12,0,185,0,29.078169107437134,100,100,1,P1,0.8936503329213307,0.7932338191863973,0.843442076053864
parkour,1,dagrs,sensor_noise,0,3.0,3.000000238418579,3.8995673656463623,1,100,0.8891802960752984,0.792283972220357,0.8407321341478277,20,4,0.0,0,12,0,185,0,34.08745980262756,100,100,1,P1,0.8891802960752984,0.792283972220357,0.8407321341478277
parkour,1,dagrs,sensor_noise,0,4.0,3.975292921066284,5.0,1,100,0.890794607031828,0.785955794914741,0.8383752009732846,20,4,0.0,0,12,0,185,0,36.45741033554077,100,100,1,P1,0.890794607031828,0.785955794914741,0.8383752009732846
parkour,1,dagrs,sensor_noise,0,5.0,4.5224504470825195,5.0,1,100,0.8881395044338453,0.7793694745223263,0.8337544894780857,20,4,0.0,0,12,0,185,0,36.71539545059204,100,100,1,P1,0.8881395044338453,0.7793694745223263,0.8337544894780857
parkour,1,dagrs,C1_fog_noise,1,1.0,1.0955097675323486,1.2998558282852173,1,100,0.8915735660683362,0.7963525312400366,0.8439630486541864,20,5,0.0,0,11,0,194,0,35.2520797252655,100,100,1,P1,0.8915735660683362,0.7963525312400366,0.8439630486541864
parkour,1,dagrs,C1_fog_noise,1,2.0,2.0,2.5997116565704346,1,100,0.8867440797525841,0.7741564255547962,0.8304502526536901,20,7,0.0,0,15,0,212,0,129.73492169380188,100,100,1,P1,0.8867440797525841,0.7741564255547962,0.8304502526536901
parkour,1,dagrs,C1_fog_noise,1,3.0,3.000000238418579,3.8995673656463623,1,100,0.8015251516601306,0.5879671784495359,0.6947461650548332,20,7,0.0,0,16,0,264,0,42.91246938705444,100,100,1,P1,0.8015251516601306,0.5879671784495359,0.6947461650548332
parkour,1,dagrs,C1_fog_noise,1,4.0,3.975292921066284,5.0,1,100,0.10171687006090542,0.06340742555790102,0.08256214780940321,20,5,0.0,0,12,0,236,0,40.74964165687561,100,100,1,P1,0.10171687006090542,0.06340742555790102,0.08256214780940321
parkour,1,dagrs,C1_fog_noise,1,5.0,4.5224504470825195,5.0,1,100,0.16443722583770565,0.11138132286405096,0.1379092743508783,20,7,0.0,0,15,0,278,0,50.23208522796631,100,100,1,P1,0.16443722583770565,0.11138132286405096,0.1379092743508783
pigs,1,dagrs,fog,0,1.0,1.09423828125,1.299739956855774,1,79,0.9225203091983821,0.7803550099010262,0.8514376595497042,16,0,0.0,0,0,0,120,0,21.12573504447937,79,79,1,P1,0.9225203091983821,0.7803550099010262,0.8514376595497042
pigs,2,dagrs,fog,0,1.0,1.09423828125,1.299739956855774,1,79,0.7204712053806301,0.7178410935711288,0.7191561494758795,16,1,0.0,0,3,0,129,0,77.0952525138855,79,79,1,P1,0.7204712053806301,0.7178410935711288,0.7191561494758795
pigs,3,dagrs,fog,0,1.0,1.09423828125,1.299739956855774,1,79,0.9499112004100736,0.7676296201691524,0.858770410289613,16,0,0.0,0,0,0,120,0,23.623922109603882,79,79,1,P1,0.9499112004100736,0.7676296201691524,0.858770410289613
pigs,1,dagrs,fog,0,2.0,1.998172402381897,2.599479913711548,1,79,0.9164155781091525,0.7617928734637671,0.8391042257864598,16,0,0.0,0,0,0,120,0,20.19394588470459,79,79,1,P1,0.9164155781091525,0.7617928734637671,0.8391042257864598
pigs,2,dagrs,fog,0,2.0,1.998172402381897,2.599479913711548,1,79,0.7117019616060544,0.7031964358030384,0.7074491987045464,16,2,0.0,0,4,0,138,0,22.94516134262085,79,79,1,P1,0.7117019616060544,0.7031964358030384,0.7074491987045464
pigs,3,dagrs,fog,0,2.0,1.998172402381897,2.599479913711548,1,79,0.9585852276266065,0.7780584235358357,0.8683218255812211,16,0,0.0,0,0,0,120,0,25.356670379638672,79,79,1,P1,0.9585852276266065,0.7780584235358357,0.8683218255812211
pigs,1,dagrs,fog,0,3.0,2.9972586631774902,3.8992199897766113,1,79,0.9047375339791258,0.7207197461628971,0.8127286400710114,16,1,0.0,0,4,0,129,0,42.33282923698425,79,79,1,P1,0.9047375339791258,0.7207197461628971,0.8127286400710114
pigs,2,dagrs,fog,0,3.0,2.9972586631774902,3.8992199897766113,1,79,0.7545947709761539,0.728646895091035,0.7416208330335945,16,3,0.0,0,8,0,147,0,29.365127086639404,79,79,1,P1,0.7545947709761539,0.728646895091035,0.7416208330335945
pigs,3,dagrs,fog,0,3.0,2.9972586631774902,3.8992199897766113,1,79,0.9545837982011035,0.7533994897782147,0.8539916439896591,16,0,0.0,0,0,0,120,0,21.481573343276978,79,79,1,P1,0.9545837982011035,0.7533994897782147,0.8539916439896591
pigs,1,dagrs,fog,0,4.0,3.971950054168701,5.0,1,79,0.8996441709228126,0.7008701885634112,0.800257179743112,16,2,0.0,0,4,0,138,0,87.33865404129028,79,79,1,P1,0.8996441709228126,0.7008701885634112,0.800257179743112
pigs,2,dagrs,fog,0,4.0,3.971950054168701,5.0,1,79,0.6986707160732551,0.6784892135029614,0.6885799647881083,16,3,0.0,0,7,0,147,0,28.635650634765625,79,79,1,P1,0.6986707160732551,0.6784892135029614,0.6885799647881083
pigs,3,dagrs,fog,0,4.0,3.971950054168701,5.0,1,79,0.9496305586451117,0.7233047740689514,0.8364676663570316,16,0,0.0,0,0,0,120,0,22.705177783966064,79,79,1,P1,0.9496305586451117,0.7233047740689514,0.8364676663570316
pigs,1,dagrs,fog,0,5.0,4.524239540100098,5.0,1,79,0.8995321469934768,0.6999880270768832,0.79976008703518,16,1,0.0,0,4,0,139,0,57.17500138282776,79,79,1,P1,0.8995321469934768,0.6999880270768832,0.79976008703518
pigs,2,dagrs,fog,0,5.0,4.524239540100098,5.0,1,79,0.6161612572891495,0.5837726184998994,0.5999669378945245,16,3,0.0,0,7,0,147,0,24.261495351791382,79,79,1,P1,0.6161612572891495,0.5837726184998994,0.5999669378945245
pigs,3,dagrs,fog,0,5.0,4.524239540100098,5.0,1,79,0.9307969526777619,0.6481527007108122,0.789474826694287,16,0,0.0,0,0,0,120,0,21.305768251419067,79,79,1,P1,0.9307969526777619,0.6481527007108122,0.789474826694287
pigs,1,dagrs,sensor_noise,0,1.0,1.09423828125,1.299739956855774,1,79,0.925438421882311,0.7837953373390815,0.8546168796106962,16,0,0.0,0,0,0,120,0,36.18746757507324,79,79,1,P1,0.925438421882311,0.7837953373390815,0.8546168796106962
pigs,2,dagrs,sensor_noise,0,1.0,1.09423828125,1.299739956855774,1,79,0.7305557799430601,0.6948690774363252,0.7127124286896926,16,2,0.0,0,6,0,138,0,61.405627965927124,79,79,1,P1,0.7305557799430601,0.6948690774363252,0.7127124286896926
pigs,3,dagrs,sensor_noise,0,1.0,1.09423828125,1.299739956855774,1,79,0.9451753303548635,0.7677170341895295,0.8564461822721965,16,0,0.0,0,0,0,120,0,23.190468072891235,79,79,1,P1,0.9451753303548635,0.7677170341895295,0.8564461822721965
pigs,1,dagrs,sensor_noise,0,2.0,1.998172402381897,2.599479913711548,1,79,0.9232598833959301,0.7798703070795189,0.8515650952377245,16,0,0.0,0,0,0,120,0,67.10534954071045,79,79,1,P1,0.9232598833959301,0.7798703070795189,0.8515650952377245
pigs,2,dagrs,sensor_noise,0,2.0,1.998172402381897,2.599479913711548,1,79,0.7079720180685795,0.7084710610204252,0.7082215395445024,16,2,0.0,0,4,0,138,0,56.55534029006958,79,79,1,P1,0.7079720180685795,0.7084710610204252,0.7082215395445024
pigs,3,dagrs,sensor_noise,0,2.0,1.998172402381897,2.599479913711548,1,79,0.9423086738368308,0.7513278031715682,0.8468182385041996,16,0,0.0,0,0,0,120,0,24.802814483642578,79,79,1,P1,0.9423086738368308,0.7513278031715682,0.8468182385041996
pigs,1,dagrs,sensor_noise,0,3.0,2.9972586631774902,3.8992199897766113,1,79,0.9160754879635896,0.7557395318362713,0.8359075098999305,16,0,0.0,0,0,0,120,0,82.42595839500427,79,79,1,P1,0.9160754879635896,0.7557395318362713,0.8359075098999305
pigs,2,dagrs,sensor_noise,0,3.0,2.9972586631774902,3.8992199897766113,1,79,0.6982910205884711,0.6877094367078018,0.6930002286481365,16,1,0.0,0,3,0,129,0,54.72350835800171,79,79,1,P1,0.6982910205884711,0.6877094367078018,0.6930002286481365
pigs,3,dagrs,sensor_noise,0,3.0,2.9972586631774902,3.8992199897766113,1,79,0.9414246159197621,0.7448099043035512,0.8431172601116567,16,0,0.0,0,0,0,120,0,23.549118995666504,79,79,1,P1,0.9414246159197621,0.7448099043035512,0.8431172601116567
pigs,1,dagrs,sensor_noise,0,4.0,3.971950054168701,5.0,1,79,0.9077440626322436,0.7257345086235557,0.8167392856278997,16,0,0.0,0,0,0,120,0,82.97148704528809,79,79,1,P1,0.9077440626322436,0.7257345086235557,0.8167392856278997
pigs,2,dagrs,sensor_noise,0,4.0,3.971950054168701,5.0,1,79,0.6935418722012547,0.6735423189942676,0.6835420955977611,16,1,0.0,0,3,0,129,0,24.678659439086914,79,79,1,P1,0.6935418722012547,0.6735423189942676,0.6835420955977611
pigs,3,dagrs,sensor_noise,0,4.0,3.971950054168701,5.0,1,79,0.9453378187575718,0.7217018290338998,0.8335198238957358,16,0,0.0,0,0,0,120,0,21.995545387268066,79,79,1,P1,0.9453378187575718,0.7217018290338998,0.8335198238957358
pigs,1,dagrs,sensor_noise,0,5.0,4.524239540100098,5.0,1,79,0.9073560831530326,0.718262248543976,0.8128091658485044,16,0,0.0,0,0,0,120,0,22.17251968383789,79,79,1,P1,0.9073560831530326,0.718262248543976,0.8128091658485044
pigs,2,dagrs,sensor_noise,0,5.0,4.524239540100098,5.0,1,79,0.6858385904633951,0.6602397038850245,0.6730391471742099,16,1,0.0,0,3,0,129,0,24.00148892402649,79,79,1,P1,0.6858385904633951,0.6602397038850245,0.6730391471742099
pigs,3,dagrs,sensor_noise,0,5.0,4.524239540100098,5.0,1,79,0.951199900008351,0.7263528822800377,0.8387763911441943,16,0,0.0,0,0,0,120,0,21.55160403251648,79,79,1,P1,0.951199900008351,0.7263528822800377,0.8387763911441943
pigs,1,dagrs,C1_fog_noise,1,1.0,1.09423828125,1.299739956855774,1,79,0.924259523727351,0.783907632224652,0.8540835779760014,16,0,0.0,0,0,0,120,0,67.77261400222778,79,79,1,P1,0.924259523727351,0.783907632224652,0.8540835779760014
pigs,2,dagrs,C1_fog_noise,1,1.0,1.09423828125,1.299739956855774,1,79,0.7189414005661758,0.717946200409046,0.7184438004876109,16,1,0.0,0,3,0,129,0,41.78071665763855,79,79,1,P1,0.7189414005661758,0.717946200409046,0.7184438004876109
pigs,3,dagrs,C1_fog_noise,1,1.0,1.09423828125,1.299739956855774,1,79,0.9419934743733008,0.7509399927427653,0.8464667335580331,16,0,0.0,0,0,0,120,0,21.168644666671753,79,79,1,P1,0.9419934743733008,0.7509399927427653,0.8464667335580331
pigs,1,dagrs,C1_fog_noise,1,2.0,1.998172402381897,2.599479913711548,1,79,0.9005246666543557,0.7044804965722005,0.802502581613278,16,0,0.0,0,0,0,120,0,88.5066647529602,79,79,1,P1,0.9005246666543557,0.7044804965722005,0.802502581613278
pigs,2,dagrs,C1_fog_noise,1,2.0,1.998172402381897,2.599479913711548,1,79,0.6922496430270876,0.6563307282458835,0.6742901856364856,16,2,0.0,0,4,0,138,0,25.153306245803833,79,79,1,P1,0.6922496430270876,0.6563307282458835,0.6742901856364856
pigs,3,dagrs,C1_fog_noise,1,2.0,1.998172402381897,2.599479913711548,1,79,0.949671564615024,0.721594498305463,0.8356330314602435,16,0,0.0,0,0,0,120,0,23.234036207199097,79,79,1,P1,0.949671564615024,0.721594498305463,0.8356330314602435
pigs,1,dagrs,C1_fog_noise,1,3.0,2.9972586631774902,3.8992199897766113,1,79,0.39923763218736646,0.22680163813695864,0.3130196351621626,16,2,0.0,0,6,0,138,0,24.140378952026367,79,79,1,P1,0.39923763218736646,0.22680163813695864,0.3130196351621626
pigs,2,dagrs,C1_fog_noise,1,3.0,2.9972586631774902,3.8992199897766113,1,79,0.5749765085745095,0.42856947506058796,0.5017729918175488,16,3,0.0,0,6,0,147,0,27.49953603744507,79,79,1,P1,0.5749765085745095,0.42856947506058796,0.5017729918175488
pigs,3,dagrs,C1_fog_noise,1,3.0,2.9972586631774902,3.8992199897766113,1,79,0.34808646284306816,0.2833716762850444,0.3157290695640563,16,1,0.0,0,3,0,129,0,27.271119594573975,79,79,1,P1,0.34808646284306816,0.2833716762850444,0.3157290695640563
pigs,1,dagrs,C1_fog_noise,1,4.0,3.971950054168701,5.0,1,79,0.3627851602480181,0.14063498329178153,0.2517100717698998,16,1,0.0,0,7,0,139,0,23.617231369018555,79,79,1,P1,0.3627851602480181,0.14063498329178153,0.2517100717698998
pigs,2,dagrs,C1_fog_noise,1,4.0,3.971950054168701,5.0,1,79,0.3403759554225147,0.18335018644130863,0.26186307093191163,16,3,0.0,0,9,0,147,0,41.318363904953,79,79,1,P1,0.3403759554225147,0.18335018644130863,0.26186307093191163
pigs,3,dagrs,C1_fog_noise,1,4.0,3.971950054168701,5.0,1,79,0.7095819654186434,0.3300940008059375,0.5198379831122905,16,3,0.0,0,7,0,147,0,28.903850317001343,79,79,1,P1,0.7095819654186434,0.3300940008059375,0.5198379831122905
pigs,1,dagrs,C1_fog_noise,1,5.0,4.524239540100098,5.0,1,79,0.30502889530851307,0.10742678487493841,0.20622784009172573,16,3,0.0,0,8,0,161,0,84.6052131652832,79,79,1,P1,0.30502889530851307,0.10742678487493841,0.20622784009172573
pigs,2,dagrs,C1_fog_noise,1,5.0,4.524239540100098,5.0,1,79,0.33374847053680307,0.1609882035300488,0.24736833703342592,16,4,0.0,0,9,0,156,0,25.181735277175903,79,79,1,P1,0.33374847053680307,0.1609882035300488,0.24736833703342592
pigs,3,dagrs,C1_fog_noise,1,5.0,4.524239540100098,5.0,1,79,0.5820449613259302,0.2020894732170906,0.3920672172715104,16,4,0.0,0,11,0,166,0,29.865543127059937,79,79,1,P1,0.5820449613259302,0.2020894732170906,0.3920672172715104
scooter-black,1,dagrs,fog,0,1.0,1.093359112739563,1.2966963052749634,1,43,0.3160849773513278,0.3409986156342198,0.3285417964927738,9,2,0.0,0,4,0,116,0,21.278247833251953,43,43,1,P1,0.3160849773513278,0.3409986156342198,0.3285417964927738
scooter-black,2,dagrs,fog,0,1.0,1.093359112739563,1.2966963052749634,1,43,0.7325273317479458,0.5581468709303372,0.6453371013391416,9,1,0.0,0,3,0,89,0,15.933727264404297,43,43,1,P1,0.7325273317479458,0.5581468709303372,0.6453371013391416
scooter-black,1,dagrs,fog,0,2.0,1.991288661956787,2.5933926105499268,1,43,0.32020512763965514,0.34369942899576783,0.33195227831771146,9,2,0.0,0,4,0,116,0,22.013652324676514,43,43,1,P1,0.32020512763965514,0.34369942899576783,0.33195227831771146
scooter-black,2,dagrs,fog,0,2.0,1.991288661956787,2.5933926105499268,1,43,0.7301766923290767,0.553727347695795,0.6419520200124358,9,0,0.0,0,2,0,80,0,14.307041883468628,43,43,1,P1,0.7301766923290767,0.553727347695795,0.6419520200124358
scooter-black,1,dagrs,fog,0,3.0,2.9869327545166016,3.8900890350341797,1,43,0.3120473074584468,0.3323121562994543,0.32217973187895055,9,2,0.0,0,4,0,116,0,21.19152522087097,43,43,1,P1,0.3120473074584468,0.3323121562994543,0.32217973187895055
scooter-black,2,dagrs,fog,0,3.0,2.9869327545166016,3.8900890350341797,1,43,0.7267155815182813,0.5507035342902383,0.6387095579042599,9,1,0.0,0,3,0,89,0,15.994759559631348,43,43,1,P1,0.7267155815182813,0.5507035342902383,0.6387095579042599
scooter-black,1,dagrs,fog,0,4.0,3.957669734954834,5.0,1,43,0.2548116874032477,0.26561254240798743,0.2602121149056176,9,1,0.0,0,3,0,93,0,16.137375116348267,43,43,1,P1,0.2548116874032477,0.26561254240798743,0.2602121149056176
scooter-black,2,dagrs,fog,0,4.0,3.957669734954834,5.0,1,43,0.715303800420992,0.5115649859907666,0.6134343932058792,9,2,0.0,0,4,0,116,0,20.18254065513611,43,43,1,P1,0.715303800420992,0.5115649859907666,0.6134343932058792
scooter-black,1,dagrs,fog,0,5.0,4.511425495147705,5.0,1,43,0.25041218458893993,0.2617170457683073,0.2560646151786236,9,2,0.0,0,5,0,116,0,21.83544635772705,43,43,1,P1,0.25041218458893993,0.2617170457683073,0.2560646151786236
scooter-black,2,dagrs,fog,0,5.0,4.511425495147705,5.0,1,43,0.7133635083356391,0.5091756322822099,0.6112695703089245,9,2,0.0,0,5,0,116,0,22.628778219223022,43,43,1,P1,0.7133635083356391,0.5091756322822099,0.6112695703089245
scooter-black,1,dagrs,sensor_noise,0,1.0,1.093359112739563,1.2966963052749634,1,43,0.3139875441665182,0.3409861826986978,0.327486863432608,9,2,0.0,0,4,0,116,0,20.893979787826538,43,43,1,P1,0.3139875441665182,0.3409861826986978,0.327486863432608
scooter-black,2,dagrs,sensor_noise,0,1.0,1.093359112739563,1.2966963052749634,1,43,0.7332004659789392,0.5573833821623325,0.6452919240706358,9,1,0.0,0,3,0,89,0,16.006659984588623,43,43,1,P1,0.7332004659789392,0.5573833821623325,0.6452919240706358
scooter-black,1,dagrs,sensor_noise,0,2.0,1.991288661956787,2.5933926105499268,1,43,0.20678365431847315,0.1971700423283122,0.2019768483233927,9,4,0.0,0,9,0,162,0,30.996512413024902,43,43,1,P1,0.20678365431847315,0.1971700423283122,0.2019768483233927
scooter-black,2,dagrs,sensor_noise,0,2.0,1.991288661956787,2.5933926105499268,1,43,0.7334532918178517,0.5565837745616021,0.6450185331897269,9,0,0.0,0,2,0,80,0,15.516903638839722,43,43,1,P1,0.7334532918178517,0.5565837745616021,0.6450185331897269
scooter-black,1,dagrs,sensor_noise,0,3.0,2.9869327545166016,3.8900890350341797,1,43,0.20801487280050474,0.19829136219902496,0.20315311749976483,9,4,0.0,0,9,0,162,0,32.29085111618042,43,43,1,P1,0.20801487280050474,0.19829136219902496,0.20315311749976483
scooter-black,2,dagrs,sensor_noise,0,3.0,2.9869327545166016,3.8900890350341797,1,43,0.731410727840414,0.5519031639490223,0.6416569458947181,9,0,0.0,0,2,0,80,0,16.554859399795532,43,43,1,P1,0.731410727840414,0.5519031639490223,0.6416569458947181
scooter-black,1,dagrs,sensor_noise,0,4.0,3.957669734954834,5.0,1,43,0.34880774393631175,0.36646510336102245,0.3576364236486671,9,2,0.0,0,4,0,116,0,23.415027856826782,43,43,1,P1,0.34880774393631175,0.36646510336102245,0.3576364236486671
scooter-black,2,dagrs,sensor_noise,0,4.0,3.957669734954834,5.0,1,43,0.7289068823379476,0.5424312146965732,0.6356690485172605,9,0,0.0,0,2,0,80,0,15.074491024017334,43,43,1,P1,0.7289068823379476,0.5424312146965732,0.6356690485172605
scooter-black,1,dagrs,sensor_noise,0,5.0,4.511425495147705,5.0,1,43,0.20026388701241268,0.2888400188945208,0.24455195295346677,9,2,0.0,0,5,0,116,0,23.411023139953613,43,43,1,P1,0.20026388701241268,0.2888400188945208,0.24455195295346677
scooter-black,2,dagrs,sensor_noise,0,5.0,4.511425495147705,5.0,1,43,0.7273115488249678,0.5366393317850372,0.6319754403050025,9,0,0.0,0,2,0,80,0,16.15452265739441,43,43,1,P1,0.7273115488249678,0.5366393317850372,0.6319754403050025
scooter-black,1,dagrs,C1_fog_noise,1,1.0,1.093359112739563,1.2966963052749634,1,43,0.31937902836732224,0.34305266375566507,0.3312158460614937,9,1,0.0,0,3,0,93,0,18.72090220451355,43,43,1,P1,0.31937902836732224,0.34305266375566507,0.3312158460614937
scooter-black,2,dagrs,C1_fog_noise,1,1.0,1.093359112739563,1.2966963052749634,1,43,0.7315826696675906,0.5527619219480823,0.6421722958078364,9,0,0.0,0,2,0,80,0,14.809422016143799,43,43,1,P1,0.7315826696675906,0.5527619219480823,0.6421722958078364
scooter-black,1,dagrs,C1_fog_noise,1,2.0,1.991288661956787,2.5933926105499268,1,43,0.3176024416764652,0.32818669719629,0.3228945694363776,9,2,0.0,0,4,0,116,0,24.234873056411743,43,43,1,P1,0.3176024416764652,0.32818669719629,0.3228945694363776
scooter-black,2,dagrs,C1_fog_noise,1,2.0,1.991288661956787,2.5933926105499268,1,43,0.7227123011037296,0.5266421519336045,0.6246772265186671,9,0,0.0,0,2,0,80,0,20.74588441848755,43,43,1,P1,0.7227123011037296,0.5266421519336045,0.6246772265186671
scooter-black,1,dagrs,C1_fog_noise,1,3.0,2.9869327545166016,3.8900890350341797,1,43,0.2288214506196668,0.2095882753174865,0.21920486296857666,9,1,0.0,0,3,0,93,0,35.87024259567261,43,43,1,P1,0.2288214506196668,0.2095882753174865,0.21920486296857666
scooter-black,2,dagrs,C1_fog_noise,1,3.0,2.9869327545166016,3.8900890350341797,1,43,0.6823771222423398,0.432076651039562,0.5572268866409509,9,0,0.0,0,2,0,80,0,40.373425006866455,43,43,1,P1,0.6823771222423398,0.432076651039562,0.5572268866409509
scooter-black,1,dagrs,C1_fog_noise,1,4.0,3.957669734954834,5.0,1,43,0.05554156532186235,0.06482081016655744,0.0601811877442099,9,2,0.0,0,4,0,102,0,22.17976450920105,43,43,1,P1,0.05554156532186235,0.06482081016655744,0.0601811877442099
scooter-black,2,dagrs,C1_fog_noise,1,4.0,3.957669734954834,5.0,1,43,0.14311720876399006,0.11583975931486595,0.12947848403942802,9,1,0.0,0,5,0,89,0,16.322898626327515,43,43,1,P1,0.14311720876399006,0.11583975931486595,0.12947848403942802
scooter-black,1,dagrs,C1_fog_noise,1,5.0,4.511425495147705,5.0,1,43,0.05176988757802964,0.06654202034049356,0.0591559539592616,9,3,0.0,0,7,0,111,0,20.229199171066284,43,43,1,P1,0.05176988757802964,0.06654202034049356,0.0591559539592616
scooter-black,2,dagrs,C1_fog_noise,1,5.0,4.511425495147705,5.0,1,43,0.4758337506894971,0.22485497871597832,0.3503443647027377,9,2,0.0,0,5,0,98,0,26.421385049819946,43,43,1,P1,0.4758337506894971,0.22485497871597832,0.3503443647027377
shooting,1,dagrs,fog,0,1.0,1.0958011150360107,1.2980244159698486,1,40,0.10834029302465704,0.10330030666875636,0.10582029984670671,8,1,0.0,0,3,0,88,0,27.60360836982727,40,40,1,P1,0.10834029302465704,0.10330030666875636,0.10582029984670671
shooting,2,dagrs,fog,0,1.0,1.0958011150360107,1.2980244159698486,1,40,0.8862562051865854,0.5467667595625865,0.716511482374586,8,0,0.0,0,2,0,75,0,17.49079132080078,40,40,1,P1,0.8862562051865854,0.5467667595625865,0.716511482374586
shooting,3,dagrs,fog,0,1.0,1.0958011150360107,1.2980244159698486,1,40,0.914074354162819,0.813034842896518,0.8635545985296684,8,2,0.0,0,4,0,97,0,20.439100980758667,40,40,1,P1,0.914074354162819,0.813034842896518,0.8635545985296684
shooting,1,dagrs,fog,0,2.0,2.0,2.5960488319396973,1,40,0.11365669271217979,0.07299392932918938,0.09332531102068459,8,1,0.0,0,3,0,98,0,21.98869776725769,40,40,1,P1,0.11365669271217979,0.07299392932918938,0.09332531102068459
shooting,2,dagrs,fog,0,2.0,2.0,2.5960488319396973,1,40,0.8565982357623436,0.42864611201699565,0.6426221738896696,8,2,0.0,0,4,0,111,0,24.923478364944458,40,40,1,P1,0.8565982357623436,0.42864611201699565,0.6426221738896696
shooting,3,dagrs,fog,0,2.0,2.0,2.5960488319396973,1,40,0.8600094775415712,0.7678840063284129,0.8139467419349921,8,2,0.0,0,5,0,97,0,20.368661642074585,40,40,1,P1,0.8600094775415712,0.7678840063284129,0.8139467419349921
shooting,1,dagrs,fog,0,3.0,3.0,3.894073247909546,1,40,0.15297674675266135,0.07261616192257289,0.11279645433761712,8,3,0.0,0,6,0,134,0,29.40539240837097,40,40,1,P1,0.15297674675266135,0.07261616192257289,0.11279645433761712
shooting,2,dagrs,fog,0,3.0,3.0,3.894073247909546,1,40,0.8345411203003577,0.45096138796961255,0.6427512541349851,8,2,0.0,0,5,0,107,0,22.393338918685913,40,40,1,P1,0.8345411203003577,0.45096138796961255,0.6427512541349851
shooting,3,dagrs,fog,0,3.0,3.0,3.894073247909546,1,40,0.8730494231170243,0.7537268527747871,0.8133881379459057,8,3,0.0,0,7,0,134,0,29.097806453704834,40,40,1,P1,0.8730494231170243,0.7537268527747871,0.8133881379459057
shooting,1,dagrs,fog,0,4.0,3.974757671356201,5.0,1,40,0.13558088494012022,0.06757397664658533,0.10157743079335277,8,3,0.0,0,7,0,144,0,33.67962980270386,40,40,1,P1,0.13558088494012022,0.06757397664658533,0.10157743079335277
shooting,2,dagrs,fog,0,4.0,3.974757671356201,5.0,1,40,0.7674042347481873,0.3191921691473519,0.5432982019477696,8,3,0.0,0,7,0,144,0,35.495896339416504,40,40,1,P1,0.7674042347481873,0.3191921691473519,0.5432982019477696
shooting,3,dagrs,fog,0,4.0,3.974757671356201,5.0,1,40,0.7237682506098653,0.6139627865713116,0.6688655185905885,8,3,0.0,0,7,0,134,0,32.80935502052307,40,40,1,P1,0.7237682506098653,0.6139627865713116,0.6688655185905885
shooting,1,dagrs,fog,0,5.0,4.520993709564209,5.0,1,40,0.1571873381159363,0.07176050625716292,0.11447392218654961,8,3,0.0,0,7,0,144,0,33.32224631309509,40,40,1,P1,0.1571873381159363,0.07176050625716292,0.11447392218654961
shooting,2,dagrs,fog,0,5.0,4.520993709564209,5.0,1,40,0.7483378062414519,0.2966316151574066,0.5224847106994293,8,3,0.0,0,7,0,144,0,32.356157064437866,40,40,1,P1,0.7483378062414519,0.2966316151574066,0.5224847106994293
shooting,3,dagrs,fog,0,5.0,4.520993709564209,5.0,1,40,0.6206239284295612,0.5260695949546165,0.5733467616920889,8,4,0.0,0,8,0,147,0,33.074071168899536,40,40,1,P1,0.6206239284295612,0.5260695949546165,0.5733467616920889
shooting,1,dagrs,sensor_noise,0,1.0,1.0958011150360107,1.2980244159698486,1,40,0.20346544049757723,0.11963426807858131,0.16154985428807928,8,1,0.0,0,3,0,88,0,20.92739510536194,40,40,1,P1,0.20346544049757723,0.11963426807858131,0.16154985428807928
shooting,2,dagrs,sensor_noise,0,1.0,1.0958011150360107,1.2980244159698486,1,40,0.8936155223578025,0.5526471482846727,0.7231313353212376,8,0,0.0,0,1,0,65,0,16.333144426345825,40,40,1,P1,0.8936155223578025,0.5526471482846727,0.7231313353212376
shooting,3,dagrs,sensor_noise,0,1.0,1.0958011150360107,1.2980244159698486,1,40,0.7325571828048562,0.7477405191900012,0.7401488509974287,8,1,0.0,0,3,0,88,0,19.676913499832153,40,40,1,P1,0.7325571828048562,0.7477405191900012,0.7401488509974287
shooting,1,dagrs,sensor_noise,0,2.0,2.0,2.5960488319396973,1,40,0.11199939353401145,0.09793403455751357,0.10496671404576251,8,1,0.0,0,3,0,88,0,20.883013486862183,40,40,1,P1,0.11199939353401145,0.09793403455751357,0.10496671404576251
shooting,2,dagrs,sensor_noise,0,2.0,2.0,2.5960488319396973,1,40,0.880445007427458,0.5291938885986391,0.7048194480130485,8,0,0.0,0,1,0,65,0,15.015610456466675,40,40,1,P1,0.880445007427458,0.5291938885986391,0.7048194480130485
shooting,3,dagrs,sensor_noise,0,2.0,2.0,2.5960488319396973,1,40,0.9189656923792417,0.8222021402239816,0.8705839163016117,8,1,0.0,0,3,0,88,0,19.220200777053833,40,40,1,P1,0.9189656923792417,0.8222021402239816,0.8705839163016117
shooting,1,dagrs,sensor_noise,0,3.0,3.0,3.894073247909546,1,40,0.1490857976714732,0.08463292339983146,0.11685936053565232,8,1,0.0,0,2,0,88,0,20.588007926940918,40,40,1,P1,0.1490857976714732,0.08463292339983146,0.11685936053565232
shooting,2,dagrs,sensor_noise,0,3.0,3.0,3.894073247909546,1,40,0.8787326185511037,0.5072329660432093,0.6929827922971565,8,0,0.0,0,1,0,65,0,16.461482524871826,40,40,1,P1,0.8787326185511037,0.5072329660432093,0.6929827922971565
shooting,3,dagrs,sensor_noise,0,3.0,3.0,3.894073247909546,1,40,0.9181344223734216,0.820766351888248,0.8694503871308348,8,1,0.0,0,2,0,88,0,20.588067531585693,40,40,1,P1,0.9181344223734216,0.820766351888248,0.8694503871308348
shooting,1,dagrs,sensor_noise,0,4.0,3.974757671356201,5.0,1,40,0.1494258619671945,0.07720358097491113,0.11331472147105282,8,1,0.0,0,2,0,88,0,20.32877278327942,40,40,1,P1,0.1494258619671945,0.07720358097491113,0.11331472147105282
shooting,2,dagrs,sensor_noise,0,4.0,3.974757671356201,5.0,1,40,0.8832177272756516,0.5066207478264619,0.6949192375510568,8,0,0.0,0,1,0,75,0,17.33620572090149,40,40,1,P1,0.8832177272756516,0.5066207478264619,0.6949192375510568
shooting,3,dagrs,sensor_noise,0,4.0,3.974757671356201,5.0,1,40,0.9106194564734922,0.8074060134922272,0.8590127349828597,8,1,0.0,0,2,0,88,0,19.53636360168457,40,40,1,P1,0.9106194564734922,0.8074060134922272,0.8590127349828597
shooting,1,dagrs,sensor_noise,0,5.0,4.520993709564209,5.0,1,40,0.1534087778497565,0.07389648349976488,0.1136526306747607,8,1,0.0,0,2,0,88,0,19.335777282714844,40,40,1,P1,0.1534087778497565,0.07389648349976488,0.1136526306747607
shooting,2,dagrs,sensor_noise,0,5.0,4.520993709564209,5.0,1,40,0.8773993778601412,0.4859572059430439,0.6816782919015926,8,0,0.0,0,1,0,75,0,18.449921131134033,40,40,1,P1,0.8773993778601412,0.4859572059430439,0.6816782919015926
shooting,3,dagrs,sensor_noise,0,5.0,4.520993709564209,5.0,1,40,0.9120219846438854,0.8084714817041758,0.8602467331740307,8,1,0.0,0,2,0,88,0,19.85554814338684,40,40,1,P1,0.9120219846438854,0.8084714817041758,0.8602467331740307
shooting,1,dagrs,C1_fog_noise,1,1.0,1.0958011150360107,1.2980244159698486,1,40,0.13017385260671,0.08262819927058462,0.10640102593864731,8,2,0.0,0,4,0,111,0,24.98721170425415,40,40,1,P1,0.13017385260671,0.08262819927058462,0.10640102593864731
shooting,2,dagrs,C1_fog_noise,1,1.0,1.0958011150360107,1.2980244159698486,1,40,0.8631354368682038,0.49845987874942743,0.6807976578088156,8,1,0.0,0,2,0,74,0,16.05136775970459,40,40,1,P1,0.8631354368682038,0.49845987874942743,0.6807976578088156
shooting,3,dagrs,C1_fog_noise,1,1.0,1.0958011150360107,1.2980244159698486,1,40,0.7421926846729631,0.7336593062739556,0.7379259954734594,8,2,0.0,0,4,0,97,0,20.15023708343506,40,40,1,P1,0.7421926846729631,0.7336593062739556,0.7379259954734594
shooting,1,dagrs,C1_fog_noise,1,2.0,2.0,2.5960488319396973,1,40,0.15527111975834373,0.07227750891115338,0.11377431433474855,8,2,0.0,0,6,0,93,0,72.77886247634888,40,40,1,P1,0.15527111975834373,0.07227750891115338,0.11377431433474855
shooting,2,dagrs,C1_fog_noise,1,2.0,2.0,2.5960488319396973,1,40,0.8587749850184135,0.4679239049347636,0.6633494449765885,8,1,0.0,0,2,0,74,0,18.758724451065063,40,40,1,P1,0.8587749850184135,0.4679239049347636,0.6633494449765885
shooting,3,dagrs,C1_fog_noise,1,2.0,2.0,2.5960488319396973,1,40,0.8956353529780886,0.7721014279065633,0.833868390442326,8,1,0.0,0,4,0,88,0,20.246264934539795,40,40,1,P1,0.8956353529780886,0.7721014279065633,0.833868390442326
shooting,1,dagrs,C1_fog_noise,1,3.0,3.0,3.894073247909546,1,40,0.14053351292028854,0.052339088121410436,0.09643630052084949,8,2,0.0,0,5,0,107,0,23.465790271759033,40,40,1,P1,0.14053351292028854,0.052339088121410436,0.09643630052084949
shooting,2,dagrs,C1_fog_noise,1,3.0,3.0,3.894073247909546,1,40,0.7098219318569474,0.2942627178730161,0.5020423248649818,8,3,0.0,0,6,0,134,0,29.445347785949707,40,40,1,P1,0.7098219318569474,0.2942627178730161,0.5020423248649818
shooting,3,dagrs,C1_fog_noise,1,3.0,3.0,3.894073247909546,1,40,0.7405656488321666,0.6203075236250937,0.6804365862286301,8,2,0.0,0,6,0,97,0,22.428884506225586,40,40,1,P1,0.7405656488321666,0.6203075236250937,0.6804365862286301
shooting,1,dagrs,C1_fog_noise,1,4.0,3.974757671356201,5.0,1,40,0.1503709531099998,0.0645192551967004,0.1074451041533501,8,4,0.0,0,8,0,147,0,32.280444383621216,40,40,1,P1,0.1503709531099998,0.0645192551967004,0.1074451041533501
shooting,2,dagrs,C1_fog_noise,1,4.0,3.974757671356201,5.0,1,40,0.23549385466099865,0.18910274512047726,0.21229829989073795,8,3,0.0,0,7,0,102,0,20.618300437927246,40,40,1,P1,0.23549385466099865,0.18910274512047726,0.21229829989073795
shooting,3,dagrs,C1_fog_noise,1,4.0,3.974757671356201,5.0,1,40,0.7290181753218886,0.5602015191266675,0.644609847224278,8,3,0.0,0,6,0,106,0,20.16238522529602,40,40,1,P1,0.7290181753218886,0.5602015191266675,0.644609847224278
shooting,1,dagrs,C1_fog_noise,1,5.0,4.520993709564209,5.0,1,40,0.3564694351642273,0.102518749084712,0.22949409212446964,8,2,0.0,0,6,0,111,0,23.891043186187744,40,40,1,P1,0.3564694351642273,0.102518749084712,0.22949409212446964
shooting,2,dagrs,C1_fog_noise,1,5.0,4.520993709564209,5.0,1,40,0.23725915123754282,0.12633082921329197,0.1817949902254174,8,2,0.0,0,6,0,93,0,19.84004807472229,40,40,1,P1,0.23725915123754282,0.12633082921329197,0.1817949902254174
shooting,3,dagrs,C1_fog_noise,1,5.0,4.520993709564209,5.0,1,40,0.5897415538084634,0.3969407902075037,0.49334117200798355,8,4,0.0,0,8,0,147,0,32.14252018928528,40,40,1,P1,0.5897415538084634,0.3969407902075037,0.49334117200798355
soapbox,1,dagrs,fog,0,1.0,1.0946614742279053,1.2999917268753052,1,99,0.6871391481140804,0.6031448773924342,0.6451420127532572,20,0,0.0,0,1,0,158,0,30.612074613571167,99,99,1,P1,0.6871391481140804,0.6031448773924342,0.6451420127532572
soapbox,2,dagrs,fog,0,1.0,1.0946614742279053,1.2999917268753052,1,99,0.2429399467181571,0.2622814104094311,0.2526106785637941,20,1,0.0,0,3,0,181,0,39.44186997413635,99,99,1,P1,0.2429399467181571,0.2622814104094311,0.2526106785637941
soapbox,3,dagrs,fog,0,1.0,1.0946614742279053,1.2999917268753052,1,99,0.8921413914039064,0.8084660341804939,0.8503037127922002,20,0,0.0,0,4,0,158,0,29.19039511680603,99,99,1,P1,0.8921413914039064,0.8084660341804939,0.8503037127922002
soapbox,1,dagrs,fog,0,2.0,2.000239133834839,2.5999834537506104,1,99,0.687253068897197,0.5996733376663717,0.6434632032817843,20,0,0.0,0,1,0,158,0,33.519630432128906,99,99,1,P1,0.687253068897197,0.5996733376663717,0.6434632032817843
soapbox,2,dagrs,fog,0,2.0,2.000239133834839,2.5999834537506104,1,99,0.24225697650901862,0.26041442143859656,0.2513356989738076,20,1,0.0,0,3,0,181,0,36.974332094192505,99,99,1,P1,0.24225697650901862,0.26041442143859656,0.2513356989738076
soapbox,3,dagrs,fog,0,2.0,2.000239133834839,2.5999834537506104,1,99,0.8898131584424089,0.8060145618682453,0.8479138601553271,20,0,0.0,0,4,0,158,0,34.44218301773071,99,99,1,P1,0.8898131584424089,0.8060145618682453,0.8479138601553271
soapbox,1,dagrs,fog,0,3.0,3.000358819961548,3.899975299835205,1,99,0.6827714728551841,0.5902214788168857,0.636496475836035,20,0,0.0,0,1,0,158,0,90.18651223182678,99,99,1,P1,0.6827714728551841,0.5902214788168857,0.636496475836035
soapbox,2,dagrs,fog,0,3.0,3.000358819961548,3.899975299835205,1,99,0.23011304782199668,0.2406102413673955,0.2353616445946961,20,1,0.0,0,3,0,171,0,33.68707275390625,99,99,1,P1,0.23011304782199668,0.2406102413673955,0.2353616445946961
soapbox,3,dagrs,fog,0,3.0,3.000358819961548,3.899975299835205,1,99,0.8544355293059533,0.7600846538813811,0.8072600915936672,20,2,0.0,0,8,0,176,0,30.26518177986145,99,99,1,P1,0.8544355293059533,0.7600846538813811,0.8072600915936672
soapbox,1,dagrs,fog,0,4.0,3.975886821746826,5.0,1,99,0.6778624579866018,0.5585709484230688,0.6182167032048353,20,2,0.0,0,5,0,180,0,81.43452739715576,99,99,1,P1,0.6778624579866018,0.5585709484230688,0.6182167032048353
soapbox,2,dagrs,fog,0,4.0,3.975886821746826,5.0,1,99,0.22984301765547363,0.22858227337386952,0.22921264551467158,20,2,0.0,0,5,0,180,0,81.79948282241821,99,99,1,P1,0.22984301765547363,0.22858227337386952,0.22921264551467158
soapbox,3,dagrs,fog,0,4.0,3.975886821746826,5.0,1,99,0.15104288036974609,0.21684038492952998,0.18394163264963803,20,3,0.0,0,8,0,213,0,70.70182371139526,99,99,1,P1,0.15104288036974609,0.21684038492952998,0.18394163264963803
soapbox,1,dagrs,fog,0,5.0,4.527290344238281,5.0,1,99,0.6617646299144518,0.5296143647582212,0.5956894973363365,20,3,0.0,0,6,0,189,0,89.88506603240967,99,99,1,P1,0.6617646299144518,0.5296143647582212,0.5956894973363365
soapbox,2,dagrs,fog,0,5.0,4.527290344238281,5.0,1,99,0.2239935646955972,0.2198613314089331,0.22192744805226516,20,3,0.0,0,6,0,189,0,77.5625627040863,99,99,1,P1,0.2239935646955972,0.2198613314089331,0.22192744805226516
soapbox,3,dagrs,fog,0,5.0,4.527290344238281,5.0,1,99,0.1413077035231284,0.19325118466396998,0.1672794440935492,20,2,0.0,0,6,0,190,0,33.23354506492615,99,99,1,P1,0.1413077035231284,0.19325118466396998,0.1672794440935492
soapbox,1,dagrs,sensor_noise,0,1.0,1.0946614742279053,1.2999917268753052,1,99,0.6847149878299116,0.6053370004542098,0.6450259941420606,20,0,0.0,0,1,0,158,0,32.647700786590576,99,99,1,P1,0.6847149878299116,0.6053370004542098,0.6450259941420606
soapbox,2,dagrs,sensor_noise,0,1.0,1.0946614742279053,1.2999917268753052,1,99,0.2634856010018506,0.28216945146216216,0.27282752623200635,20,0,0.0,0,2,0,158,0,28.94154667854309,99,99,1,P1,0.2634856010018506,0.28216945146216216,0.27282752623200635
soapbox,3,dagrs,sensor_noise,0,1.0,1.0946614742279053,1.2999917268753052,1,99,0.8918838600588925,0.8066284169103954,0.849256138484644,20,0,0.0,0,4,0,158,0,27.574809312820435,99,99,1,P1,0.8918838600588925,0.8066284169103954,0.849256138484644
soapbox,1,dagrs,sensor_noise,0,2.0,2.000239133834839,2.5999834537506104,1,99,0.6880719840266373,0.6064013257076925,0.6472366548671649,20,0,0.0,0,1,0,158,0,31.665093660354614,99,99,1,P1,0.6880719840266373,0.6064013257076925,0.6472366548671649
soapbox,2,dagrs,sensor_noise,0,2.0,2.000239133834839,2.5999834537506104,1,99,0.24352140897450647,0.26391972184412543,0.253720565409316,20,1,0.0,0,3,0,181,0,34.83535838127136,99,99,1,P1,0.24352140897450647,0.26391972184412543,0.253720565409316
soapbox,3,dagrs,sensor_noise,0,2.0,2.000239133834839,2.5999834537506104,1,99,0.8938753966462606,0.8126430523300319,0.8532592244881463,20,0,0.0,0,5,0,158,0,29.744951963424683,99,99,1,P1,0.8938753966462606,0.8126430523300319,0.8532592244881463
soapbox,1,dagrs,sensor_noise,0,3.0,3.000358819961548,3.899975299835205,1,99,0.6841129965726522,0.5863387889407308,0.6352258927566915,20,0,0.0,0,1,0,158,0,33.67517971992493,99,99,1,P1,0.6841129965726522,0.5863387889407308,0.6352258927566915
soapbox,2,dagrs,sensor_noise,0,3.0,3.000358819961548,3.899975299835205,1,99,0.2418940376908978,0.2636262175325433,0.2527601276117205,20,1,0.0,0,3,0,181,0,36.2788782119751,99,99,1,P1,0.2418940376908978,0.2636262175325433,0.2527601276117205
soapbox,3,dagrs,sensor_noise,0,3.0,3.000358819961548,3.899975299835205,1,99,0.8807893708765405,0.7932326604576725,0.8370110156671065,20,0,0.0,0,4,0,158,0,28.152018547058105,99,99,1,P1,0.8807893708765405,0.7932326604576725,0.8370110156671065
soapbox,1,dagrs,sensor_noise,0,4.0,3.975886821746826,5.0,1,99,0.6834456573776287,0.5828646179004106,0.6331551376390196,20,1,0.0,0,2,0,171,0,33.84797644615173,99,99,1,P1,0.6834456573776287,0.5828646179004106,0.6331551376390196
soapbox,2,dagrs,sensor_noise,0,4.0,3.975886821746826,5.0,1,99,0.2958758074505298,0.30970528931733926,0.30279054838393454,20,2,0.0,0,4,0,194,0,34.398619413375854,99,99,1,P1,0.2958758074505298,0.30970528931733926,0.30279054838393454
soapbox,3,dagrs,sensor_noise,0,4.0,3.975886821746826,5.0,1,99,0.8695795667289143,0.7793143318435003,0.8244469492862073,20,0,0.0,0,4,0,158,0,29.96751046180725,99,99,1,P1,0.8695795667289143,0.7793143318435003,0.8244469492862073
soapbox,1,dagrs,sensor_noise,0,5.0,4.527290344238281,5.0,1,99,0.6828143465523779,0.5809023111170379,0.6318583288347079,20,1,0.0,0,2,0,171,0,31.499659538269043,99,99,1,P1,0.6828143465523779,0.5809023111170379,0.6318583288347079
soapbox,2,dagrs,sensor_noise,0,5.0,4.527290344238281,5.0,1,99,0.29543931184153654,0.30960897890512906,0.30252414537333283,20,2,0.0,0,5,0,194,0,37.533541679382324,99,99,1,P1,0.29543931184153654,0.30960897890512906,0.30252414537333283
soapbox,3,dagrs,sensor_noise,0,5.0,4.527290344238281,5.0,1,99,0.8641311500094428,0.7706215050313031,0.8173763275203729,20,0,0.0,0,5,0,158,0,29.135438919067383,99,99,1,P1,0.8641311500094428,0.7706215050313031,0.8173763275203729
soapbox,1,dagrs,C1_fog_noise,1,1.0,1.0946614742279053,1.2999917268753052,1,99,0.6837398595548524,0.5962027049650434,0.6399712822599479,20,0,0.0,0,1,0,158,0,96.52568554878235,99,99,1,P1,0.6837398595548524,0.5962027049650434,0.6399712822599479
soapbox,2,dagrs,C1_fog_noise,1,1.0,1.0946614742279053,1.2999917268753052,1,99,0.2835074730262645,0.301033457441925,0.2922704652340947,20,1,0.0,0,3,0,167,0,87.78938460350037,99,99,1,P1,0.2835074730262645,0.301033457441925,0.2922704652340947
soapbox,3,dagrs,C1_fog_noise,1,1.0,1.0946614742279053,1.2999917268753052,1,99,0.8910119074510087,0.8069025279815074,0.8489572177162581,20,0,0.0,0,5,0,158,0,34.14723086357117,99,99,1,P1,0.8910119074510087,0.8069025279815074,0.8489572177162581
soapbox,1,dagrs,C1_fog_noise,1,2.0,2.000239133834839,2.5999834537506104,1,99,0.6729197005832196,0.5573834939198843,0.615151597251552,20,0,0.0,0,2,0,158,0,33.00830435752869,99,99,1,P1,0.6729197005832196,0.5573834939198843,0.615151597251552
soapbox,2,dagrs,C1_fog_noise,1,2.0,2.000239133834839,2.5999834537506104,1,99,0.2307894297609762,0.24240435962331405,0.23659689469214512,20,1,0.0,0,2,0,171,0,97.29207062721252,99,99,1,P1,0.2307894297609762,0.24240435962331405,0.23659689469214512
soapbox,3,dagrs,C1_fog_noise,1,2.0,2.000239133834839,2.5999834537506104,1,99,0.21595486271895953,0.261634205613326,0.23879453416614277,20,1,0.0,0,5,0,167,0,28.98136305809021,99,99,1,P1,0.21595486271895953,0.261634205613326,0.23879453416614277
soapbox,1,dagrs,C1_fog_noise,1,3.0,3.000358819961548,3.899975299835205,1,99,0.3693770404351696,0.26995751114783223,0.3196672757915009,20,2,0.0,0,6,0,176,0,31.04406762123108,99,99,1,P1,0.3693770404351696,0.26995751114783223,0.3196672757915009
soapbox,2,dagrs,C1_fog_noise,1,3.0,3.000358819961548,3.899975299835205,1,99,0.20293135132974383,0.1737360091588228,0.18833368024428332,20,0,0.0,0,3,0,158,0,28.185248136520386,99,99,1,P1,0.20293135132974383,0.1737360091588228,0.18833368024428332
soapbox,3,dagrs,C1_fog_noise,1,3.0,3.000358819961548,3.899975299835205,1,99,0.1287943221129229,0.1781345407393267,0.15346443142612481,20,3,0.0,0,7,0,203,0,36.67265582084656,99,99,1,P1,0.1287943221129229,0.1781345407393267,0.15346443142612481
soapbox,1,dagrs,C1_fog_noise,1,4.0,3.975886821746826,5.0,1,99,0.5911741201964478,0.3410893036060933,0.46613171190127056,20,2,0.0,0,7,0,180,0,35.25972080230713,99,99,1,P1,0.5911741201964478,0.3410893036060933,0.46613171190127056
soapbox,2,dagrs,C1_fog_noise,1,4.0,3.975886821746826,5.0,1,99,0.14776878277992542,0.12444275750993665,0.13610577014493103,20,3,0.0,0,10,0,203,0,39.05117154121399,99,99,1,P1,0.14776878277992542,0.12444275750993665,0.13610577014493103
soapbox,3,dagrs,C1_fog_noise,1,4.0,3.975886821746826,5.0,1,99,0.08684648465872391,0.12317585161021707,0.10501116813447049,20,1,0.0,0,7,0,181,0,40.71597075462341,99,99,1,P1,0.08684648465872391,0.12317585161021707,0.10501116813447049
soapbox,1,dagrs,C1_fog_noise,1,5.0,4.527290344238281,5.0,1,99,0.49884622675031265,0.23589517793543024,0.36737070234287145,20,1,0.0,0,6,0,181,0,32.6261670589447,99,99,1,P1,0.49884622675031265,0.23589517793543024,0.36737070234287145
soapbox,2,dagrs,C1_fog_noise,1,5.0,4.527290344238281,5.0,1,99,0.12635539244433094,0.11066713087635767,0.11851126166034431,20,4,0.0,0,9,0,198,0,37.58377552032471,99,99,1,P1,0.12635539244433094,0.11066713087635767,0.11851126166034431
soapbox,3,dagrs,C1_fog_noise,1,5.0,4.527290344238281,5.0,1,99,0.052868463615392734,0.05617616995208646,0.0545223167837396,20,5,0.0,0,14,0,259,0,49.411728382110596,99,99,1,P1,0.052868463615392734,0.05617616995208646,0.0545223167837396
