seq,obj_id,mode,degradation,is_compound,level,severity_mean,severity_max,frame_stride,n_frames,J,F,J&F,n_decisions,n_reanchors,tau_score,reseed_stride,n_rejected,n_reseeds,n_encoder_calls,n_predict_failures,wall_time_s,n_present,n_clip,p1_scale,protocol,J_raw,F_raw,J&F_raw
bike-packing,1,greedy,fog,0,1.0,1.0946866273880005,1.2990349531173706,1,69,0.1600562691443419,0.1805052929450568,0.17028078104469935,0,0,0.0,0,0,0,68,0,20.850589513778687,69,69,1,P1,0.1600562691443419,0.1805052929450568,0.17028078104469935
bike-packing,2,greedy,fog,0,1.0,1.0946866273880005,1.2990349531173706,1,69,0.8978622271015247,0.7275340567583474,0.8126981419299361,0,0,0.0,0,0,0,68,0,19.249646186828613,69,69,1,P1,0.8978622271015247,0.7275340567583474,0.8126981419299361
bike-packing,1,greedy,fog,0,2.0,2.001493453979492,2.598069906234741,1,69,0.16264941326321003,0.16917787862333697,0.1659136459432735,0,0,0.0,0,0,0,68,0,18.361913681030273,69,69,1,P1,0.16264941326321003,0.16917787862333697,0.1659136459432735
bike-packing,2,greedy,fog,0,2.0,2.001493453979492,2.598069906234741,1,69,0.8586976522135225,0.7019247938165477,0.7803112230150351,0,0,0.0,0,0,0,68,0,18.397785902023315,69,69,1,P1,0.8586976522135225,0.7019247938165477,0.7803112230150351
bike-packing,1,greedy,fog,0,3.0,3.0022406578063965,3.8971047401428223,1,69,0.1606054771520633,0.16250134181219272,0.161553409482128,0,0,0.0,0,0,0,68,0,22.521204710006714,69,69,1,P1,0.1606054771520633,0.16250134181219272,0.161553409482128
bike-packing,2,greedy,fog,0,3.0,3.0022406578063965,3.8971047401428223,1,69,0.8311495417388762,0.6523423444813199,0.7417459431100981,0,0,0.0,0,0,0,68,0,20.214942693710327,69,69,1,P1,0.8311495417388762,0.6523423444813199,0.7417459431100981
bike-packing,1,greedy,fog,0,4.0,3.978464365005493,5.0,1,69,0.3455680287575182,0.2868682697285814,0.3162181492430498,0,0,0.0,0,0,0,68,0,19.760063409805298,69,69,1,P1,0.3455680287575182,0.2868682697285814,0.3162181492430498
bike-packing,2,greedy,fog,0,4.0,3.978464365005493,5.0,1,69,0.7699854689139288,0.5447237261806102,0.6573545975472694,0,0,0.0,0,0,0,68,0,21.818209409713745,69,69,1,P1,0.7699854689139288,0.5447237261806102,0.6573545975472694
bike-packing,1,greedy,fog,0,5.0,4.530300617218018,5.0,1,69,0.39018560237481115,0.2953396614130362,0.34276263189392364,0,0,0.0,0,0,0,68,0,21.515394687652588,69,69,1,P1,0.39018560237481115,0.2953396614130362,0.34276263189392364
bike-packing,2,greedy,fog,0,5.0,4.530300617218018,5.0,1,69,0.7474584020629621,0.5026464180617235,0.6250524100623428,0,0,0.0,0,0,0,68,0,19.923913955688477,69,69,1,P1,0.7474584020629621,0.5026464180617235,0.6250524100623428
bike-packing,1,greedy,sensor_noise,0,1.0,1.0946866273880005,1.2990349531173706,1,69,0.15989911159143713,0.18774570541761915,0.17382240850452813,0,0,0.0,0,0,0,68,0,21.255419969558716,69,69,1,P1,0.15989911159143713,0.18774570541761915,0.17382240850452813
bike-packing,2,greedy,sensor_noise,0,1.0,1.0946866273880005,1.2990349531173706,1,69,0.9041207074942861,0.735079747913105,0.8196002277036956,0,0,0.0,0,0,0,68,0,16.65776801109314,69,69,1,P1,0.9041207074942861,0.735079747913105,0.8196002277036956
bike-packing,1,greedy,sensor_noise,0,2.0,2.001493453979492,2.598069906234741,1,69,0.15782607258693096,0.1692645487576293,0.16354531067228012,0,0,0.0,0,0,0,68,0,16.445483684539795,69,69,1,P1,0.15782607258693096,0.1692645487576293,0.16354531067228012
bike-packing,2,greedy,sensor_noise,0,2.0,2.001493453979492,2.598069906234741,1,69,0.8884402278760359,0.7068974456000964,0.7976688367380662,0,0,0.0,0,0,0,68,0,18.018807411193848,69,69,1,P1,0.8884402278760359,0.7068974456000964,0.7976688367380662
bike-packing,1,greedy,sensor_noise,0,3.0,3.0022406578063965,3.8971047401428223,1,69,0.15736261624614944,0.166991198493586,0.16217690736986773,0,0,0.0,0,0,0,68,0,18.449897527694702,69,69,1,P1,0.15736261624614944,0.166991198493586,0.16217690736986773
bike-packing,2,greedy,sensor_noise,0,3.0,3.0022406578063965,3.8971047401428223,1,69,0.8665791884117093,0.6761789309660001,0.7713790596888548,0,0,0.0,0,0,0,68,0,18.771226406097412,69,69,1,P1,0.8665791884117093,0.6761789309660001,0.7713790596888548
bike-packing,1,greedy,sensor_noise,0,4.0,3.978464365005493,5.0,1,69,0.1563088053384612,0.15610512851193278,0.15620696692519698,0,0,0.0,0,0,0,68,0,21.982670545578003,69,69,1,P1,0.1563088053384612,0.15610512851193278,0.15620696692519698
bike-packing,2,greedy,sensor_noise,0,4.0,3.978464365005493,5.0,1,69,0.8378195637345273,0.6381028882072147,0.737961225970871,0,0,0.0,0,0,0,68,0,20.11310625076294,69,69,1,P1,0.8378195637345273,0.6381028882072147,0.737961225970871
bike-packing,1,greedy,sensor_noise,0,5.0,4.530300617218018,5.0,1,69,0.1546930366167718,0.13541607635493608,0.14505455648585394,0,0,0.0,0,0,0,68,0,16.993698835372925,69,69,1,P1,0.1546930366167718,0.13541607635493608,0.14505455648585394
bike-packing,2,greedy,sensor_noise,0,5.0,4.530300617218018,5.0,1,69,0.8234399296743368,0.6166083577118764,0.7200241436931065,0,0,0.0,0,0,0,68,0,17.80742835998535,69,69,1,P1,0.8234399296743368,0.6166083577118764,0.7200241436931065
bike-packing,1,greedy,C1_fog_noise,1,1.0,1.0946866273880005,1.2990349531173706,1,69,0.16152497484255282,0.1840556631831586,0.17279031901285571,0,0,0.0,0,0,0,68,0,17.372432470321655,69,69,1,P1,0.16152497484255282,0.1840556631831586,0.17279031901285571
bike-packing,2,greedy,C1_fog_noise,1,1.0,1.0946866273880005,1.2990349531173706,1,69,0.8964280163471687,0.7167653248310826,0.8065966705891257,0,0,0.0,0,0,0,68,0,16.759244441986084,69,69,1,P1,0.8964280163471687,0.7167653248310826,0.8065966705891257
bike-packing,1,greedy,C1_fog_noise,1,2.0,2.001493453979492,2.598069906234741,1,69,0.16428523594449407,0.1404366901861003,0.15236096306529717,0,0,0.0,0,0,0,68,0,16.75445318222046,69,69,1,P1,0.16428523594449407,0.1404366901861003,0.15236096306529717
bike-packing,2,greedy,C1_fog_noise,1,2.0,2.001493453979492,2.598069906234741,1,69,0.8141170847859647,0.589192237575913,0.7016546611809389,0,0,0.0,0,0,0,68,0,20.027318954467773,69,69,1,P1,0.8141170847859647,0.589192237575913,0.7016546611809389
bike-packing,1,greedy,C1_fog_noise,1,3.0,3.0022406578063965,3.8971047401428223,1,69,0.3080384366753221,0.21061450600133388,0.259326471338328,0,0,0.0,0,0,0,68,0,18.67430090904236,69,69,1,P1,0.3080384366753221,0.21061450600133388,0.259326471338328
bike-packing,2,greedy,C1_fog_noise,1,3.0,3.0022406578063965,3.8971047401428223,1,69,0.655955044033334,0.3833651326569963,0.5196600883451652,0,0,0.0,0,0,0,68,0,17.2100510597229,69,69,1,P1,0.655955044033334,0.3833651326569963,0.5196600883451652
bike-packing,1,greedy,C1_fog_noise,1,4.0,3.978464365005493,5.0,1,69,0.29847350477606266,0.1565016616728867,0.22748758322447468,0,0,0.0,0,0,0,68,0,19.369519233703613,69,69,1,P1,0.29847350477606266,0.1565016616728867,0.22748758322447468
bike-packing,2,greedy,C1_fog_noise,1,4.0,3.978464365005493,5.0,1,69,0.31605435412666966,0.22257017352114283,0.2693122638239063,0,0,0.0,0,0,0,68,0,19.376553058624268,69,69,1,P1,0.31605435412666966,0.22257017352114283,0.2693122638239063
bike-packing,1,greedy,C1_fog_noise,1,5.0,4.530300617218018,5.0,1,69,0.25694856015917944,0.11494072741075817,0.1859446437849688,0,0,0.0,0,0,0,68,0,17.78588891029358,69,69,1,P1,0.25694856015917944,0.11494072741075817,0.1859446437849688
bike-packing,2,greedy,C1_fog_noise,1,5.0,4.530300617218018,5.0,1,69,0.11988473384134798,0.07049669554591573,0.09519071469363186,0,0,0.0,0,0,0,68,0,19.53858733177185,69,69,1,P1,0.11988473384134798,0.07049669554591573,0.09519071469363186
blackswan,1,greedy,fog,0,1.0,1.0953688621520996,1.299412727355957,1,50,0.9515724533452443,0.8051636887118735,0.8783680710285588,0,0,0.0,0,0,0,49,0,12.627498149871826,50,50,1,P1,0.9515724533452443,0.8051636887118735,0.8783680710285588
blackswan,1,greedy,fog,0,2.0,2.0,2.598825454711914,1,50,0.9494234600597093,0.7974090021826177,0.8734162311211635,0,0,0.0,0,0,0,49,0,12.11317753791809,50,50,1,P1,0.9494234600597093,0.7974090021826177,0.8734162311211635
blackswan,1,greedy,fog,0,3.0,3.0,3.898238182067871,1,50,0.9234041587385973,0.7458874193051725,0.8346457890218849,0,0,0.0,0,0,0,49,0,11.421106100082397,50,50,1,P1,0.9234041587385973,0.7458874193051725,0.8346457890218849
blackswan,1,greedy,fog,0,4.0,3.9753310680389404,5.0,1,50,0.8575704258198023,0.6476134897763292,0.7525919577980658,0,0,0.0,0,0,0,49,0,13.893963813781738,50,50,1,P1,0.8575704258198023,0.6476134897763292,0.7525919577980658
blackswan,1,greedy,fog,0,5.0,4.52315616607666,5.0,1,50,0.7917936639570631,0.5828078382872562,0.6873007511221596,0,0,0.0,0,0,0,49,0,12.771109342575073,50,50,1,P1,0.7917936639570631,0.5828078382872562,0.6873007511221596
blackswan,1,greedy,sensor_noise,0,1.0,1.0953688621520996,1.299412727355957,1,50,0.9519087498118779,0.8042769550871002,0.8780928524494891,0,0,0.0,0,0,0,49,0,13.208865404129028,50,50,1,P1,0.9519087498118779,0.8042769550871002,0.8780928524494891
blackswan,1,greedy,sensor_noise,0,2.0,2.0,2.598825454711914,1,50,0.9505693277908585,0.800203405527525,0.8753863666591917,0,0,0.0,0,0,0,49,0,11.307947397232056,50,50,1,P1,0.9505693277908585,0.800203405527525,0.8753863666591917
blackswan,1,greedy,sensor_noise,0,3.0,3.0,3.898238182067871,1,50,0.9483371650887709,0.7904019012408549,0.8693695331648128,0,0,0.0,0,0,0,49,0,13.38037896156311,50,50,1,P1,0.9483371650887709,0.7904019012408549,0.8693695331648128
blackswan,1,greedy,sensor_noise,0,4.0,3.9753310680389404,5.0,1,50,0.9459967579628129,0.7802927492628988,0.8631447536128558,0,0,0.0,0,0,0,49,0,13.98195481300354,50,50,1,P1,0.9459967579628129,0.7802927492628988,0.8631447536128558
blackswan,1,greedy,sensor_noise,0,5.0,4.52315616607666,5.0,1,50,0.9449064220328554,0.7751082220962722,0.8600073220645638,0,0,0.0,0,0,0,49,0,13.027883052825928,50,50,1,P1,0.9449064220328554,0.7751082220962722,0.8600073220645638
blackswan,1,greedy,C1_fog_noise,1,1.0,1.0953688621520996,1.299412727355957,1,50,0.9527046863658917,0.8051957024622957,0.8789501944140936,0,0,0.0,0,0,0,49,0,11.95595097541809,50,50,1,P1,0.9527046863658917,0.8051957024622957,0.8789501944140936
blackswan,1,greedy,C1_fog_noise,1,2.0,2.0,2.598825454711914,1,50,0.9149157792207622,0.710144371923326,0.8125300755720442,0,0,0.0,0,0,0,49,0,13.907088279724121,50,50,1,P1,0.9149157792207622,0.710144371923326,0.8125300755720442
blackswan,1,greedy,C1_fog_noise,1,3.0,3.0,3.898238182067871,1,50,0.8076784975421865,0.5422945424134452,0.6749865199778158,0,0,0.0,0,0,0,49,0,14.74807071685791,50,50,1,P1,0.8076784975421865,0.5422945424134452,0.6749865199778158
blackswan,1,greedy,C1_fog_noise,1,4.0,3.9753310680389404,5.0,1,50,0.5198129491766655,0.20346421139717485,0.3616385802869202,0,0,0.0,0,0,0,49,0,14.602944374084473,50,50,1,P1,0.5198129491766655,0.20346421139717485,0.3616385802869202
blackswan,1,greedy,C1_fog_noise,1,5.0,4.52315616607666,5.0,1,50,0.2682589161160699,0.09362773562636457,0.18094332587121723,0,0,0.0,0,0,0,49,0,12.005879878997803,50,50,1,P1,0.2682589161160699,0.09362773562636457,0.18094332587121723
bmx-trees,1,greedy,fog,0,1.0,1.095402479171753,1.2999629974365234,1,80,0.11753625333990766,0.13784035236919417,0.1276883028545509,0,0,0.0,0,0,0,79,0,23.5440993309021,80,80,1,P1,0.11753625333990766,0.13784035236919417,0.1276883028545509
bmx-trees,2,greedy,fog,0,1.0,1.095402479171753,1.2999629974365234,1,80,0.1334094562558228,0.13008024314229102,0.13174484969905692,0,0,0.0,0,0,0,79,0,19.87809920310974,80,80,1,P1,0.1334094562558228,0.13008024314229102,0.13174484969905692
bmx-trees,1,greedy,fog,0,2.0,2.0,2.599925994873047,1,80,0.11627008513145505,0.14037062740988188,0.12832035627066846,0,0,0.0,0,0,0,79,0,17.569228887557983,80,80,1,P1,0.11627008513145505,0.14037062740988188,0.12832035627066846
bmx-trees,2,greedy,fog,0,2.0,2.0,2.599925994873047,1,80,0.1302778512176435,0.13085479122248864,0.13056632122006606,0,0,0.0,0,0,0,79,0,19.421139240264893,80,80,1,P1,0.1302778512176435,0.13085479122248864,0.13056632122006606
bmx-trees,1,greedy,fog,0,3.0,3.0,3.8998892307281494,1,80,0.22120245913681275,0.25939285088671743,0.2402976550117651,0,0,0.0,0,0,0,79,0,18.6692054271698,80,80,1,P1,0.22120245913681275,0.25939285088671743,0.2402976550117651
bmx-trees,2,greedy,fog,0,3.0,3.0,3.8998892307281494,1,80,0.3528196094462089,0.3689452487025322,0.3608824290743705,0,0,0.0,0,0,0,79,0,21.584460258483887,80,80,1,P1,0.3528196094462089,0.3689452487025322,0.3608824290743705
bmx-trees,1,greedy,fog,0,4.0,3.9752395153045654,5.0,1,80,0.28843217342873456,0.3559013152547061,0.3221667443417203,0,0,0.0,0,0,0,79,0,21.67143177986145,80,80,1,P1,0.28843217342873456,0.3559013152547061,0.3221667443417203
bmx-trees,2,greedy,fog,0,4.0,3.9752395153045654,5.0,1,80,0.40023549641287426,0.40763113998522604,0.40393331819905015,0,0,0.0,0,0,0,79,0,21.33693242073059,80,80,1,P1,0.40023549641287426,0.40763113998522604,0.40393331819905015
bmx-trees,1,greedy,fog,0,5.0,4.522987365722656,5.0,1,80,0.22796631391069413,0.3160216832641482,0.2719939985874212,0,0,0.0,0,0,0,79,0,21.02506375312805,80,80,1,P1,0.22796631391069413,0.3160216832641482,0.2719939985874212
bmx-trees,2,greedy,fog,0,5.0,4.522987365722656,5.0,1,80,0.3434302555218708,0.34521346125993685,0.3443218583909038,0,0,0.0,0,0,0,79,0,22.3118634223938,80,80,1,P1,0.3434302555218708,0.34521346125993685,0.3443218583909038
bmx-trees,1,greedy,sensor_noise,0,1.0,1.095402479171753,1.2999629974365234,1,80,0.11627231742219477,0.13475419956017315,0.12551325849118394,0,0,0.0,0,0,0,79,0,22.4439377784729,80,80,1,P1,0.11627231742219477,0.13475419956017315,0.12551325849118394
bmx-trees,2,greedy,sensor_noise,0,1.0,1.095402479171753,1.2999629974365234,1,80,0.13547511919618832,0.1253985211790276,0.13043682018760797,0,0,0.0,0,0,0,79,0,21.76446557044983,80,80,1,P1,0.13547511919618832,0.1253985211790276,0.13043682018760797
bmx-trees,1,greedy,sensor_noise,0,2.0,2.0,2.599925994873047,1,80,0.11508208426117612,0.1361520458864458,0.12561706507381096,0,0,0.0,0,0,0,79,0,20.219585180282593,80,80,1,P1,0.11508208426117612,0.1361520458864458,0.12561706507381096
bmx-trees,2,greedy,sensor_noise,0,2.0,2.0,2.599925994873047,1,80,0.13597258637728044,0.14387211326657762,0.13992234982192903,0,0,0.0,0,0,0,79,0,19.940540313720703,80,80,1,P1,0.13597258637728044,0.14387211326657762,0.13992234982192903
bmx-trees,1,greedy,sensor_noise,0,3.0,3.0,3.8998892307281494,1,80,0.11348919789166216,0.13310526620261506,0.1232972320471386,0,0,0.0,0,0,0,79,0,20.101420402526855,80,80,1,P1,0.11348919789166216,0.13310526620261506,0.1232972320471386
bmx-trees,2,greedy,sensor_noise,0,3.0,3.0,3.8998892307281494,1,80,0.1344467498239091,0.15627948490799998,0.14536311736595453,0,0,0.0,0,0,0,79,0,22.169358015060425,80,80,1,P1,0.1344467498239091,0.15627948490799998,0.14536311736595453
bmx-trees,1,greedy,sensor_noise,0,4.0,3.9752395153045654,5.0,1,80,0.11744270337721845,0.15881075711766077,0.1381267302474396,0,0,0.0,0,0,0,79,0,21.84225869178772,80,80,1,P1,0.11744270337721845,0.15881075711766077,0.1381267302474396
bmx-trees,2,greedy,sensor_noise,0,4.0,3.9752395153045654,5.0,1,80,0.13694400675437507,0.17016022800560585,0.15355211737999047,0,0,0.0,0,0,0,79,0,21.787136554718018,80,80,1,P1,0.13694400675437507,0.17016022800560585,0.15355211737999047
bmx-trees,1,greedy,sensor_noise,0,5.0,4.522987365722656,5.0,1,80,0.11906748585399182,0.16568203240943133,0.14237475913171158,0,0,0.0,0,0,0,79,0,20.605380058288574,80,80,1,P1,0.11906748585399182,0.16568203240943133,0.14237475913171158
bmx-trees,2,greedy,sensor_noise,0,5.0,4.522987365722656,5.0,1,80,0.2849528743781912,0.3115034595174156,0.2982281669478034,0,0,0.0,0,0,0,79,0,21.444576740264893,80,80,1,P1,0.2849528743781912,0.3115034595174156,0.2982281669478034
bmx-trees,1,greedy,C1_fog_noise,1,1.0,1.095402479171753,1.2999629974365234,1,80,0.11674613503453173,0.13525497746218226,0.126000556248357,0,0,0.0,0,0,0,79,0,20.152679920196533,80,80,1,P1,0.11674613503453173,0.13525497746218226,0.126000556248357
bmx-trees,2,greedy,C1_fog_noise,1,1.0,1.095402479171753,1.2999629974365234,1,80,0.14714916805255598,0.20828134173406979,0.17771525489331289,0,0,0.0,0,0,0,79,0,21.29396080970764,80,80,1,P1,0.14714916805255598,0.20828134173406979,0.17771525489331289
bmx-trees,1,greedy,C1_fog_noise,1,2.0,2.0,2.599925994873047,1,80,0.1151170989148735,0.13205107422879114,0.12358408657183231,0,0,0.0,0,0,0,79,0,21.57441258430481,80,80,1,P1,0.1151170989148735,0.13205107422879114,0.12358408657183231
bmx-trees,2,greedy,C1_fog_noise,1,2.0,2.0,2.599925994873047,1,80,0.30742901399107436,0.32312216171795693,0.31527558785451565,0,0,0.0,0,0,0,79,0,21.576261520385742,80,80,1,P1,0.30742901399107436,0.32312216171795693,0.31527558785451565
bmx-trees,1,greedy,C1_fog_noise,1,3.0,3.0,3.8998892307281494,1,80,0.11949978657454033,0.1396285622344557,0.12956417440449802,0,0,0.0,0,0,0,79,0,21.788917779922485,80,80,1,P1,0.11949978657454033,0.1396285622344557,0.12956417440449802
bmx-trees,2,greedy,C1_fog_noise,1,3.0,3.0,3.8998892307281494,1,80,0.14693309346616829,0.15123494912316526,0.14908402129466677,0,0,0.0,0,0,0,79,0,16.409103870391846,80,80,1,P1,0.14693309346616829,0.15123494912316526,0.14908402129466677
bmx-trees,1,greedy,C1_fog_noise,1,4.0,3.9752395153045654,5.0,1,80,0.19340680962796136,0.17354360911495822,0.18347520937145978,0,0,0.0,0,0,0,79,0,18.088024139404297,80,80,1,P1,0.19340680962796136,0.17354360911495822,0.18347520937145978
bmx-trees,2,greedy,C1_fog_noise,1,4.0,3.9752395153045654,5.0,1,80,0.1902183707310361,0.19638633268856123,0.19330235170979865,0,0,0.0,0,0,0,79,0,17.56558871269226,80,80,1,P1,0.1902183707310361,0.19638633268856123,0.19330235170979865
bmx-trees,1,greedy,C1_fog_noise,1,5.0,4.522987365722656,5.0,1,80,0.15338109208669218,0.15536828532974534,0.15437468870821874,0,0,0.0,0,0,0,79,0,21.605724096298218,80,80,1,P1,0.15338109208669218,0.15536828532974534,0.15437468870821874
bmx-trees,2,greedy,C1_fog_noise,1,5.0,4.522987365722656,5.0,1,80,0.14739609402272896,0.12197055291978565,0.1346833234712573,0,0,0.0,0,0,0,79,0,18.73018765449524,80,80,1,P1,0.14739609402272896,0.12197055291978565,0.1346833234712573
breakdance,1,greedy,fog,0,1.0,1.0955300331115723,1.29983651638031,1,84,0.8791543505971815,0.7161768430831669,0.7976655968401742,0,0,0.0,0,0,0,83,0,20.508352994918823,84,84,1,P1,0.8791543505971815,0.7161768430831669,0.7976655968401742
breakdance,1,greedy,fog,0,2.0,2.0,2.59967303276062,1,84,0.8712049153997492,0.7005148611517928,0.785859888275771,0,0,0.0,0,0,0,83,0,17.87765884399414,84,84,1,P1,0.8712049153997492,0.7005148611517928,0.785859888275771
breakdance,1,greedy,fog,0,3.0,3.000000238418579,3.8995096683502197,1,84,0.7533140288781986,0.5975814175367586,0.6754477232074787,0,0,0.0,0,0,0,83,0,21.13767719268799,84,84,1,P1,0.7533140288781986,0.5975814175367586,0.6754477232074787
breakdance,1,greedy,fog,0,4.0,3.9752910137176514,5.0,1,84,0.5118346068880342,0.38703792428747297,0.44943626558775357,0,0,0.0,0,0,0,83,0,20.690397262573242,84,84,1,P1,0.5118346068880342,0.38703792428747297,0.44943626558775357
breakdance,1,greedy,fog,0,5.0,4.522349834442139,5.0,1,84,0.42463663445016475,0.30282806825020075,0.3637323513501828,0,0,0.0,0,0,0,83,0,21.346551656723022,84,84,1,P1,0.42463663445016475,0.30282806825020075,0.3637323513501828
breakdance,1,greedy,sensor_noise,0,1.0,1.0955300331115723,1.29983651638031,1,84,0.8417564062188089,0.6933872372308121,0.7675718217248104,0,0,0.0,0,0,0,83,0,21.480696439743042,84,84,1,P1,0.8417564062188089,0.6933872372308121,0.7675718217248104
breakdance,1,greedy,sensor_noise,0,2.0,2.0,2.59967303276062,1,84,0.8439557600029016,0.6905837635907973,0.7672697617968495,0,0,0.0,0,0,0,83,0,23.070027828216553,84,84,1,P1,0.8439557600029016,0.6905837635907973,0.7672697617968495
breakdance,1,greedy,sensor_noise,0,3.0,3.000000238418579,3.8995096683502197,1,84,0.8417976355120667,0.674289214615704,0.7580434250638853,0,0,0.0,0,0,0,83,0,20.254485368728638,84,84,1,P1,0.8417976355120667,0.674289214615704,0.7580434250638853
breakdance,1,greedy,sensor_noise,0,4.0,3.9752910137176514,5.0,1,84,0.8743830008135977,0.6940819150689586,0.784232457941278,0,0,0.0,0,0,0,83,0,20.835035800933838,84,84,1,P1,0.8743830008135977,0.6940819150689586,0.784232457941278
breakdance,1,greedy,sensor_noise,0,5.0,4.522349834442139,5.0,1,84,0.8762874356129428,0.6901784575234934,0.7832329465682181,0,0,0.0,0,0,0,83,0,22.187572240829468,84,84,1,P1,0.8762874356129428,0.6901784575234934,0.7832329465682181
breakdance,1,greedy,C1_fog_noise,1,1.0,1.0955300331115723,1.29983651638031,1,84,0.8672226550697615,0.6995928661412463,0.7834077606055039,0,0,0.0,0,0,0,83,0,22.5269718170166,84,84,1,P1,0.8672226550697615,0.6995928661412463,0.7834077606055039
breakdance,1,greedy,C1_fog_noise,1,2.0,2.0,2.59967303276062,1,84,0.7513245379299515,0.5654240487690113,0.6583742933494814,0,0,0.0,0,0,0,83,0,20.74818778038025,84,84,1,P1,0.7513245379299515,0.5654240487690113,0.6583742933494814
breakdance,1,greedy,C1_fog_noise,1,3.0,3.000000238418579,3.8995096683502197,1,84,0.40950656116641293,0.26238537725282524,0.33594596920961906,0,0,0.0,0,0,0,83,0,22.49768900871277,84,84,1,P1,0.40950656116641293,0.26238537725282524,0.33594596920961906
breakdance,1,greedy,C1_fog_noise,1,4.0,3.9752910137176514,5.0,1,84,0.3078377305463489,0.16349768380259405,0.23566770717447147,0,0,0.0,0,0,0,83,0,18.35792112350464,84,84,1,P1,0.3078377305463489,0.16349768380259405,0.23566770717447147
breakdance,1,greedy,C1_fog_noise,1,5.0,4.522349834442139,5.0,1,84,0.14836123113687472,0.09084610754682416,0.11960366934184943,0,0,0.0,0,0,0,83,0,17.43616008758545,84,84,1,P1,0.14836123113687472,0.09084610754682416,0.11960366934184943
camel,1,greedy,fog,0,1.0,1.0955027341842651,1.2999699115753174,1,90,0.9667133047579373,0.8671134657397481,0.9169133852488427,0,0,0.0,0,0,0,89,0,18.49534797668457,90,90,1,P1,0.9667133047579373,0.8671134657397481,0.9169133852488427
camel,1,greedy,fog,0,2.0,2.000000238418579,2.5999398231506348,1,90,0.9671157758580313,0.8696306352685012,0.9183732055632663,0,0,0.0,0,0,0,89,0,20.998372793197632,90,90,1,P1,0.9671157758580313,0.8696306352685012,0.9183732055632663
camel,1,greedy,fog,0,3.0,3.0,3.899909496307373,1,90,0.9652333743487688,0.863951373584162,0.9145923739664654,0,0,0.0,0,0,0,89,0,22.38775324821472,90,90,1,P1,0.9652333743487688,0.863951373584162,0.9145923739664654
camel,1,greedy,fog,0,4.0,3.975322723388672,5.0,1,90,0.9575579835822182,0.8364300295135965,0.8969940065479074,0,0,0.0,0,0,0,89,0,22.370546102523804,90,90,1,P1,0.9575579835822182,0.8364300295135965,0.8969940065479074
camel,1,greedy,fog,0,5.0,4.522486209869385,5.0,1,90,0.9501169831226421,0.8140195661530955,0.8820682746378687,0,0,0.0,0,0,0,89,0,23.55781388282776,90,90,1,P1,0.9501169831226421,0.8140195661530955,0.8820682746378687
camel,1,greedy,sensor_noise,0,1.0,1.0955027341842651,1.2999699115753174,1,90,0.9671741015686895,0.8694803782685284,0.918327239918609,0,0,0.0,0,0,0,89,0,21.7212975025177,90,90,1,P1,0.9671741015686895,0.8694803782685284,0.918327239918609
camel,1,greedy,sensor_noise,0,2.0,2.000000238418579,2.5999398231506348,1,90,0.9685296871239253,0.8759770532415118,0.9222533701827185,0,0,0.0,0,0,0,89,0,23.05551767349243,90,90,1,P1,0.9685296871239253,0.8759770532415118,0.9222533701827185
camel,1,greedy,sensor_noise,0,3.0,3.0,3.899909496307373,1,90,0.9673102028467978,0.872642956179234,0.9199765795130159,0,0,0.0,0,0,0,89,0,23.138964653015137,90,90,1,P1,0.9673102028467978,0.872642956179234,0.9199765795130159
camel,1,greedy,sensor_noise,0,4.0,3.975322723388672,5.0,1,90,0.9659075150212341,0.8674730834289885,0.9166902992251114,0,0,0.0,0,0,0,89,0,23.274033546447754,90,90,1,P1,0.9659075150212341,0.8674730834289885,0.9166902992251114
camel,1,greedy,sensor_noise,0,5.0,4.522486209869385,5.0,1,90,0.9650296059864455,0.864011490469108,0.9145205482277767,0,0,0.0,0,0,0,89,0,22.001007556915283,90,90,1,P1,0.9650296059864455,0.864011490469108,0.9145205482277767
camel,1,greedy,C1_fog_noise,1,1.0,1.0955027341842651,1.2999699115753174,1,90,0.9669818954894156,0.8689649676976579,0.9179734315935367,0,0,0.0,0,0,0,89,0,24.310944318771362,90,90,1,P1,0.9669818954894156,0.8689649676976579,0.9179734315935367
camel,1,greedy,C1_fog_noise,1,2.0,2.000000238418579,2.5999398231506348,1,90,0.9606515487190989,0.8482107418490317,0.9044311452840652,0,0,0.0,0,0,0,89,0,24.0470871925354,90,90,1,P1,0.9606515487190989,0.8482107418490317,0.9044311452840652
camel,1,greedy,C1_fog_noise,1,3.0,3.0,3.899909496307373,1,90,0.923910531308134,0.7556996122243671,0.8398050717662506,0,0,0.0,0,0,0,89,0,24.622277975082397,90,90,1,P1,0.923910531308134,0.7556996122243671,0.8398050717662506
camel,1,greedy,C1_fog_noise,1,4.0,3.975322723388672,5.0,1,90,0.8094339934195396,0.5432805943985742,0.676357293909057,0,0,0.0,0,0,0,89,0,25.824524879455566,90,90,1,P1,0.8094339934195396,0.5432805943985742,0.676357293909057
camel,1,greedy,C1_fog_noise,1,5.0,4.522486209869385,5.0,1,90,0.7407373195221894,0.42350105502597096,0.5821191872740802,0,0,0.0,0,0,0,89,0,22.91878890991211,90,90,1,P1,0.7407373195221894,0.42350105502597096,0.5821191872740802
car-roundabout,1,greedy,fog,0,1.0,1.0960086584091187,1.2991573810577393,1,75,0.9150409498386876,0.7503988527983484,0.832719901318518,0,0,0.0,0,0,0,74,0,20.8202805519104,75,75,1,P1,0.9150409498386876,0.7503988527983484,0.832719901318518
car-roundabout,1,greedy,fog,0,2.0,2.003530740737915,2.5983147621154785,1,75,0.9169078745907701,0.7528962692813166,0.8349020719360434,0,0,0.0,0,0,0,74,0,20.173314094543457,75,75,1,P1,0.9169078745907701,0.7528962692813166,0.8349020719360434
car-roundabout,1,greedy,fog,0,3.0,3.005295515060425,3.8974721431732178,1,75,0.8978058216160639,0.7200481210780066,0.8089269713470353,0,0,0.0,0,0,0,74,0,20.040343046188354,75,75,1,P1,0.8978058216160639,0.7200481210780066,0.8089269713470353
car-roundabout,1,greedy,fog,0,4.0,3.983024835586548,5.0,1,75,0.8211805328493065,0.6353964310040647,0.7282884819266856,0,0,0.0,0,0,0,74,0,18.896347999572754,75,75,1,P1,0.8211805328493065,0.6353964310040647,0.7282884819266856
car-roundabout,1,greedy,fog,0,5.0,4.528782844543457,5.0,1,75,0.8150957607663002,0.6137142384839779,0.714404999625139,0,0,0.0,0,0,0,74,0,19.273902416229248,75,75,1,P1,0.8150957607663002,0.6137142384839779,0.714404999625139
car-roundabout,1,greedy,sensor_noise,0,1.0,1.0960086584091187,1.2991573810577393,1,75,0.9314070407835959,0.7671525184834053,0.8492797796335005,0,0,0.0,0,0,0,74,0,18.898121118545532,75,75,1,P1,0.9314070407835959,0.7671525184834053,0.8492797796335005
car-roundabout,1,greedy,sensor_noise,0,2.0,2.003530740737915,2.5983147621154785,1,75,0.9412189883026645,0.756881415616037,0.8490502019593507,0,0,0.0,0,0,0,74,0,17.159390687942505,75,75,1,P1,0.9412189883026645,0.756881415616037,0.8490502019593507
car-roundabout,1,greedy,sensor_noise,0,3.0,3.005295515060425,3.8974721431732178,1,75,0.978416185429737,0.8224647666001201,0.9004404760149285,0,0,0.0,0,0,0,74,0,21.65889310836792,75,75,1,P1,0.978416185429737,0.8224647666001201,0.9004404760149285
car-roundabout,1,greedy,sensor_noise,0,4.0,3.983024835586548,5.0,1,75,0.9393621226427881,0.7488614578616978,0.8441117902522429,0,0,0.0,0,0,0,74,0,20.071397304534912,75,75,1,P1,0.9393621226427881,0.7488614578616978,0.8441117902522429
car-roundabout,1,greedy,sensor_noise,0,5.0,4.528782844543457,5.0,1,75,0.9237569534428739,0.7368100065666163,0.8302834800047452,0,0,0.0,0,0,0,74,0,19.72325086593628,75,75,1,P1,0.9237569534428739,0.7368100065666163,0.8302834800047452
car-roundabout,1,greedy,C1_fog_noise,1,1.0,1.0960086584091187,1.2991573810577393,1,75,0.9317200134020601,0.763407904225428,0.847563958813744,0,0,0.0,0,0,0,74,0,17.820563554763794,75,75,1,P1,0.9317200134020601,0.763407904225428,0.847563958813744
car-roundabout,1,greedy,C1_fog_noise,1,2.0,2.003530740737915,2.5983147621154785,1,75,0.8846912945067551,0.6926013136560663,0.7886463040814107,0,0,0.0,0,0,0,74,0,21.194045543670654,75,75,1,P1,0.8846912945067551,0.6926013136560663,0.7886463040814107
car-roundabout,1,greedy,C1_fog_noise,1,3.0,3.005295515060425,3.8974721431732178,1,75,0.7931567802852956,0.5578348850111737,0.6754958326482347,0,0,0.0,0,0,0,74,0,19.2987322807312,75,75,1,P1,0.7931567802852956,0.5578348850111737,0.6754958326482347
car-roundabout,1,greedy,C1_fog_noise,1,4.0,3.983024835586548,5.0,1,75,0.7053158404156901,0.3618519826968401,0.5335839115562651,0,0,0.0,0,0,0,74,0,17.81298518180847,75,75,1,P1,0.7053158404156901,0.3618519826968401,0.5335839115562651
car-roundabout,1,greedy,C1_fog_noise,1,5.0,4.528782844543457,5.0,1,75,0.6325386528468682,0.2378787816204385,0.43520871723365334,0,0,0.0,0,0,0,74,0,20.97406268119812,75,75,1,P1,0.6325386528468682,0.2378787816204385,0.43520871723365334
car-shadow,1,greedy,fog,0,1.0,1.0956284999847412,1.2989506721496582,1,40,0.97648609779844,0.8711952373383671,0.9238406675684036,0,0,0.0,0,0,0,39,0,10.013518571853638,40,40,1,P1,0.97648609779844,0.8711952373383671,0.9238406675684036
car-shadow,1,greedy,fog,0,2.0,2.0,2.5979013442993164,1,40,0.9766460765119934,0.8729749844500985,0.9248105304810459,0,0,0.0,0,0,0,39,0,9.542988777160645,40,40,1,P1,0.9766460765119934,0.8729749844500985,0.9248105304810459
car-shadow,1,greedy,fog,0,3.0,3.0,3.8968522548675537,1,40,0.9740241150674065,0.8599817528382872,0.9170029339528468,0,0,0.0,0,0,0,39,0,9.481404066085815,40,40,1,P1,0.9740241150674065,0.8599817528382872,0.9170029339528468
car-shadow,1,greedy,fog,0,4.0,3.9751639366149902,5.0,1,40,0.9673743111594195,0.822121471827748,0.8947478914935838,0,0,0.0,0,0,0,39,0,9.448551416397095,40,40,1,P1,0.9673743111594195,0.822121471827748,0.8947478914935838
car-shadow,1,greedy,fog,0,5.0,4.521857261657715,5.0,1,40,0.961187541858757,0.794196592572388,0.8776920672155725,0,0,0.0,0,0,0,39,0,9.568336725234985,40,40,1,P1,0.961187541858757,0.794196592572388,0.8776920672155725
car-shadow,1,greedy,sensor_noise,0,1.0,1.0956284999847412,1.2989506721496582,1,40,0.9746998052362137,0.8640687178507008,0.9193842615434573,0,0,0.0,0,0,0,39,0,8.843991994857788,40,40,1,P1,0.9746998052362137,0.8640687178507008,0.9193842615434573
car-shadow,1,greedy,sensor_noise,0,2.0,2.0,2.5979013442993164,1,40,0.9748155135362584,0.8656258647214059,0.9202206891288321,0,0,0.0,0,0,0,39,0,10.543351173400879,40,40,1,P1,0.9748155135362584,0.8656258647214059,0.9202206891288321
car-shadow,1,greedy,sensor_noise,0,3.0,3.0,3.8968522548675537,1,40,0.9740473391612998,0.8608065665844592,0.9174269528728796,0,0,0.0,0,0,0,39,0,11.259300231933594,40,40,1,P1,0.9740473391612998,0.8608065665844592,0.9174269528728796
car-shadow,1,greedy,sensor_noise,0,4.0,3.9751639366149902,5.0,1,40,0.972832972111503,0.8540808279165628,0.9134569000140329,0,0,0.0,0,0,0,39,0,10.135293006896973,40,40,1,P1,0.972832972111503,0.8540808279165628,0.9134569000140329
car-shadow,1,greedy,sensor_noise,0,5.0,4.521857261657715,5.0,1,40,0.97234464409102,0.8515656359459814,0.9119551400185006,0,0,0.0,0,0,0,39,0,9.79941177368164,40,40,1,P1,0.97234464409102,0.8515656359459814,0.9119551400185006
car-shadow,1,greedy,C1_fog_noise,1,1.0,1.0956284999847412,1.2989506721496582,1,40,0.9747217156953919,0.8646619851743372,0.9196918504348646,0,0,0.0,0,0,0,39,0,9.872014999389648,40,40,1,P1,0.9747217156953919,0.8646619851743372,0.9196918504348646
car-shadow,1,greedy,C1_fog_noise,1,2.0,2.0,2.5979013442993164,1,40,0.9687589264828593,0.8336772933196464,0.9012181099012528,0,0,0.0,0,0,0,39,0,9.778061151504517,40,40,1,P1,0.9687589264828593,0.8336772933196464,0.9012181099012528
car-shadow,1,greedy,C1_fog_noise,1,3.0,3.0,3.8968522548675537,1,40,0.9509081850043295,0.7487446848648542,0.8498264349345919,0,0,0.0,0,0,0,39,0,9.114502429962158,40,40,1,P1,0.9509081850043295,0.7487446848648542,0.8498264349345919
car-shadow,1,greedy,C1_fog_noise,1,4.0,3.9751639366149902,5.0,1,40,0.5014541543269297,0.2671507896626274,0.38430247199477857,0,0,0.0,0,0,0,39,0,10.33154582977295,40,40,1,P1,0.5014541543269297,0.2671507896626274,0.38430247199477857
car-shadow,1,greedy,C1_fog_noise,1,5.0,4.521857261657715,5.0,1,40,0.4656549227928138,0.21128403320665995,0.33846947799973687,0,0,0.0,0,0,0,39,0,11.341029644012451,40,40,1,P1,0.4656549227928138,0.21128403320665995,0.33846947799973687
cows,1,greedy,fog,0,1.0,1.0955315828323364,1.2997575998306274,1,104,0.9684918451103985,0.8580709308656799,0.9132813879880393,0,0,0.0,0,0,0,103,0,27.279582023620605,104,104,1,P1,0.9684918451103985,0.8580709308656799,0.9132813879880393
cows,1,greedy,fog,0,2.0,2.0,2.599515199661255,1,104,0.9667956754452555,0.850591957672955,0.9086938165591052,0,0,0.0,0,0,0,103,0,26.13901138305664,104,104,1,P1,0.9667956754452555,0.850591957672955,0.9086938165591052
cows,1,greedy,fog,0,3.0,3.0,3.899272918701172,1,104,0.9613628355888211,0.8289502837828635,0.8951565596858423,0,0,0.0,0,0,0,103,0,26.147369623184204,104,104,1,P1,0.9613628355888211,0.8289502837828635,0.8951565596858423
cows,1,greedy,fog,0,4.0,3.9752352237701416,5.0,1,104,0.9450692364008977,0.7741381865609417,0.8596037114809196,0,0,0.0,0,0,0,103,0,26.057079076766968,104,104,1,P1,0.9450692364008977,0.7741381865609417,0.8596037114809196
cows,1,greedy,fog,0,5.0,4.522342205047607,5.0,1,104,0.936778118069015,0.7448083433191415,0.8407932306940782,0,0,0.0,0,0,0,103,0,25.79145073890686,104,104,1,P1,0.936778118069015,0.7448083433191415,0.8407932306940782
cows,1,greedy,sensor_noise,0,1.0,1.0955315828323364,1.2997575998306274,1,104,0.9684119300685265,0.8578039565561438,0.9131079433123352,0,0,0.0,0,0,0,103,0,27.3596351146698,104,104,1,P1,0.9684119300685265,0.8578039565561438,0.9131079433123352
cows,1,greedy,sensor_noise,0,2.0,2.0,2.599515199661255,1,104,0.9676675140472809,0.8548483193328124,0.9112579166900466,0,0,0.0,0,0,0,103,0,28.6207377910614,104,104,1,P1,0.9676675140472809,0.8548483193328124,0.9112579166900466
cows,1,greedy,sensor_noise,0,3.0,3.0,3.899272918701172,1,104,0.9659915901016733,0.8491266911945907,0.907559140648132,0,0,0.0,0,0,0,103,0,28.48663640022278,104,104,1,P1,0.9659915901016733,0.8491266911945907,0.907559140648132
cows,1,greedy,sensor_noise,0,4.0,3.9752352237701416,5.0,1,104,0.964102202756504,0.8430149990047524,0.9035586008806282,0,0,0.0,0,0,0,103,0,27.771329164505005,104,104,1,P1,0.964102202756504,0.8430149990047524,0.9035586008806282
cows,1,greedy,sensor_noise,0,5.0,4.522342205047607,5.0,1,104,0.9627695353428234,0.8396370287675352,0.9012032820551793,0,0,0.0,0,0,0,103,0,27.391985654830933,104,104,1,P1,0.9627695353428234,0.8396370287675352,0.9012032820551793
cows,1,greedy,C1_fog_noise,1,1.0,1.0955315828323364,1.2997575998306274,1,104,0.9672324463789472,0.8530912671264381,0.9101618567526927,0,0,0.0,0,0,0,103,0,28.15938448905945,104,104,1,P1,0.9672324463789472,0.8530912671264381,0.9101618567526927
cows,1,greedy,C1_fog_noise,1,2.0,2.0,2.599515199661255,1,104,0.9562508991807667,0.8181867889493606,0.8872188440650637,0,0,0.0,0,0,0,103,0,26.639684915542603,104,104,1,P1,0.9562508991807667,0.8181867889493606,0.8872188440650637
cows,1,greedy,C1_fog_noise,1,3.0,3.0,3.899272918701172,1,104,0.9151423598997904,0.6853070707067891,0.8002247153032898,0,0,0.0,0,0,0,103,0,28.62346053123474,104,104,1,P1,0.9151423598997904,0.6853070707067891,0.8002247153032898
cows,1,greedy,C1_fog_noise,1,4.0,3.9752352237701416,5.0,1,104,0.7991267942189577,0.46044095125860884,0.6297838727387832,0,0,0.0,0,0,0,103,0,25.665879726409912,104,104,1,P1,0.7991267942189577,0.46044095125860884,0.6297838727387832
cows,1,greedy,C1_fog_noise,1,5.0,4.522342205047607,5.0,1,104,0.6768402054037226,0.3061473253855753,0.49149376539464895,0,0,0.0,0,0,0,103,0,26.702197074890137,104,104,1,P1,0.6768402054037226,0.3061473253855753,0.49149376539464895
dance-twirl,1,greedy,fog,0,1.0,1.0955114364624023,1.2993566989898682,1,90,0.9115302451747099,0.7442101780221798,0.8278702115984449,0,0,0.0,0,0,0,89,0,24.366719484329224,90,90,1,P1,0.9115302451747099,0.7442101780221798,0.8278702115984449
dance-twirl,1,greedy,fog,0,2.0,1.9999998807907104,2.5987133979797363,1,90,0.9092111484084492,0.7394793192127368,0.824345233810593,0,0,0.0,0,0,0,89,0,22.756195306777954,90,90,1,P1,0.9092111484084492,0.7394793192127368,0.824345233810593
dance-twirl,1,greedy,fog,0,3.0,3.0,3.8980700969696045,1,90,0.9004153701935371,0.7119316634742725,0.8061735168339048,0,0,0.0,0,0,0,89,0,24.750200986862183,90,90,1,P1,0.9004153701935371,0.7119316634742725,0.8061735168339048
dance-twirl,1,greedy,fog,0,4.0,3.975200653076172,5.0,1,90,0.8737337040727378,0.6433441798010123,0.7585389419368751,0,0,0.0,0,0,0,89,0,24.404217004776,90,90,1,P1,0.8737337040727378,0.6433441798010123,0.7585389419368751
dance-twirl,1,greedy,fog,0,5.0,4.522442817687988,5.0,1,90,0.8486642296687582,0.5955780217881835,0.7221211257284709,0,0,0.0,0,0,0,89,0,22.714508533477783,90,90,1,P1,0.8486642296687582,0.5955780217881835,0.7221211257284709
dance-twirl,1,greedy,sensor_noise,0,1.0,1.0955114364624023,1.2993566989898682,1,90,0.9107534031293217,0.7423905461895471,0.8265719746594344,0,0,0.0,0,0,0,89,0,24.81206727027893,90,90,1,P1,0.9107534031293217,0.7423905461895471,0.8265719746594344
dance-twirl,1,greedy,sensor_noise,0,2.0,1.9999998807907104,2.5987133979797363,1,90,0.9079981476214773,0.737324027604532,0.8226610876130047,0,0,0.0,0,0,0,89,0,24.176443576812744,90,90,1,P1,0.9079981476214773,0.737324027604532,0.8226610876130047
dance-twirl,1,greedy,sensor_noise,0,3.0,3.0,3.8980700969696045,1,90,0.9059908617806851,0.7301356228467039,0.8180632423136944,0,0,0.0,0,0,0,89,0,22.069452047348022,90,90,1,P1,0.9059908617806851,0.7301356228467039,0.8180632423136944
dance-twirl,1,greedy,sensor_noise,0,4.0,3.975200653076172,5.0,1,90,0.9030908042738836,0.7200883271254327,0.8115895656996581,0,0,0.0,0,0,0,89,0,24.060396909713745,90,90,1,P1,0.9030908042738836,0.7200883271254327,0.8115895656996581
dance-twirl,1,greedy,sensor_noise,0,5.0,4.522442817687988,5.0,1,90,0.9009730028166731,0.7140861613511158,0.8075295820838945,0,0,0.0,0,0,0,89,0,25.918405294418335,90,90,1,P1,0.9009730028166731,0.7140861613511158,0.8075295820838945
dance-twirl,1,greedy,C1_fog_noise,1,1.0,1.0955114364624023,1.2993566989898682,1,90,0.9094583375642445,0.7369782400847036,0.8232182888244741,0,0,0.0,0,0,0,89,0,22.60142183303833,90,90,1,P1,0.9094583375642445,0.7369782400847036,0.8232182888244741
dance-twirl,1,greedy,C1_fog_noise,1,2.0,1.9999998807907104,2.5987133979797363,1,90,0.8942993865991776,0.6896281189057352,0.7919637527524563,0,0,0.0,0,0,0,89,0,24.501624822616577,90,90,1,P1,0.8942993865991776,0.6896281189057352,0.7919637527524563
dance-twirl,1,greedy,C1_fog_noise,1,3.0,3.0,3.8980700969696045,1,90,0.7719535299588695,0.49866417331015717,0.6353088516345133,0,0,0.0,0,0,0,89,0,24.54289722442627,90,90,1,P1,0.7719535299588695,0.49866417331015717,0.6353088516345133
dance-twirl,1,greedy,C1_fog_noise,1,4.0,3.975200653076172,5.0,1,90,0.1815614092431654,0.11630490998408578,0.1489331596136256,0,0,0.0,0,0,0,89,0,23.85981297492981,90,90,1,P1,0.1815614092431654,0.11630490998408578,0.1489331596136256
dance-twirl,1,greedy,C1_fog_noise,1,5.0,4.522442817687988,5.0,1,90,0.1733403871450772,0.12463975912675962,0.14899007313591842,0,0,0.0,0,0,0,89,0,24.61883234977722,90,90,1,P1,0.1733403871450772,0.12463975912675962,0.14899007313591842
dog,1,greedy,fog,0,1.0,1.095325231552124,1.2989258766174316,1,60,0.9596189627751122,0.7851411170319867,0.8723800399035495,0,0,0.0,0,0,0,59,0,15.873639583587646,60,60,1,P1,0.9596189627751122,0.7851411170319867,0.8723800399035495
dog,1,greedy,fog,0,2.0,2.000000238418579,2.5978517532348633,1,60,0.9463721480937498,0.7484214470957189,0.8473967975947343,0,0,0.0,0,0,0,59,0,13.6476891040802,60,60,1,P1,0.9463721480937498,0.7484214470957189,0.8473967975947343
dog,1,greedy,fog,0,3.0,2.999999761581421,3.896777629852295,1,60,0.9303462744185858,0.6878184022627032,0.8090823383406445,0,0,0.0,0,0,0,59,0,16.31815218925476,60,60,1,P1,0.9303462744185858,0.6878184022627032,0.8090823383406445
dog,1,greedy,fog,0,4.0,3.9751169681549072,5.0,1,60,0.8672305954819799,0.5485546969567395,0.7078926462193598,0,0,0.0,0,0,0,59,0,15.966580390930176,60,60,1,P1,0.8672305954819799,0.5485546969567395,0.7078926462193598
dog,1,greedy,fog,0,5.0,4.523374080657959,5.0,1,60,0.8168983830805082,0.46338030440280875,0.6401393437416585,0,0,0.0,0,0,0,59,0,16.56695818901062,60,60,1,P1,0.8168983830805082,0.46338030440280875,0.6401393437416585
dog,1,greedy,sensor_noise,0,1.0,1.095325231552124,1.2989258766174316,1,60,0.961648497077066,0.7897073595601902,0.8756779283186281,0,0,0.0,0,0,0,59,0,16.263646125793457,60,60,1,P1,0.961648497077066,0.7897073595601902,0.8756779283186281
dog,1,greedy,sensor_noise,0,2.0,2.000000238418579,2.5978517532348633,1,60,0.9580403679258749,0.7802824668422231,0.869161417384049,0,0,0.0,0,0,0,59,0,14.345348834991455,60,60,1,P1,0.9580403679258749,0.7802824668422231,0.869161417384049
dog,1,greedy,sensor_noise,0,3.0,2.999999761581421,3.896777629852295,1,60,0.9537362175921046,0.7632098277164431,0.8584730226542738,0,0,0.0,0,0,0,59,0,16.204206228256226,60,60,1,P1,0.9537362175921046,0.7632098277164431,0.8584730226542738
dog,1,greedy,sensor_noise,0,4.0,3.9751169681549072,5.0,1,60,0.946892718493375,0.7422299154911207,0.8445613169922479,0,0,0.0,0,0,0,59,0,16.69315004348755,60,60,1,P1,0.946892718493375,0.7422299154911207,0.8445613169922479
dog,1,greedy,sensor_noise,0,5.0,4.523374080657959,5.0,1,60,0.9437358576303221,0.7319049953469533,0.8378204264886377,0,0,0.0,0,0,0,59,0,13.322184562683105,60,60,1,P1,0.9437358576303221,0.7319049953469533,0.8378204264886377
dog,1,greedy,C1_fog_noise,1,1.0,1.095325231552124,1.2989258766174316,1,60,0.950878457294824,0.7635234549754379,0.857200956135131,0,0,0.0,0,0,0,59,0,15.556592464447021,60,60,1,P1,0.950878457294824,0.7635234549754379,0.857200956135131
dog,1,greedy,C1_fog_noise,1,2.0,2.000000238418579,2.5978517532348633,1,60,0.928341197602455,0.6857142147074079,0.8070277061549315,0,0,0.0,0,0,0,59,0,16.4591326713562,60,60,1,P1,0.928341197602455,0.6857142147074079,0.8070277061549315
dog,1,greedy,C1_fog_noise,1,3.0,2.999999761581421,3.896777629852295,1,60,0.7214687050427997,0.43992011480024124,0.5806944099215204,0,0,0.0,0,0,0,59,0,14.11189889907837,60,60,1,P1,0.7214687050427997,0.43992011480024124,0.5806944099215204
dog,1,greedy,C1_fog_noise,1,4.0,3.9751169681549072,5.0,1,60,0.2182784928451463,0.1436746381273309,0.18097656548623858,0,0,0.0,0,0,0,59,0,15.566436052322388,60,60,1,P1,0.2182784928451463,0.1436746381273309,0.18097656548623858
dog,1,greedy,C1_fog_noise,1,5.0,4.523374080657959,5.0,1,60,0.5249789485247331,0.16213744316375717,0.3435581958442452,0,0,0.0,0,0,0,59,0,15.907982110977173,60,60,1,P1,0.5249789485247331,0.16213744316375717,0.3435581958442452
dogs-jump,1,greedy,fog,0,1.0,1.095472812652588,1.2994437217712402,1,66,0.8782548276769278,0.7668169817725482,0.822535904724738,0,0,0.0,0,0,0,65,0,16.153277158737183,66,66,1,P1,0.8782548276769278,0.7668169817725482,0.822535904724738
dogs-jump,2,greedy,fog,0,1.0,1.095472812652588,1.2994437217712402,1,66,0.11085062701649279,0.10949018426589278,0.11017040564119279,0,0,0.0,0,0,0,65,0,18.737412452697754,66,66,1,P1,0.11085062701649279,0.10949018426589278,0.11017040564119279
dogs-jump,3,greedy,fog,0,1.0,1.095472812652588,1.2994437217712402,1,66,0.9317987155616281,0.8674347065037318,0.8996167110326799,0,0,0.0,0,0,0,65,0,17.0101797580719,66,66,1,P1,0.9317987155616281,0.8674347065037318,0.8996167110326799
dogs-jump,1,greedy,fog,0,2.0,2.0,2.5988874435424805,1,66,0.8399626913288226,0.7116896887768027,0.7758261900528127,0,0,0.0,0,0,0,65,0,18.47521138191223,66,66,1,P1,0.8399626913288226,0.7116896887768027,0.7758261900528127
dogs-jump,2,greedy,fog,0,2.0,2.0,2.5988874435424805,1,66,0.12140437071776755,0.11485350125669214,0.11812893598722984,0,0,0.0,0,0,0,65,0,15.522068500518799,66,66,1,P1,0.12140437071776755,0.11485350125669214,0.11812893598722984
dogs-jump,3,greedy,fog,0,2.0,2.0,2.5988874435424805,1,66,0.9209510446063388,0.8458124732868365,0.8833817589465877,0,0,0.0,0,0,0,65,0,13.287358283996582,66,66,1,P1,0.9209510446063388,0.8458124732868365,0.8833817589465877
dogs-jump,1,greedy,fog,0,3.0,3.000000238418579,3.8983314037323,1,66,0.4983172112953949,0.46343062391335627,0.4808739176043756,0,0,0.0,0,0,0,65,0,13.785649061203003,66,66,1,P1,0.4983172112953949,0.46343062391335627,0.4808739176043756
dogs-jump,2,greedy,fog,0,3.0,3.000000238418579,3.8983314037323,1,66,0.10403297887313769,0.11206782817212894,0.10805040352263331,0,0,0.0,0,0,0,65,0,14.807502508163452,66,66,1,P1,0.10403297887313769,0.11206782817212894,0.10805040352263331
dogs-jump,3,greedy,fog,0,3.0,3.000000238418579,3.8983314037323,1,66,0.830023684179642,0.7818923865553415,0.8059580353674918,0,0,0.0,0,0,0,65,0,14.36437463760376,66,66,1,P1,0.830023684179642,0.7818923865553415,0.8059580353674918
dogs-jump,1,greedy,fog,0,4.0,3.9751174449920654,5.0,1,66,0.4456155234932778,0.40729512953798874,0.4264553265156333,0,0,0.0,0,0,0,65,0,13.097030878067017,66,66,1,P1,0.4456155234932778,0.40729512953798874,0.4264553265156333
dogs-jump,2,greedy,fog,0,4.0,3.9751174449920654,5.0,1,66,0.08681407302989501,0.09161465614928725,0.08921436458959113,0,0,0.0,0,0,0,65,0,14.949369668960571,66,66,1,P1,0.08681407302989501,0.09161465614928725,0.08921436458959113
dogs-jump,3,greedy,fog,0,4.0,3.9751174449920654,5.0,1,66,0.7705063181656898,0.7347605687511591,0.7526334434584245,0,0,0.0,0,0,0,65,0,17.65141248703003,66,66,1,P1,0.7705063181656898,0.7347605687511591,0.7526334434584245
dogs-jump,1,greedy,fog,0,5.0,4.522635459899902,5.0,1,66,0.42843197156160784,0.36980399412401516,0.3991179828428115,0,0,0.0,0,0,0,65,0,15.386825561523438,66,66,1,P1,0.42843197156160784,0.36980399412401516,0.3991179828428115
dogs-jump,2,greedy,fog,0,5.0,4.522635459899902,5.0,1,66,0.08354036302496459,0.08303148782306029,0.08328592542401245,0,0,0.0,0,0,0,65,0,17.491032361984253,66,66,1,P1,0.08354036302496459,0.08303148782306029,0.08328592542401245
dogs-jump,3,greedy,fog,0,5.0,4.522635459899902,5.0,1,66,0.7649836960338374,0.7184967810383726,0.7417402385361049,0,0,0.0,0,0,0,65,0,17.177059650421143,66,66,1,P1,0.7649836960338374,0.7184967810383726,0.7417402385361049
dogs-jump,1,greedy,sensor_noise,0,1.0,1.095472812652588,1.2994437217712402,1,66,0.8793264865706837,0.7698925920547267,0.8246095393127052,0,0,0.0,0,0,0,65,0,17.076001405715942,66,66,1,P1,0.8793264865706837,0.7698925920547267,0.8246095393127052
dogs-jump,2,greedy,sensor_noise,0,1.0,1.095472812652588,1.2994437217712402,1,66,0.12110918638630887,0.1212795392261884,0.12119436280624862,0,0,0.0,0,0,0,65,0,17.196988582611084,66,66,1,P1,0.12110918638630887,0.1212795392261884,0.12119436280624862
dogs-jump,3,greedy,sensor_noise,0,1.0,1.095472812652588,1.2994437217712402,1,66,0.9408809154611047,0.8704675388990838,0.9056742271800943,0,0,0.0,0,0,0,65,0,16.54402756690979,66,66,1,P1,0.9408809154611047,0.8704675388990838,0.9056742271800943
dogs-jump,1,greedy,sensor_noise,0,2.0,2.0,2.5988874435424805,1,66,0.8822418556675867,0.7673839847084046,0.8248129201879957,0,0,0.0,0,0,0,65,0,17.109354972839355,66,66,1,P1,0.8822418556675867,0.7673839847084046,0.8248129201879957
dogs-jump,2,greedy,sensor_noise,0,2.0,2.0,2.5988874435424805,1,66,0.11633189228829191,0.11894499360577136,0.11763844294703163,0,0,0.0,0,0,0,65,0,17.11524248123169,66,66,1,P1,0.11633189228829191,0.11894499360577136,0.11763844294703163
dogs-jump,3,greedy,sensor_noise,0,2.0,2.0,2.5988874435424805,1,66,0.9354305901381788,0.8633855466739567,0.8994080684060677,0,0,0.0,0,0,0,65,0,18.127612113952637,66,66,1,P1,0.9354305901381788,0.8633855466739567,0.8994080684060677
dogs-jump,1,greedy,sensor_noise,0,3.0,3.000000238418579,3.8983314037323,1,66,0.8644043615792674,0.7399513431435822,0.8021778523614248,0,0,0.0,0,0,0,65,0,17.460245609283447,66,66,1,P1,0.8644043615792674,0.7399513431435822,0.8021778523614248
dogs-jump,2,greedy,sensor_noise,0,3.0,3.000000238418579,3.8983314037323,1,66,0.11379517331320056,0.10778098162015469,0.11078807746667763,0,0,0.0,0,0,0,65,0,17.56203556060791,66,66,1,P1,0.11379517331320056,0.10778098162015469,0.11078807746667763
dogs-jump,3,greedy,sensor_noise,0,3.0,3.000000238418579,3.8983314037323,1,66,0.9098211473322643,0.8360000390429186,0.8729105931875915,0,0,0.0,0,0,0,65,0,14.272255897521973,66,66,1,P1,0.9098211473322643,0.8360000390429186,0.8729105931875915
dogs-jump,1,greedy,sensor_noise,0,4.0,3.9751174449920654,5.0,1,66,0.8459226033179734,0.7098982522530913,0.7779104277855324,0,0,0.0,0,0,0,65,0,15.636924743652344,66,66,1,P1,0.8459226033179734,0.7098982522530913,0.7779104277855324
dogs-jump,2,greedy,sensor_noise,0,4.0,3.9751174449920654,5.0,1,66,0.11369801857618289,0.10788359829719438,0.11079080843668863,0,0,0.0,0,0,0,65,0,14.67575216293335,66,66,1,P1,0.11369801857618289,0.10788359829719438,0.11079080843668863
dogs-jump,3,greedy,sensor_noise,0,4.0,3.9751174449920654,5.0,1,66,0.8701088699309721,0.7819971161355544,0.8260529930332633,0,0,0.0,0,0,0,65,0,15.05320143699646,66,66,1,P1,0.8701088699309721,0.7819971161355544,0.8260529930332633
dogs-jump,1,greedy,sensor_noise,0,5.0,4.522635459899902,5.0,1,66,0.8417149091681909,0.6996725547456466,0.7706937319569187,0,0,0.0,0,0,0,65,0,15.656500577926636,66,66,1,P1,0.8417149091681909,0.6996725547456466,0.7706937319569187
dogs-jump,2,greedy,sensor_noise,0,5.0,4.522635459899902,5.0,1,66,0.11250088788804953,0.10619908174726626,0.1093499848176579,0,0,0.0,0,0,0,65,0,17.145958185195923,66,66,1,P1,0.11250088788804953,0.10619908174726626,0.1093499848176579
dogs-jump,3,greedy,sensor_noise,0,5.0,4.522635459899902,5.0,1,66,0.8636974985659283,0.7726731402190355,0.818185319392482,0,0,0.0,0,0,0,65,0,14.501808166503906,66,66,1,P1,0.8636974985659283,0.7726731402190355,0.818185319392482
dogs-jump,1,greedy,C1_fog_noise,1,1.0,1.095472812652588,1.2994437217712402,1,66,0.8086485344313961,0.6665507551863495,0.7375996448088729,0,0,0.0,0,0,0,65,0,16.327043294906616,66,66,1,P1,0.8086485344313961,0.6665507551863495,0.7375996448088729
dogs-jump,2,greedy,C1_fog_noise,1,1.0,1.095472812652588,1.2994437217712402,1,66,0.1210626013982496,0.12083844146963242,0.12095052143394101,0,0,0.0,0,0,0,65,0,16.760181427001953,66,66,1,P1,0.1210626013982496,0.12083844146963242,0.12095052143394101
dogs-jump,3,greedy,C1_fog_noise,1,1.0,1.095472812652588,1.2994437217712402,1,66,0.9336438574741739,0.8585718821029062,0.8961078697885401,0,0,0.0,0,0,0,65,0,14.939658641815186,66,66,1,P1,0.9336438574741739,0.8585718821029062,0.8961078697885401
dogs-jump,1,greedy,C1_fog_noise,1,2.0,2.0,2.5988874435424805,1,66,0.7043491953718966,0.5409305825374705,0.6226398889546836,0,0,0.0,0,0,0,65,0,14.575674772262573,66,66,1,P1,0.7043491953718966,0.5409305825374705,0.6226398889546836
dogs-jump,2,greedy,C1_fog_noise,1,2.0,2.0,2.5988874435424805,1,66,0.14759459256429433,0.11564956112572844,0.13162207684501137,0,0,0.0,0,0,0,65,0,15.820350646972656,66,66,1,P1,0.14759459256429433,0.11564956112572844,0.13162207684501137
dogs-jump,3,greedy,C1_fog_noise,1,2.0,2.0,2.5988874435424805,1,66,0.36046991440642534,0.3931456456187584,0.37680778001259185,0,0,0.0,0,0,0,65,0,13.49384617805481,66,66,1,P1,0.36046991440642534,0.3931456456187584,0.37680778001259185
dogs-jump,1,greedy,C1_fog_noise,1,3.0,3.000000238418579,3.8983314037323,1,66,0.3685489373146585,0.2978247815395105,0.3331868594270845,0,0,0.0,0,0,0,65,0,13.837203741073608,66,66,1,P1,0.3685489373146585,0.2978247815395105,0.3331868594270845
dogs-jump,2,greedy,C1_fog_noise,1,3.0,3.000000238418579,3.8983314037323,1,66,0.0994315705971129,0.07959695203482962,0.08951426131597126,0,0,0.0,0,0,0,65,0,13.937209129333496,66,66,1,P1,0.0994315705971129,0.07959695203482962,0.08951426131597126
dogs-jump,3,greedy,C1_fog_noise,1,3.0,3.000000238418579,3.8983314037323,1,66,0.8106368617243538,0.7078115234886103,0.759224192606482,0,0,0.0,0,0,0,65,0,17.261712789535522,66,66,1,P1,0.8106368617243538,0.7078115234886103,0.759224192606482
dogs-jump,1,greedy,C1_fog_noise,1,4.0,3.9751174449920654,5.0,1,66,0.14162995434616832,0.13790092308983054,0.13976543871799943,0,0,0.0,0,0,0,65,0,15.361440420150757,66,66,1,P1,0.14162995434616832,0.13790092308983054,0.13976543871799943
dogs-jump,2,greedy,C1_fog_noise,1,4.0,3.9751174449920654,5.0,1,66,0.07417436366544894,0.042688928500705235,0.05843164608307709,0,0,0.0,0,0,0,65,0,18.03002119064331,66,66,1,P1,0.07417436366544894,0.042688928500705235,0.05843164608307709
dogs-jump,3,greedy,C1_fog_noise,1,4.0,3.9751174449920654,5.0,1,66,0.290079676678817,0.2645770427336715,0.27732835970624425,0,0,0.0,0,0,0,65,0,19.43402862548828,66,66,1,P1,0.290079676678817,0.2645770427336715,0.27732835970624425
dogs-jump,1,greedy,C1_fog_noise,1,5.0,4.522635459899902,5.0,1,66,0.13323219723403695,0.10701065068575694,0.12012142395989694,0,0,0.0,0,0,0,65,0,16.48688244819641,66,66,1,P1,0.13323219723403695,0.10701065068575694,0.12012142395989694
dogs-jump,2,greedy,C1_fog_noise,1,5.0,4.522635459899902,5.0,1,66,0.07314851007895729,0.044130367983008886,0.058639439030983086,0,0,0.0,0,0,0,65,0,16.370309829711914,66,66,1,P1,0.07314851007895729,0.044130367983008886,0.058639439030983086
dogs-jump,3,greedy,C1_fog_noise,1,5.0,4.522635459899902,5.0,1,66,0.2638035444531228,0.22713006171660488,0.24546680308486385,0,0,0.0,0,0,0,65,0,16.777989149093628,66,66,1,P1,0.2638035444531228,0.22713006171660488,0.24546680308486385
drift-chicane,1,greedy,fog,0,1.0,1.0956943035125732,1.2999013662338257,1,52,0.1078586099164662,0.23525399098833363,0.17155630045239992,0,0,0.0,0,0,0,51,0,13.539801597595215,52,52,1,P1,0.1078586099164662,0.23525399098833363,0.17155630045239992
drift-chicane,1,greedy,fog,0,2.0,2.000000238418579,2.5998027324676514,1,52,0.22264916900021064,0.2516846169552361,0.23716689297772336,0,0,0.0,0,0,0,51,0,12.469879865646362,52,52,1,P1,0.22264916900021064,0.2516846169552361,0.23716689297772336
drift-chicane,1,greedy,fog,0,3.0,2.999999761581421,3.8997039794921875,1,52,0.45297125363417934,0.33897117687790956,0.39597121525604445,0,0,0.0,0,0,0,51,0,13.35674786567688,52,52,1,P1,0.45297125363417934,0.33897117687790956,0.39597121525604445
drift-chicane,1,greedy,fog,0,4.0,3.9748661518096924,5.0,1,52,0.42633263014467343,0.3202255629275411,0.37327909653610725,0,0,0.0,0,0,0,51,0,12.793144226074219,52,52,1,P1,0.42633263014467343,0.3202255629275411,0.37327909653610725
drift-chicane,1,greedy,fog,0,5.0,4.521529197692871,5.0,1,52,0.4008173766088418,0.2993444123184228,0.35008089446363233,0,0,0.0,0,0,0,51,0,14.063988447189331,52,52,1,P1,0.4008173766088418,0.2993444123184228,0.35008089446363233
drift-chicane,1,greedy,sensor_noise,0,1.0,1.0956943035125732,1.2999013662338257,1,52,0.0966334200502284,0.2265887947235029,0.16161110738686565,0,0,0.0,0,0,0,51,0,12.292144298553467,52,52,1,P1,0.0966334200502284,0.2265887947235029,0.16161110738686565
drift-chicane,1,greedy,sensor_noise,0,2.0,2.000000238418579,2.5998027324676514,1,52,0.10347399869128864,0.23062626468559191,0.16705013168844027,0,0,0.0,0,0,0,51,0,12.44634222984314,52,52,1,P1,0.10347399869128864,0.23062626468559191,0.16705013168844027
drift-chicane,1,greedy,sensor_noise,0,3.0,2.999999761581421,3.8997039794921875,1,52,0.09393853529533112,0.22390575806328544,0.1589221466793083,0,0,0.0,0,0,0,51,0,11.104712009429932,52,52,1,P1,0.09393853529533112,0.22390575806328544,0.1589221466793083
drift-chicane,1,greedy,sensor_noise,0,4.0,3.9748661518096924,5.0,1,52,0.09557561994221574,0.22637033691830155,0.16097297843025865,0,0,0.0,0,0,0,51,0,12.33875322341919,52,52,1,P1,0.09557561994221574,0.22637033691830155,0.16097297843025865
drift-chicane,1,greedy,sensor_noise,0,5.0,4.521529197692871,5.0,1,52,0.1100059896895998,0.2175708877306962,0.163788438710148,0,0,0.0,0,0,0,51,0,10.850329875946045,52,52,1,P1,0.1100059896895998,0.2175708877306962,0.163788438710148
drift-chicane,1,greedy,C1_fog_noise,1,1.0,1.0956943035125732,1.2999013662338257,1,52,0.10676899635101657,0.21029310472947849,0.15853105054024752,0,0,0.0,0,0,0,51,0,11.145455837249756,52,52,1,P1,0.10676899635101657,0.21029310472947849,0.15853105054024752
drift-chicane,1,greedy,C1_fog_noise,1,2.0,2.000000238418579,2.5998027324676514,1,52,0.3571298357803058,0.2835584876537479,0.32034416171702684,0,0,0.0,0,0,0,51,0,12.91039514541626,52,52,1,P1,0.3571298357803058,0.2835584876537479,0.32034416171702684
drift-chicane,1,greedy,C1_fog_noise,1,3.0,2.999999761581421,3.8997039794921875,1,52,0.30282634293384575,0.2046048416139153,0.2537155922738805,0,0,0.0,0,0,0,51,0,14.367639541625977,52,52,1,P1,0.30282634293384575,0.2046048416139153,0.2537155922738805
drift-chicane,1,greedy,C1_fog_noise,1,4.0,3.9748661518096924,5.0,1,52,0.2532399510663474,0.14744434561257463,0.200342148339461,0,0,0.0,0,0,0,51,0,13.666381597518921,52,52,1,P1,0.2532399510663474,0.14744434561257463,0.200342148339461
drift-chicane,1,greedy,C1_fog_noise,1,5.0,4.521529197692871,5.0,1,52,0.22424383198459336,0.13261099307525692,0.17842741252992514,0,0,0.0,0,0,0,51,0,13.683124303817749,52,52,1,P1,0.22424383198459336,0.13261099307525692,0.17842741252992514
drift-straight,1,greedy,fog,0,1.0,1.095554232597351,1.299994945526123,1,50,0.9434423886159364,0.7189034220008058,0.8311729053083712,0,0,0.0,0,0,0,49,0,13.18092155456543,50,50,1,P1,0.9434423886159364,0.7189034220008058,0.8311729053083712
drift-straight,1,greedy,fog,0,2.0,2.0,2.599989891052246,1,50,0.9439522627160312,0.6989326626102943,0.8214424626631627,0,0,0.0,0,0,0,49,0,14.220020771026611,50,50,1,P1,0.9439522627160312,0.6989326626102943,0.8214424626631627
drift-straight,1,greedy,fog,0,3.0,3.0,3.899984836578369,1,50,0.6089796192398407,0.43978015815922683,0.5243798886995338,0,0,0.0,0,0,0,49,0,11.924604654312134,50,50,1,P1,0.6089796192398407,0.43978015815922683,0.5243798886995338
drift-straight,1,greedy,fog,0,4.0,3.9748945236206055,5.0,1,50,0.5857869359985272,0.38355911090063416,0.48467302344958063,0,0,0.0,0,0,0,49,0,14.461272239685059,50,50,1,P1,0.5857869359985272,0.38355911090063416,0.48467302344958063
drift-straight,1,greedy,fog,0,5.0,4.522229194641113,5.0,1,50,0.5791399702953197,0.35715813196080903,0.4681490511280644,0,0,0.0,0,0,0,49,0,12.710651874542236,50,50,1,P1,0.5791399702953197,0.35715813196080903,0.4681490511280644
drift-straight,1,greedy,sensor_noise,0,1.0,1.095554232597351,1.299994945526123,1,50,0.9269656280993391,0.6925189909296315,0.8097423095144853,0,0,0.0,0,0,0,49,0,13.54227328300476,50,50,1,P1,0.9269656280993391,0.6925189909296315,0.8097423095144853
drift-straight,1,greedy,sensor_noise,0,2.0,2.0,2.599989891052246,1,50,0.6635479632278458,0.5044997954520717,0.5840238793399588,0,0,0.0,0,0,0,49,0,12.874459266662598,50,50,1,P1,0.6635479632278458,0.5044997954520717,0.5840238793399588
drift-straight,1,greedy,sensor_noise,0,3.0,3.0,3.899984836578369,1,50,0.762773666500483,0.5362610498079796,0.6495173581542313,0,0,0.0,0,0,0,49,0,12.351084232330322,50,50,1,P1,0.762773666500483,0.5362610498079796,0.6495173581542313
drift-straight,1,greedy,sensor_noise,0,4.0,3.9748945236206055,5.0,1,50,0.659611659018769,0.4868256076467016,0.5732186333327353,0,0,0.0,0,0,0,49,0,12.43008041381836,50,50,1,P1,0.659611659018769,0.4868256076467016,0.5732186333327353
drift-straight,1,greedy,sensor_noise,0,5.0,4.522229194641113,5.0,1,50,0.6537310683544066,0.47859997043202945,0.566165519393218,0,0,0.0,0,0,0,49,0,11.824020147323608,50,50,1,P1,0.6537310683544066,0.47859997043202945,0.566165519393218
drift-straight,1,greedy,C1_fog_noise,1,1.0,1.095554232597351,1.299994945526123,1,50,0.9401891982363755,0.6990129723757426,0.819601085306059,0,0,0.0,0,0,0,49,0,12.083425283432007,50,50,1,P1,0.9401891982363755,0.6990129723757426,0.819601085306059
drift-straight,1,greedy,C1_fog_noise,1,2.0,2.0,2.599989891052246,1,50,0.9192766666904119,0.6129613839660806,0.7661190253282462,0,0,0.0,0,0,0,49,0,13.201741456985474,50,50,1,P1,0.9192766666904119,0.6129613839660806,0.7661190253282462
drift-straight,1,greedy,C1_fog_noise,1,3.0,3.0,3.899984836578369,1,50,0.5557226453531636,0.29153152706658325,0.42362708620987344,0,0,0.0,0,0,0,49,0,11.141617059707642,50,50,1,P1,0.5557226453531636,0.29153152706658325,0.42362708620987344
drift-straight,1,greedy,C1_fog_noise,1,4.0,3.9748945236206055,5.0,1,50,0.504556859400612,0.22716783245536618,0.3658623459279891,0,0,0.0,0,0,0,49,0,11.687833786010742,50,50,1,P1,0.504556859400612,0.22716783245536618,0.3658623459279891
drift-straight,1,greedy,C1_fog_noise,1,5.0,4.522229194641113,5.0,1,50,0.2487442896795008,0.114882234724562,0.1818132622020314,0,0,0.0,0,0,0,49,0,12.649728536605835,50,50,1,P1,0.2487442896795008,0.114882234724562,0.1818132622020314
goat,1,greedy,fog,0,1.0,1.0954726934432983,1.2997480630874634,1,90,0.92547936926894,0.7128593076328396,0.8191693384508898,0,0,0.0,0,0,0,89,0,20.774564266204834,90,90,1,P1,0.92547936926894,0.7128593076328396,0.8191693384508898
goat,1,greedy,fog,0,2.0,2.0,2.5994961261749268,1,90,0.9192807175697911,0.6934400525833264,0.8063603850765588,0,0,0.0,0,0,0,89,0,19.805779218673706,90,90,1,P1,0.9192807175697911,0.6934400525833264,0.8063603850765588
goat,1,greedy,fog,0,3.0,3.0,3.8992443084716797,1,90,0.9016390776388051,0.6465569389659476,0.7740980083023763,0,0,0.0,0,0,0,89,0,20.24173617362976,90,90,1,P1,0.9016390776388051,0.6465569389659476,0.7740980083023763
goat,1,greedy,fog,0,4.0,3.975283145904541,5.0,1,90,0.8594023199602322,0.547419589793551,0.7034109548768916,0,0,0.0,0,0,0,89,0,19.973405838012695,90,90,1,P1,0.8594023199602322,0.547419589793551,0.7034109548768916
goat,1,greedy,fog,0,5.0,4.522636890411377,5.0,1,90,0.8109695249787894,0.47557245869414416,0.6432709918364667,0,0,0.0,0,0,0,89,0,20.805533409118652,90,90,1,P1,0.8109695249787894,0.47557245869414416,0.6432709918364667
goat,1,greedy,sensor_noise,0,1.0,1.0954726934432983,1.2997480630874634,1,90,0.9263609772660126,0.7158985408199052,0.8211297590429589,0,0,0.0,0,0,0,89,0,22.534541606903076,90,90,1,P1,0.9263609772660126,0.7158985408199052,0.8211297590429589
goat,1,greedy,sensor_noise,0,2.0,2.0,2.5994961261749268,1,90,0.9225900188578318,0.7062132623230326,0.8144016405904322,0,0,0.0,0,0,0,89,0,20.916393995285034,90,90,1,P1,0.9225900188578318,0.7062132623230326,0.8144016405904322
goat,1,greedy,sensor_noise,0,3.0,3.0,3.8992443084716797,1,90,0.9139799678487995,0.6793839699808941,0.7966819689148468,0,0,0.0,0,0,0,89,0,18.7995765209198,90,90,1,P1,0.9139799678487995,0.6793839699808941,0.7966819689148468
goat,1,greedy,sensor_noise,0,4.0,3.975283145904541,5.0,1,90,0.9030066363608333,0.6486724642261037,0.7758395502934685,0,0,0.0,0,0,0,89,0,23.650497436523438,90,90,1,P1,0.9030066363608333,0.6486724642261037,0.7758395502934685
goat,1,greedy,sensor_noise,0,5.0,4.522636890411377,5.0,1,90,0.8972532779942967,0.6336628243667384,0.7654580511805176,0,0,0.0,0,0,0,89,0,22.94762635231018,90,90,1,P1,0.8972532779942967,0.6336628243667384,0.7654580511805176
goat,1,greedy,C1_fog_noise,1,1.0,1.0954726934432983,1.2997480630874634,1,90,0.9220016581238879,0.7015575544310935,0.8117796062774907,0,0,0.0,0,0,0,89,0,24.372422695159912,90,90,1,P1,0.9220016581238879,0.7015575544310935,0.8117796062774907
goat,1,greedy,C1_fog_noise,1,2.0,2.0,2.5994961261749268,1,90,0.871315333821162,0.567839251387829,0.7195772926044954,0,0,0.0,0,0,0,89,0,23.939478158950806,90,90,1,P1,0.871315333821162,0.567839251387829,0.7195772926044954
goat,1,greedy,C1_fog_noise,1,3.0,3.0,3.8992443084716797,1,90,0.7586455371464018,0.3702379399283684,0.5644417385373851,0,0,0.0,0,0,0,89,0,22.974270820617676,90,90,1,P1,0.7586455371464018,0.3702379399283684,0.5644417385373851
goat,1,greedy,C1_fog_noise,1,4.0,3.975283145904541,5.0,1,90,0.5172487976175225,0.19681367800879015,0.3570312378131563,0,0,0.0,0,0,0,89,0,24.071318864822388,90,90,1,P1,0.5172487976175225,0.19681367800879015,0.3570312378131563
goat,1,greedy,C1_fog_noise,1,5.0,4.522636890411377,5.0,1,90,0.5116237062288973,0.15883243087157856,0.3352280685502379,0,0,0.0,0,0,0,89,0,23.122429847717285,90,90,1,P1,0.5116237062288973,0.15883243087157856,0.3352280685502379
gold-fish,1,greedy,fog,0,1.0,1.095465064048767,1.2998311519622803,1,78,0.902814177048591,0.7388962303100387,0.8208552036793149,0,0,0.0,0,0,0,77,0,20.251018285751343,78,78,1,P1,0.902814177048591,0.7388962303100387,0.8208552036793149
gold-fish,2,greedy,fog,0,1.0,1.095465064048767,1.2998311519622803,1,78,0.8628398194529149,0.7538980379375513,0.8083689286952331,0,0,0.0,0,0,0,77,0,19.920817375183105,78,78,1,P1,0.8628398194529149,0.7538980379375513,0.8083689286952331
gold-fish,3,greedy,fog,0,1.0,1.095465064048767,1.2998311519622803,1,78,0.89897916283655,0.7672049280559712,0.8330920454462606,0,0,0.0,0,0,0,77,0,21.195075273513794,78,78,1,P1,0.89897916283655,0.7672049280559712,0.8330920454462606
gold-fish,4,greedy,fog,0,1.0,1.095465064048767,1.2998311519622803,1,78,0.9165590217979581,0.8038237434482304,0.8601913826230942,0,0,0.0,0,0,0,77,0,20.275476694107056,78,78,1,P1,0.9165590217979581,0.8038237434482304,0.8601913826230942
gold-fish,5,greedy,fog,0,1.0,1.095465064048767,1.2998311519622803,1,78,0.901387250098472,0.7206349826727793,0.8110111163856256,0,0,0.0,0,0,0,77,0,19.007129669189453,78,78,1,P1,0.901387250098472,0.7206349826727793,0.8110111163856256
gold-fish,1,greedy,fog,0,2.0,2.000000238418579,2.5996623039245605,1,78,0.881155101851405,0.7043183310311042,0.7927367164412547,0,0,0.0,0,0,0,77,0,20.323092222213745,78,78,1,P1,0.881155101851405,0.7043183310311042,0.7927367164412547
gold-fish,2,greedy,fog,0,2.0,2.000000238418579,2.5996623039245605,1,78,0.8541498677609217,0.7452281750575442,0.7996890214092329,0,0,0.0,0,0,0,77,0,18.273621797561646,78,78,1,P1,0.8541498677609217,0.7452281750575442,0.7996890214092329
gold-fish,3,greedy,fog,0,2.0,2.000000238418579,2.5996623039245605,1,78,0.8656453316010689,0.7238347545528148,0.7947400430769418,0,0,0.0,0,0,0,77,0,17.857749700546265,78,78,1,P1,0.8656453316010689,0.7238347545528148,0.7947400430769418
gold-fish,4,greedy,fog,0,2.0,2.000000238418579,2.5996623039245605,1,78,0.8652542889572399,0.7210940878271382,0.793174188392189,0,0,0.0,0,0,0,77,0,20.257739782333374,78,78,1,P1,0.8652542889572399,0.7210940878271382,0.793174188392189
gold-fish,5,greedy,fog,0,2.0,2.000000238418579,2.5996623039245605,1,78,0.8676325528028019,0.6395472363114505,0.7535898945571262,0,0,0.0,0,0,0,77,0,19.17219638824463,78,78,1,P1,0.8676325528028019,0.6395472363114505,0.7535898945571262
gold-fish,1,greedy,fog,0,3.0,2.999999761581421,3.899493455886841,1,78,0.7379785963581835,0.5446916497918546,0.641335123075019,0,0,0.0,0,0,0,77,0,16.866756200790405,78,78,1,P1,0.7379785963581835,0.5446916497918546,0.641335123075019
gold-fish,2,greedy,fog,0,3.0,2.999999761581421,3.899493455886841,1,78,0.811516637816622,0.6865934949334288,0.7490550663750254,0,0,0.0,0,0,0,77,0,17.22710394859314,78,78,1,P1,0.811516637816622,0.6865934949334288,0.7490550663750254
gold-fish,3,greedy,fog,0,3.0,2.999999761581421,3.899493455886841,1,78,0.7476767677424001,0.5982222874288096,0.6729495275856048,0,0,0.0,0,0,0,77,0,18.542545795440674,78,78,1,P1,0.7476767677424001,0.5982222874288096,0.6729495275856048
gold-fish,4,greedy,fog,0,3.0,2.999999761581421,3.899493455886841,1,78,0.8060837908473246,0.6319944971987554,0.71903914402304,0,0,0.0,0,0,0,77,0,17.825262308120728,78,78,1,P1,0.8060837908473246,0.6319944971987554,0.71903914402304
gold-fish,5,greedy,fog,0,3.0,2.999999761581421,3.899493455886841,1,78,0.7517083080182392,0.4316506720072748,0.591679490012757,0,0,0.0,0,0,0,77,0,16.098747968673706,78,78,1,P1,0.7517083080182392,0.4316506720072748,0.591679490012757
gold-fish,1,greedy,fog,0,4.0,3.9752306938171387,5.0,1,78,0.6121004569901304,0.4060898937455803,0.5090951753678553,0,0,0.0,0,0,0,77,0,16.770519495010376,78,78,1,P1,0.6121004569901304,0.4060898937455803,0.5090951753678553
gold-fish,2,greedy,fog,0,4.0,3.9752306938171387,5.0,1,78,0.8301119691434721,0.6622519129067211,0.7461819410250966,0,0,0.0,0,0,0,77,0,16.189377069473267,78,78,1,P1,0.8301119691434721,0.6622519129067211,0.7461819410250966
gold-fish,3,greedy,fog,0,4.0,3.9752306938171387,5.0,1,78,0.684014918357151,0.5002816597397326,0.5921482890484417,0,0,0.0,0,0,0,77,0,16.07294750213623,78,78,1,P1,0.684014918357151,0.5002816597397326,0.5921482890484417
gold-fish,4,greedy,fog,0,4.0,3.9752306938171387,5.0,1,78,0.711697021433292,0.5002823333662733,0.6059896773997826,0,0,0.0,0,0,0,77,0,16.14091444015503,78,78,1,P1,0.711697021433292,0.5002823333662733,0.6059896773997826
gold-fish,5,greedy,fog,0,4.0,3.9752306938171387,5.0,1,78,0.6651909350790131,0.29377516345299326,0.47948304926600316,0,0,0.0,0,0,0,77,0,16.181785106658936,78,78,1,P1,0.6651909350790131,0.29377516345299326,0.47948304926600316
gold-fish,1,greedy,fog,0,5.0,4.522674560546875,5.0,1,78,0.5861059365608988,0.36377328697669253,0.4749396117687957,0,0,0.0,0,0,0,77,0,16.371378898620605,78,78,1,P1,0.5861059365608988,0.36377328697669253,0.4749396117687957
gold-fish,2,greedy,fog,0,5.0,4.522674560546875,5.0,1,78,0.5224798982462278,0.4529441164560032,0.4877120073511155,0,0,0.0,0,0,0,77,0,17.772217273712158,78,78,1,P1,0.5224798982462278,0.4529441164560032,0.4877120073511155
gold-fish,3,greedy,fog,0,5.0,4.522674560546875,5.0,1,78,0.6772457443571129,0.46350880300798764,0.5703772736825503,0,0,0.0,0,0,0,77,0,17.029967546463013,78,78,1,P1,0.6772457443571129,0.46350880300798764,0.5703772736825503
gold-fish,4,greedy,fog,0,5.0,4.522674560546875,5.0,1,78,0.7344914822953245,0.48715359341904996,0.6108225378571872,0,0,0.0,0,0,0,77,0,16.930084466934204,78,78,1,P1,0.7344914822953245,0.48715359341904996,0.6108225378571872
gold-fish,5,greedy,fog,0,5.0,4.522674560546875,5.0,1,78,0.6212291029476615,0.22939650258112984,0.4253128027643957,0,0,0.0,0,0,0,77,0,17.01311182975769,78,78,1,P1,0.6212291029476615,0.22939650258112984,0.4253128027643957
gold-fish,1,greedy,sensor_noise,0,1.0,1.095465064048767,1.2998311519622803,1,78,0.9010612006779264,0.7280456786100992,0.8145534396440128,0,0,0.0,0,0,0,77,0,16.620853662490845,78,78,1,P1,0.9010612006779264,0.7280456786100992,0.8145534396440128
gold-fish,2,greedy,sensor_noise,0,1.0,1.095465064048767,1.2998311519622803,1,78,0.9018319643660633,0.794500747299758,0.8481663558329107,0,0,0.0,0,0,0,77,0,16.033985376358032,78,78,1,P1,0.9018319643660633,0.794500747299758,0.8481663558329107
gold-fish,3,greedy,sensor_noise,0,1.0,1.095465064048767,1.2998311519622803,1,78,0.8877140964611068,0.7421079244248997,0.8149110104430033,0,0,0.0,0,0,0,77,0,15.922425508499146,78,78,1,P1,0.8877140964611068,0.7421079244248997,0.8149110104430033
gold-fish,4,greedy,sensor_noise,0,1.0,1.095465064048767,1.2998311519622803,1,78,0.9270514176338701,0.8268094331176861,0.8769304253757781,0,0,0.0,0,0,0,77,0,15.889118432998657,78,78,1,P1,0.9270514176338701,0.8268094331176861,0.8769304253757781
gold-fish,5,greedy,sensor_noise,0,1.0,1.095465064048767,1.2998311519622803,1,78,0.9202688227594155,0.7480636146159602,0.8341662186876878,0,0,0.0,0,0,0,77,0,16.176457405090332,78,78,1,P1,0.9202688227594155,0.7480636146159602,0.8341662186876878
gold-fish,1,greedy,sensor_noise,0,2.0,2.000000238418579,2.5996623039245605,1,78,0.8975377767159975,0.7214577561712201,0.8094977664436088,0,0,0.0,0,0,0,77,0,19.237104892730713,78,78,1,P1,0.8975377767159975,0.7214577561712201,0.8094977664436088
gold-fish,2,greedy,sensor_noise,0,2.0,2.000000238418579,2.5996623039245605,1,78,0.8969331881157541,0.7899435461811827,0.8434383671484684,0,0,0.0,0,0,0,77,0,20.560088396072388,78,78,1,P1,0.8969331881157541,0.7899435461811827,0.8434383671484684
gold-fish,3,greedy,sensor_noise,0,2.0,2.000000238418579,2.5996623039245605,1,78,0.8830657799791766,0.7376333171518388,0.8103495485655077,0,0,0.0,0,0,0,77,0,19.227418184280396,78,78,1,P1,0.8830657799791766,0.7376333171518388,0.8103495485655077
gold-fish,4,greedy,sensor_noise,0,2.0,2.000000238418579,2.5996623039245605,1,78,0.92241562002238,0.8126774768493116,0.8675465484358458,0,0,0.0,0,0,0,77,0,20.348633766174316,78,78,1,P1,0.92241562002238,0.8126774768493116,0.8675465484358458
gold-fish,5,greedy,sensor_noise,0,2.0,2.000000238418579,2.5996623039245605,1,78,0.9402013274829277,0.7594391271213826,0.8498202273021551,0,0,0.0,0,0,0,77,0,21.277618408203125,78,78,1,P1,0.9402013274829277,0.7594391271213826,0.8498202273021551
gold-fish,1,greedy,sensor_noise,0,3.0,2.999999761581421,3.899493455886841,1,78,0.8903153333008609,0.7126355741455414,0.8014754537232012,0,0,0.0,0,0,0,77,0,20.468945026397705,78,78,1,P1,0.8903153333008609,0.7126355741455414,0.8014754537232012
gold-fish,2,greedy,sensor_noise,0,3.0,2.999999761581421,3.899493455886841,1,78,0.8898905374762953,0.7780235107375986,0.8339570241069469,0,0,0.0,0,0,0,77,0,21.051063060760498,78,78,1,P1,0.8898905374762953,0.7780235107375986,0.8339570241069469
gold-fish,3,greedy,sensor_noise,0,3.0,2.999999761581421,3.899493455886841,1,78,0.8710666316482685,0.7160396037045209,0.7935531176763947,0,0,0.0,0,0,0,77,0,19.45358157157898,78,78,1,P1,0.8710666316482685,0.7160396037045209,0.7935531176763947
gold-fish,4,greedy,sensor_noise,0,3.0,2.999999761581421,3.899493455886841,1,78,0.9183217755009898,0.7986838823793645,0.8585028289401772,0,0,0.0,0,0,0,77,0,21.63001012802124,78,78,1,P1,0.9183217755009898,0.7986838823793645,0.8585028289401772
gold-fish,5,greedy,sensor_noise,0,3.0,2.999999761581421,3.899493455886841,1,78,0.9341700789412345,0.7416019162492709,0.8378859975952526,0,0,0.0,0,0,0,77,0,19.936575651168823,78,78,1,P1,0.9341700789412345,0.7416019162492709,0.8378859975952526
gold-fish,1,greedy,sensor_noise,0,4.0,3.9752306938171387,5.0,1,78,0.8840235305045312,0.6937369845954688,0.78888025755,0,0,0.0,0,0,0,77,0,23.749801635742188,78,78,1,P1,0.8840235305045312,0.6937369845954688,0.78888025755
gold-fish,2,greedy,sensor_noise,0,4.0,3.9752306938171387,5.0,1,78,0.8870113747624887,0.7726060708867033,0.8298087228245961,0,0,0.0,0,0,0,77,0,20.15669012069702,78,78,1,P1,0.8870113747624887,0.7726060708867033,0.8298087228245961
gold-fish,3,greedy,sensor_noise,0,4.0,3.9752306938171387,5.0,1,78,0.867652807641366,0.719387075820442,0.793519941730904,0,0,0.0,0,0,0,77,0,21.89157485961914,78,78,1,P1,0.867652807641366,0.719387075820442,0.793519941730904
gold-fish,4,greedy,sensor_noise,0,4.0,3.9752306938171387,5.0,1,78,0.914120152214692,0.7854700477541412,0.8497950999844166,0,0,0.0,0,0,0,77,0,18.859986782073975,78,78,1,P1,0.914120152214692,0.7854700477541412,0.8497950999844166
gold-fish,5,greedy,sensor_noise,0,4.0,3.9752306938171387,5.0,1,78,0.9222401219065992,0.7044996374488525,0.8133698796777258,0,0,0.0,0,0,0,77,0,17.275397300720215,78,78,1,P1,0.9222401219065992,0.7044996374488525,0.8133698796777258
gold-fish,1,greedy,sensor_noise,0,5.0,4.522674560546875,5.0,1,78,0.8801826505746834,0.6854363765693914,0.7828095135720374,0,0,0.0,0,0,0,77,0,17.1371328830719,78,78,1,P1,0.8801826505746834,0.6854363765693914,0.7828095135720374
gold-fish,2,greedy,sensor_noise,0,5.0,4.522674560546875,5.0,1,78,0.8860821983925202,0.7709007494476571,0.8284914739200886,0,0,0.0,0,0,0,77,0,20.343713760375977,78,78,1,P1,0.8860821983925202,0.7709007494476571,0.8284914739200886
gold-fish,3,greedy,sensor_noise,0,5.0,4.522674560546875,5.0,1,78,0.8653504792596962,0.712308268092165,0.7888293736759306,0,0,0.0,0,0,0,77,0,19.873618125915527,78,78,1,P1,0.8653504792596962,0.712308268092165,0.7888293736759306
gold-fish,4,greedy,sensor_noise,0,5.0,4.522674560546875,5.0,1,78,0.9117757104540848,0.7775886710941776,0.8446821907741312,0,0,0.0,0,0,0,77,0,17.86429524421692,78,78,1,P1,0.9117757104540848,0.7775886710941776,0.8446821907741312
gold-fish,5,greedy,sensor_noise,0,5.0,4.522674560546875,5.0,1,78,0.8720045912261737,0.6319760819423659,0.7519903365842697,0,0,0.0,0,0,0,77,0,17.21328830718994,78,78,1,P1,0.8720045912261737,0.6319760819423659,0.7519903365842697
gold-fish,1,greedy,C1_fog_noise,1,1.0,1.095465064048767,1.2998311519622803,1,78,0.8929877664342352,0.7130197795302441,0.8030037729822397,0,0,0.0,0,0,0,77,0,18.905120849609375,78,78,1,P1,0.8929877664342352,0.7130197795302441,0.8030037729822397
gold-fish,2,greedy,C1_fog_noise,1,1.0,1.095465064048767,1.2998311519622803,1,78,0.8973531786769902,0.7865834865543854,0.8419683326156877,0,0,0.0,0,0,0,77,0,16.093141794204712,78,78,1,P1,0.8973531786769902,0.7865834865543854,0.8419683326156877
gold-fish,3,greedy,C1_fog_noise,1,1.0,1.095465064048767,1.2998311519622803,1,78,0.8697797778195772,0.7287081254319968,0.799243951625787,0,0,0.0,0,0,0,77,0,18.455565929412842,78,78,1,P1,0.8697797778195772,0.7287081254319968,0.799243951625787
gold-fish,4,greedy,C1_fog_noise,1,1.0,1.095465064048767,1.2998311519622803,1,78,0.8966946632861568,0.7705954595395167,0.8336450614128368,0,0,0.0,0,0,0,77,0,16.864725351333618,78,78,1,P1,0.8966946632861568,0.7705954595395167,0.8336450614128368
gold-fish,5,greedy,C1_fog_noise,1,1.0,1.095465064048767,1.2998311519622803,1,78,0.8962244516339862,0.68642740564468,0.791325928639333,0,0,0.0,0,0,0,77,0,16.048820734024048,78,78,1,P1,0.8962244516339862,0.68642740564468,0.791325928639333
gold-fish,1,greedy,C1_fog_noise,1,2.0,2.000000238418579,2.5996623039245605,1,78,0.8574287555039188,0.6163529191344835,0.7368908373192011,0,0,0.0,0,0,0,77,0,20.199129581451416,78,78,1,P1,0.8574287555039188,0.6163529191344835,0.7368908373192011
gold-fish,2,greedy,C1_fog_noise,1,2.0,2.000000238418579,2.5996623039245605,1,78,0.8622885071294473,0.7316204171514651,0.7969544621404562,0,0,0.0,0,0,0,77,0,20.686200380325317,78,78,1,P1,0.8622885071294473,0.7316204171514651,0.7969544621404562
gold-fish,3,greedy,C1_fog_noise,1,2.0,2.000000238418579,2.5996623039245605,1,78,0.7495437513025873,0.5896099523315821,0.6695768518170847,0,0,0.0,0,0,0,77,0,18.795884132385254,78,78,1,P1,0.7495437513025873,0.5896099523315821,0.6695768518170847
gold-fish,4,greedy,C1_fog_noise,1,2.0,2.000000238418579,2.5996623039245605,1,78,0.8041784315672841,0.6178475874654207,0.7110130095163524,0,0,0.0,0,0,0,77,0,21.332693576812744,78,78,1,P1,0.8041784315672841,0.6178475874654207,0.7110130095163524
gold-fish,5,greedy,C1_fog_noise,1,2.0,2.000000238418579,2.5996623039245605,1,78,0.7566837333688947,0.4430994291491329,0.5998915812590138,0,0,0.0,0,0,0,77,0,18.751322984695435,78,78,1,P1,0.7566837333688947,0.4430994291491329,0.5998915812590138
gold-fish,1,greedy,C1_fog_noise,1,3.0,2.999999761581421,3.899493455886841,1,78,0.5989835855923794,0.3674365009451725,0.4832100432687759,0,0,0.0,0,0,0,77,0,21.27011275291443,78,78,1,P1,0.5989835855923794,0.3674365009451725,0.4832100432687759
gold-fish,2,greedy,C1_fog_noise,1,3.0,2.999999761581421,3.899493455886841,1,78,0.7597781916832519,0.5762403439403018,0.6680092678117768,0,0,0.0,0,0,0,77,0,19.765689849853516,78,78,1,P1,0.7597781916832519,0.5762403439403018,0.6680092678117768
gold-fish,3,greedy,C1_fog_noise,1,3.0,2.999999761581421,3.899493455886841,1,78,0.6717187405387105,0.46123869280933366,0.566478716674022,0,0,0.0,0,0,0,77,0,20.980567932128906,78,78,1,P1,0.6717187405387105,0.46123869280933366,0.566478716674022
gold-fish,4,greedy,C1_fog_noise,1,3.0,2.999999761581421,3.899493455886841,1,78,0.7430740304300278,0.4760126005966413,0.6095433155133345,0,0,0.0,0,0,0,77,0,21.04113221168518,78,78,1,P1,0.7430740304300278,0.4760126005966413,0.6095433155133345
gold-fish,5,greedy,C1_fog_noise,1,3.0,2.999999761581421,3.899493455886841,1,78,0.6742307081676541,0.26418891160914637,0.4692098098884002,0,0,0.0,0,0,0,77,0,23.635835886001587,78,78,1,P1,0.6742307081676541,0.26418891160914637,0.4692098098884002
gold-fish,1,greedy,C1_fog_noise,1,4.0,3.9752306938171387,5.0,1,78,0.11296248938850074,0.08580209067702722,0.09938229003276398,0,0,0.0,0,0,0,77,0,21.26697301864624,78,78,1,P1,0.11296248938850074,0.08580209067702722,0.09938229003276398
gold-fish,2,greedy,C1_fog_noise,1,4.0,3.9752306938171387,5.0,1,78,0.42085215789159364,0.2642933286361141,0.3425727432638539,0,0,0.0,0,0,0,77,0,22.513381719589233,78,78,1,P1,0.42085215789159364,0.2642933286361141,0.3425727432638539
gold-fish,3,greedy,C1_fog_noise,1,4.0,3.9752306938171387,5.0,1,78,0.5295080030357864,0.28537346224020566,0.407440732637996,0,0,0.0,0,0,0,77,0,21.155776739120483,78,78,1,P1,0.5295080030357864,0.28537346224020566,0.407440732637996
gold-fish,4,greedy,C1_fog_noise,1,4.0,3.9752306938171387,5.0,1,78,0.637672643985324,0.33221963516679787,0.4849461395760609,0,0,0.0,0,0,0,77,0,21.64726161956787,78,78,1,P1,0.637672643985324,0.33221963516679787,0.4849461395760609
gold-fish,5,greedy,C1_fog_noise,1,4.0,3.9752306938171387,5.0,1,78,0.493407235653918,0.13759369190395823,0.3155004637789381,0,0,0.0,0,0,0,77,0,21.414798259735107,78,78,1,P1,0.493407235653918,0.13759369190395823,0.3155004637789381
gold-fish,1,greedy,C1_fog_noise,1,5.0,4.522674560546875,5.0,1,78,0.11865521793671573,0.05552398821263763,0.08708960307467668,0,0,0.0,0,0,0,77,0,21.451824188232422,78,78,1,P1,0.11865521793671573,0.05552398821263763,0.08708960307467668
gold-fish,2,greedy,C1_fog_noise,1,5.0,4.522674560546875,5.0,1,78,0.2145256848635333,0.12762452504363225,0.17107510495358277,0,0,0.0,0,0,0,77,0,21.44499135017395,78,78,1,P1,0.2145256848635333,0.12762452504363225,0.17107510495358277
gold-fish,3,greedy,C1_fog_noise,1,5.0,4.522674560546875,5.0,1,78,0.49562143695321426,0.21090726295244316,0.35326434995282874,0,0,0.0,0,0,0,77,0,19.907673835754395,78,78,1,P1,0.49562143695321426,0.21090726295244316,0.35326434995282874
gold-fish,4,greedy,C1_fog_noise,1,5.0,4.522674560546875,5.0,1,78,0.5651664629286329,0.24331357741049237,0.4042400201695626,0,0,0.0,0,0,0,77,0,17.7977352142334,78,78,1,P1,0.5651664629286329,0.24331357741049237,0.4042400201695626
gold-fish,5,greedy,C1_fog_noise,1,5.0,4.522674560546875,5.0,1,78,0.41911179940558524,0.08325008958721344,0.2511809444963993,0,0,0.0,0,0,0,77,0,17.885329246520996,78,78,1,P1,0.41911179940558524,0.08325008958721344,0.2511809444963993
horsejump-high,1,greedy,fog,0,1.0,1.0954457521438599,1.2990961074829102,1,50,0.7698317646898616,0.6745024460234841,0.7221671053566728,0,0,0.0,0,0,0,49,0,13.458817720413208,50,50,1,P1,0.7698317646898616,0.6745024460234841,0.7221671053566728
horsejump-high,2,greedy,fog,0,1.0,1.0954457521438599,1.2990961074829102,1,50,0.8347745549638971,0.7865908536771484,0.8106827043205227,0,0,0.0,0,0,0,49,0,14.30604600906372,50,50,1,P1,0.8347745549638971,0.7865908536771484,0.8106827043205227
horsejump-high,1,greedy,fog,0,2.0,2.0,2.5981922149658203,1,50,0.7728552608665287,0.6730869552360912,0.7229711080513099,0,0,0.0,0,0,0,49,0,12.090441942214966,50,50,1,P1,0.7728552608665287,0.6730869552360912,0.7229711080513099
horsejump-high,2,greedy,fog,0,2.0,2.0,2.5981922149658203,1,50,0.8294654588193099,0.7829191116543632,0.8061922852368366,0,0,0.0,0,0,0,49,0,13.454728603363037,50,50,1,P1,0.8294654588193099,0.7829191116543632,0.8061922852368366
horsejump-high,1,greedy,fog,0,3.0,3.0,3.8972883224487305,1,50,0.7829868149440823,0.6684780260907651,0.7257324205174237,0,0,0.0,0,0,0,49,0,14.4881272315979,50,50,1,P1,0.7829868149440823,0.6684780260907651,0.7257324205174237
horsejump-high,2,greedy,fog,0,3.0,3.0,3.8972883224487305,1,50,0.8126244153929083,0.7591082211695762,0.7858663182812422,0,0,0.0,0,0,0,49,0,13.26060938835144,50,50,1,P1,0.8126244153929083,0.7591082211695762,0.7858663182812422
horsejump-high,1,greedy,fog,0,4.0,3.9755685329437256,5.0,1,50,0.7487622401833566,0.6247538251873115,0.686758032685334,0,0,0.0,0,0,0,49,0,12.81260061264038,50,50,1,P1,0.7487622401833566,0.6247538251873115,0.686758032685334
horsejump-high,2,greedy,fog,0,4.0,3.9755685329437256,5.0,1,50,0.6820825700968711,0.5911069760566537,0.6365947730767625,0,0,0.0,0,0,0,49,0,14.422095537185669,50,50,1,P1,0.6820825700968711,0.5911069760566537,0.6365947730767625
horsejump-high,1,greedy,fog,0,5.0,4.522771835327148,5.0,1,50,0.7385868916627362,0.609066734668621,0.6738268131656786,0,0,0.0,0,0,0,49,0,13.495043516159058,50,50,1,P1,0.7385868916627362,0.609066734668621,0.6738268131656786
horsejump-high,2,greedy,fog,0,5.0,4.522771835327148,5.0,1,50,0.6665368173033247,0.5752422622283259,0.6208895397658253,0,0,0.0,0,0,0,49,0,11.840238332748413,50,50,1,P1,0.6665368173033247,0.5752422622283259,0.6208895397658253
horsejump-high,1,greedy,sensor_noise,0,1.0,1.0954457521438599,1.2990961074829102,1,50,0.7739755447715163,0.6816115414758116,0.727793543123664,0,0,0.0,0,0,0,49,0,14.247628688812256,50,50,1,P1,0.7739755447715163,0.6816115414758116,0.727793543123664
horsejump-high,2,greedy,sensor_noise,0,1.0,1.0954457521438599,1.2990961074829102,1,50,0.8297248291462589,0.7779828682340395,0.8038538486901492,0,0,0.0,0,0,0,49,0,14.004751682281494,50,50,1,P1,0.8297248291462589,0.7779828682340395,0.8038538486901492
horsejump-high,1,greedy,sensor_noise,0,2.0,2.0,2.5981922149658203,1,50,0.7748180615799185,0.6815993057620472,0.7282086836709829,0,0,0.0,0,0,0,49,0,12.031301975250244,50,50,1,P1,0.7748180615799185,0.6815993057620472,0.7282086836709829
horsejump-high,2,greedy,sensor_noise,0,2.0,2.0,2.5981922149658203,1,50,0.8352056281591344,0.7876134640792973,0.8114095461192159,0,0,0.0,0,0,0,49,0,14.085484266281128,50,50,1,P1,0.8352056281591344,0.7876134640792973,0.8114095461192159
horsejump-high,1,greedy,sensor_noise,0,3.0,3.0,3.8972883224487305,1,50,0.7664837421621203,0.6682114973526069,0.7173476197573636,0,0,0.0,0,0,0,49,0,14.169110298156738,50,50,1,P1,0.7664837421621203,0.6682114973526069,0.7173476197573636
horsejump-high,2,greedy,sensor_noise,0,3.0,3.0,3.8972883224487305,1,50,0.8305514077348896,0.780956276955378,0.8057538423451338,0,0,0.0,0,0,0,49,0,12.359611749649048,50,50,1,P1,0.8305514077348896,0.780956276955378,0.8057538423451338
horsejump-high,1,greedy,sensor_noise,0,4.0,3.9755685329437256,5.0,1,50,0.7719046037644923,0.6671328438526675,0.7195187238085798,0,0,0.0,0,0,0,49,0,13.197539567947388,50,50,1,P1,0.7719046037644923,0.6671328438526675,0.7195187238085798
horsejump-high,2,greedy,sensor_noise,0,4.0,3.9755685329437256,5.0,1,50,0.8177680437047266,0.7624492273789714,0.790108635541849,0,0,0.0,0,0,0,49,0,14.00106954574585,50,50,1,P1,0.8177680437047266,0.7624492273789714,0.790108635541849
horsejump-high,1,greedy,sensor_noise,0,5.0,4.522771835327148,5.0,1,50,0.768202353976611,0.6603149408141289,0.7142586473953699,0,0,0.0,0,0,0,49,0,13.102674722671509,50,50,1,P1,0.768202353976611,0.6603149408141289,0.7142586473953699
horsejump-high,2,greedy,sensor_noise,0,5.0,4.522771835327148,5.0,1,50,0.8082027704930239,0.7486816169622504,0.7784421937276371,0,0,0.0,0,0,0,49,0,11.295934438705444,50,50,1,P1,0.8082027704930239,0.7486816169622504,0.7784421937276371
horsejump-high,1,greedy,C1_fog_noise,1,1.0,1.0954457521438599,1.2990961074829102,1,50,0.7704638302813455,0.6731809171642179,0.7218223737227817,0,0,0.0,0,0,0,49,0,14.037057161331177,50,50,1,P1,0.7704638302813455,0.6731809171642179,0.7218223737227817
horsejump-high,2,greedy,C1_fog_noise,1,1.0,1.0954457521438599,1.2990961074829102,1,50,0.827632729266834,0.7753018755222837,0.8014673023945589,0,0,0.0,0,0,0,49,0,13.927284717559814,50,50,1,P1,0.827632729266834,0.7753018755222837,0.8014673023945589
horsejump-high,1,greedy,C1_fog_noise,1,2.0,2.0,2.5981922149658203,1,50,0.7564253852554894,0.6417680172390761,0.6990967012472827,0,0,0.0,0,0,0,49,0,11.481357097625732,50,50,1,P1,0.7564253852554894,0.6417680172390761,0.6990967012472827
horsejump-high,2,greedy,C1_fog_noise,1,2.0,2.0,2.5981922149658203,1,50,0.7753532865886558,0.6958518645525174,0.7356025755705866,0,0,0.0,0,0,0,49,0,13.179399728775024,50,50,1,P1,0.7753532865886558,0.6958518645525174,0.7356025755705866
horsejump-high,1,greedy,C1_fog_noise,1,3.0,3.0,3.8972883224487305,1,50,0.7019603808778121,0.5488339425150077,0.6253971616964099,0,0,0.0,0,0,0,49,0,12.711299657821655,50,50,1,P1,0.7019603808778121,0.5488339425150077,0.6253971616964099
horsejump-high,2,greedy,C1_fog_noise,1,3.0,3.0,3.8972883224487305,1,50,0.44366992264016214,0.37128327596606503,0.4074765993031136,0,0,0.0,0,0,0,49,0,11.83185887336731,50,50,1,P1,0.44366992264016214,0.37128327596606503,0.4074765993031136
horsejump-high,1,greedy,C1_fog_noise,1,4.0,3.9755685329437256,5.0,1,50,0.37838597237095883,0.2724917611153686,0.3254388667431637,0,0,0.0,0,0,0,49,0,12.614505529403687,50,50,1,P1,0.37838597237095883,0.2724917611153686,0.3254388667431637
horsejump-high,2,greedy,C1_fog_noise,1,4.0,3.9755685329437256,5.0,1,50,0.1915696825884286,0.20474981174818638,0.19815974716830748,0,0,0.0,0,0,0,49,0,13.72768235206604,50,50,1,P1,0.1915696825884286,0.20474981174818638,0.19815974716830748
horsejump-high,1,greedy,C1_fog_noise,1,5.0,4.522771835327148,5.0,1,50,0.3484538439045274,0.23643540671530097,0.29244462530991416,0,0,0.0,0,0,0,49,0,11.71433711051941,50,50,1,P1,0.3484538439045274,0.23643540671530097,0.29244462530991416
horsejump-high,2,greedy,C1_fog_noise,1,5.0,4.522771835327148,5.0,1,50,0.09997789257205232,0.11151092151777575,0.10574440704491403,0,0,0.0,0,0,0,49,0,10.623887777328491,50,50,1,P1,0.09997789257205232,0.11151092151777575,0.10574440704491403
india,1,greedy,fog,0,1.0,1.0942825078964233,1.299896001815796,1,81,0.5958728083,0.4838535888,0.5398631985,0,0,0.0,0,0,0,80,0,17.24180269241333,62,81,1.306451613,P1,0.45610017422372523,0.37035706797009793,0.4132286210969116
india,2,greedy,fog,0,1.0,1.0942825078964233,1.299896001815796,1,81,0.5041632051,0.427984088,0.4660736466,0,0,0.0,0,0,0,80,0,17.38605523109436,67,81,1.208955224,P1,0.417023885740794,0.3540115295579402,0.3855177076493671
india,3,greedy,fog,0,1.0,1.0942825078964233,1.299896001815796,1,81,0.4393442436,0.3476433712,0.3934938074,0,0,0.0,0,0,0,80,0,17.717008113861084,71,81,1.14084507,P1,0.38510421355414465,0.3047244364603801,0.3449143250072624
india,1,greedy,fog,0,2.0,1.9926557540893555,2.599792003631592,1,81,0.8605246036,0.6161816207,0.7383531122,0,0,0.0,0,0,0,80,0,20.713974952697754,62,81,1.306451613,P1,0.6586731534029608,0.4716451911443122,0.5651591722736365
india,2,greedy,fog,0,2.0,1.9926557540893555,2.599792003631592,1,81,0.502610873,0.436911516,0.4697611945,0,0,0.0,0,0,0,80,0,18.832103967666626,67,81,1.208955224,P1,0.41573985789725737,0.361395945316354,0.38856790160680565
india,3,greedy,fog,0,2.0,1.9926557540893555,2.599792003631592,1,81,0.4374674375,0.332747675,0.3851075562,0,0,0.0,0,0,0,80,0,20.419893741607666,71,81,1.14084507,P1,0.3834591118771963,0.2916677151121154,0.33756341349465585
india,1,greedy,fog,0,3.0,2.988983631134033,3.8996880054473877,1,81,0.826383739,0.5300238571,0.678203798,0,0,0.0,0,0,0,80,0,25.20199227333069,62,81,1.306451613,P1,0.6325406397476212,0.4056972733063792,0.5191189565270002
india,2,greedy,fog,0,3.0,2.988983631134033,3.8996880054473877,1,81,0.4960298706,0.3936048969,0.4448173837,0,0,0.0,0,0,0,80,0,18.424081087112427,67,81,1.208955224,P1,0.41029631274187944,0.3255744208584964,0.3679353668001879
india,3,greedy,fog,0,3.0,2.988983631134033,3.8996880054473877,1,81,0.438642475,0.3750712027,0.4068568389,0,0,0.0,0,0,0,80,0,17.84640383720398,71,81,1.14084507,P1,0.3844890830655291,0.32876611590976407,0.35662759948764655
india,1,greedy,fog,0,4.0,3.9609005451202393,5.0,1,81,0.5493985688,0.3477297716,0.4485641702,0,0,0.0,0,0,0,80,0,17.439197540283203,62,81,1.306451613,P1,0.4205272995392931,0.266163528871999,0.343345414205646
india,2,greedy,fog,0,4.0,3.9609005451202393,5.0,1,81,0.4860531432,0.3363874913,0.4112203172,0,0,0.0,0,0,0,80,0,17.258930206298828,67,81,1.208955224,P1,0.4020439579330611,0.2782464434341549,0.340145200683608
india,3,greedy,fog,0,4.0,3.9609005451202393,5.0,1,81,0.5096823433,0.3991324378,0.4544073905,0,0,0.0,0,0,0,80,0,20.431195497512817,71,81,1.14084507,P1,0.4467585971737906,0.3498568281589342,0.3983077126663624
india,1,greedy,fog,0,5.0,4.510227680206299,5.0,1,81,0.538652069,0.3195319429,0.429092006,0,0,0.0,0,0,0,80,0,20.26586413383484,62,81,1.306451613,P1,0.4123015836918442,0.24458000566858729,0.32844079468021575
india,2,greedy,fog,0,5.0,4.510227680206299,5.0,1,81,0.492624518,0.3280723426,0.4103484303,0,0,0.0,0,0,0,80,0,22.574652433395386,67,81,1.208955224,P1,0.40747953954494015,0.271368480879977,0.3394240102124586
india,3,greedy,fog,0,5.0,4.510227680206299,5.0,1,81,0.5331433897,0.3763611844,0.4547522871,0,0,0.0,0,0,0,80,0,22.900571584701538,71,81,1.14084507,P1,0.4673232180942692,0.32989684068696,0.39861002939061463
india,1,greedy,sensor_noise,0,1.0,1.0942825078964233,1.299896001815796,1,81,0.5966785424,0.4860515459,0.5413650441,0,0,0.0,0,0,0,80,0,23.67328429222107,62,81,1.306451613,P1,0.4567169089989137,0.37203945485006795,0.41437818192449083
india,2,greedy,sensor_noise,0,1.0,1.0942825078964233,1.299896001815796,1,81,0.5086320438,0.4209346258,0.4647833348,0,0,0.0,0,0,0,80,0,23.15134572982788,67,81,1.208955224,P1,0.42072033253960406,0.3481804929853057,0.38445041276245484
india,3,greedy,sensor_noise,0,1.0,1.0942825078964233,1.299896001815796,1,81,0.4453416091,0.3479172089,0.396629409,0,0,0.0,0,0,0,80,0,20.965807676315308,71,81,1.14084507,P1,0.39036116357282974,0.3049644670394136,0.34766281530612164
india,1,greedy,sensor_noise,0,2.0,1.9926557540893555,2.599792003631592,1,81,0.5949779316,0.4809532699,0.5379656008,0,0,0.0,0,0,0,80,0,22.51110029220581,62,81,1.306451613,P1,0.4554152069133783,0.36813707080486147,0.4117761388591199
india,2,greedy,sensor_noise,0,2.0,1.9926557540893555,2.599792003631592,1,81,0.5081088812,0.4138866533,0.4609977673,0,0,0.0,0,0,0,80,0,21.665047645568848,67,81,1.208955224,P1,0.42028759310246655,0.3423506885407904,0.3813191408216285
india,3,greedy,sensor_noise,0,2.0,1.9926557540893555,2.599792003631592,1,81,0.4428683658,0.3412978012,0.3920830835,0,0,0.0,0,0,0,80,0,21.79629874229431,71,81,1.14084507,P1,0.3881932589415547,0.2991622701793526,0.3436777645604536
india,1,greedy,sensor_noise,0,3.0,2.988983631134033,3.8996880054473877,1,81,0.5917724224,0.4680518592,0.5299121408,0,0,0.0,0,0,0,80,0,23.100364208221436,62,81,1.306451613,P1,0.4529616072438125,0.35826191689329656,0.40561176206855454
india,2,greedy,sensor_noise,0,3.0,2.988983631134033,3.8996880054473877,1,81,0.5057431902,0.4015065509,0.4536248706,0,0,0.0,0,0,0,80,0,22.376701831817627,67,81,1.208955224,P1,0.41833078694966364,0.3321103569523387,0.37522057195100117
india,3,greedy,sensor_noise,0,3.0,2.988983631134033,3.8996880054473877,1,81,0.4418708056,0.3396290454,0.3907499255,0,0,0.0,0,0,0,80,0,20.643046379089355,71,81,1.14084507,P1,0.3873188543210786,0.2976995336238736,0.3425091939724761
india,1,greedy,sensor_noise,0,4.0,3.9609005451202393,5.0,1,81,0.5860963408,0.4495110102,0.5178036755,0,0,0.0,0,0,0,80,0,21.04171895980835,62,81,1.306451613,P1,0.4486169522205451,0.34407015593957846,0.3963435540800618
india,2,greedy,sensor_noise,0,4.0,3.9609005451202393,5.0,1,81,0.5014731261,0.3846191647,0.4430461454,0,0,0.0,0,0,0,80,0,20.255452394485474,67,81,1.208955224,P1,0.41479875862380783,0.31814177817351286,0.36647026839866037
india,3,greedy,sensor_noise,0,4.0,3.9609005451202393,5.0,1,81,0.5009961918,0.3710138259,0.4360050088,0,0,0.0,0,0,0,80,0,21.148621559143066,71,81,1.14084507,P1,0.4391448100866649,0.3252096498255661,0.38217722995611547
india,1,greedy,sensor_noise,0,5.0,4.510227680206299,5.0,1,81,0.5825842116,0.4372484923,0.5099163519,0,0,0.0,0,0,0,80,0,21.821486234664917,62,81,1.306451613,P1,0.4459286557727056,0.3346840311497032,0.3903063434612044
india,2,greedy,sensor_noise,0,5.0,4.510227680206299,5.0,1,81,0.4977297893,0.3951968466,0.446463318,0,0,0.0,0,0,0,80,0,21.9676194190979,67,81,1.208955224,P1,0.411702418340734,0.3268912187731051,0.36929681855691954
india,3,greedy,sensor_noise,0,5.0,4.510227680206299,5.0,1,81,0.4397029993,0.3307315179,0.3852172586,0,0,0.0,0,0,0,80,0,20.763704538345337,71,81,1.14084507,P1,0.3854186783825186,0.2899004662918776,0.3376595723371981
india,1,greedy,C1_fog_noise,1,1.0,1.0942825078964233,1.299896001815796,1,81,0.8628982587,0.6288352334,0.7458667461,0,0,0.0,0,0,0,80,0,21.701008558273315,62,81,1.306451613,P1,0.6604900252088358,0.4813306725003983,0.570910348854617
india,2,greedy,C1_fog_noise,1,1.0,1.0942825078964233,1.299896001815796,1,81,0.5039294961,0.4204173411,0.4621734186,0,0,0.0,0,0,0,80,0,22.9534113407135,67,81,1.208955224,P1,0.4168305708174825,0.3477526154460595,0.38229159313177097
india,3,greedy,C1_fog_noise,1,1.0,1.0942825078964233,1.299896001815796,1,81,0.44363182,0.3450678982,0.3943498591,0,0,0.0,0,0,0,80,0,20.50572395324707,71,81,1.14084507,P1,0.38886245947322323,0.3024669231480567,0.3456646913106399
india,1,greedy,C1_fog_noise,1,2.0,1.9926557540893555,2.599792003631592,1,81,0.5790692323,0.4287251466,0.5038971895,0,0,0.0,0,0,0,80,0,22.192057847976685,62,81,1.306451613,P1,0.4432381777946565,0.328159988778566,0.3856990832866113
india,2,greedy,C1_fog_noise,1,2.0,1.9926557540893555,2.599792003631592,1,81,0.4963574983,0.3745458055,0.4354516519,0,0,0.0,0,0,0,80,0,21.634205102920532,67,81,1.208955224,P1,0.4105673134159737,0.30980949341137354,0.36018840341367364
india,3,greedy,C1_fog_noise,1,2.0,1.9926557540893555,2.599792003631592,1,81,0.5198420712,0.3726860859,0.4462640786,0,0,0.0,0,0,0,80,0,22.990217208862305,71,81,1.14084507,P1,0.45566403770753616,0.3266754580540897,0.39116974788081293
india,1,greedy,C1_fog_noise,1,3.0,2.988983631134033,3.8996880054473877,1,81,0.5371754402,0.3078691863,0.4225223132,0,0,0.0,0,0,0,80,0,21.731277227401733,62,81,1.306451613,P1,0.4111713245789725,0.23565295739021402,0.32341214098459325
india,2,greedy,C1_fog_noise,1,3.0,2.988983631134033,3.8996880054473877,1,81,0.5226529431,0.2914711691,0.4070620561,0,0,0.0,0,0,0,80,0,21.27438497543335,67,81,1.208955224,P1,0.4323178665445973,0.24109343618611762,0.33670565136535746
india,3,greedy,C1_fog_noise,1,3.0,2.988983631134033,3.8996880054473877,1,81,0.4658927261,0.2866596582,0.3762761922,0,0,0.0,0,0,0,80,0,20.222221612930298,71,81,1.14084507,P1,0.4083751056021302,0.2512695769729162,0.3298223412875232
india,1,greedy,C1_fog_noise,1,4.0,3.9609005451202393,5.0,1,81,0.5071857658,0.1858234091,0.3465045874,0,0,0.0,0,0,0,80,0,19.66960597038269,62,81,1.306451613,P1,0.38821626517073504,0.14223520199094708,0.26522573358084106
india,2,greedy,C1_fog_noise,1,4.0,3.9609005451202393,5.0,1,81,0.4840158267,0.2162248798,0.3501203532,0,0,0.0,0,0,0,80,0,21.422634840011597,67,81,1.208955224,P1,0.40035877022365984,0.17885267832803922,0.2896057242758495
india,3,greedy,C1_fog_noise,1,4.0,3.9609005451202393,5.0,1,81,0.4450515926,0.2325634111,0.3388075018,0,0,0.0,0,0,0,80,0,17.933104753494263,71,81,1.14084507,P1,0.3901069515218115,0.20385187884082795,0.29697941518131976
india,1,greedy,C1_fog_noise,1,5.0,4.510227680206299,5.0,1,81,0.4356545778,0.138446091,0.2870503344,0,0,0.0,0,0,0,80,0,23.21561050415039,62,81,1.306451613,P1,0.33346399783955727,0.10597108197293734,0.21971753990624732
india,2,greedy,C1_fog_noise,1,5.0,4.510227680206299,5.0,1,81,0.307459787,0.1068427266,0.2071512568,0,0,0.0,0,0,0,80,0,20.63504123687744,67,81,1.208955224,P1,0.25431858920776007,0.08837608247623714,0.1713473358419986
india,3,greedy,C1_fog_noise,1,5.0,4.510227680206299,5.0,1,81,0.2678370192,0.1834935283,0.2256652737,0,0,0.0,0,0,0,80,0,22.452924013137817,71,81,1.14084507,P1,0.23477072051454903,0.16084000626109593,0.19780536338782248
judo,1,greedy,fog,0,1.0,1.095299482345581,1.2989660501480103,1,34,0.905950415672998,0.774644100275904,0.840297257974451,0,0,0.0,0,0,0,33,0,9.599899053573608,34,34,1,P1,0.905950415672998,0.774644100275904,0.840297257974451
judo,2,greedy,fog,0,1.0,1.095299482345581,1.2989660501480103,1,34,0.8451251370007185,0.6531157534077527,0.7491204452042356,0,0,0.0,0,0,0,33,0,9.208220958709717,34,34,1,P1,0.8451251370007185,0.6531157534077527,0.7491204452042356
judo,1,greedy,fog,0,2.0,2.0,2.5979321002960205,1,34,0.8982593733253164,0.765509188550056,0.8318842809376862,0,0,0.0,0,0,0,33,0,8.824785709381104,34,34,1,P1,0.8982593733253164,0.765509188550056,0.8318842809376862
judo,2,greedy,fog,0,2.0,2.0,2.5979321002960205,1,34,0.7396518749863197,0.5514705079009689,0.6455611914436443,0,0,0.0,0,0,0,33,0,8.674841165542603,34,34,1,P1,0.7396518749863197,0.5514705079009689,0.6455611914436443
judo,1,greedy,fog,0,3.0,3.0,3.8968982696533203,1,34,0.8721867602973593,0.7343340941771408,0.8032604272372501,0,0,0.0,0,0,0,33,0,8.807681798934937,34,34,1,P1,0.8721867602973593,0.7343340941771408,0.8032604272372501
judo,2,greedy,fog,0,3.0,3.0,3.8968982696533203,1,34,0.6309429272573516,0.46241565526119904,0.5466792912592753,0,0,0.0,0,0,0,33,0,8.436257600784302,34,34,1,P1,0.6309429272573516,0.46241565526119904,0.5466792912592753
judo,1,greedy,fog,0,4.0,3.974936008453369,5.0,1,34,0.8485869077809001,0.6755304295603841,0.7620586686706421,0,0,0.0,0,0,0,33,0,7.416483640670776,34,34,1,P1,0.8485869077809001,0.6755304295603841,0.7620586686706421
judo,2,greedy,fog,0,4.0,3.974936008453369,5.0,1,34,0.575691306232609,0.3765406530130385,0.47611597962282376,0,0,0.0,0,0,0,33,0,7.158301591873169,34,34,1,P1,0.575691306232609,0.3765406530130385,0.47611597962282376
judo,1,greedy,fog,0,5.0,4.523502826690674,5.0,1,34,0.8175132652907893,0.6315783746348178,0.7245458199628035,0,0,0.0,0,0,0,33,0,7.625569105148315,34,34,1,P1,0.8175132652907893,0.6315783746348178,0.7245458199628035
judo,2,greedy,fog,0,5.0,4.523502826690674,5.0,1,34,0.5326993270845314,0.3370944410141191,0.43489688404932525,0,0,0.0,0,0,0,33,0,7.186145067214966,34,34,1,P1,0.5326993270845314,0.3370944410141191,0.43489688404932525
judo,1,greedy,sensor_noise,0,1.0,1.095299482345581,1.2989660501480103,1,34,0.8563564623162055,0.7280807651717618,0.7922186137439837,0,0,0.0,0,0,0,33,0,7.2044758796691895,34,34,1,P1,0.8563564623162055,0.7280807651717618,0.7922186137439837
judo,2,greedy,sensor_noise,0,1.0,1.095299482345581,1.2989660501480103,1,34,0.845101587577152,0.6574200047607058,0.7512607961689289,0,0,0.0,0,0,0,33,0,8.10070013999939,34,34,1,P1,0.845101587577152,0.6574200047607058,0.7512607961689289
judo,1,greedy,sensor_noise,0,2.0,2.0,2.5979321002960205,1,34,0.6647317370007333,0.6378437051959127,0.651287721098323,0,0,0.0,0,0,0,33,0,8.117998361587524,34,34,1,P1,0.6647317370007333,0.6378437051959127,0.651287721098323
judo,2,greedy,sensor_noise,0,2.0,2.0,2.5979321002960205,1,34,0.8359781067378911,0.6463925254123845,0.7411853160751378,0,0,0.0,0,0,0,33,0,7.8821399211883545,34,34,1,P1,0.8359781067378911,0.6463925254123845,0.7411853160751378
judo,1,greedy,sensor_noise,0,3.0,3.0,3.8968982696533203,1,34,0.7402286685059085,0.6464333245163736,0.693330996511141,0,0,0.0,0,0,0,33,0,7.668131113052368,34,34,1,P1,0.7402286685059085,0.6464333245163736,0.693330996511141
judo,2,greedy,sensor_noise,0,3.0,3.0,3.8968982696533203,1,34,0.7482057813829386,0.5613045725443213,0.65475517696363,0,0,0.0,0,0,0,33,0,7.216182231903076,34,34,1,P1,0.7482057813829386,0.5613045725443213,0.65475517696363
judo,1,greedy,sensor_noise,0,4.0,3.974936008453369,5.0,1,34,0.6813504397171443,0.6156908170039009,0.6485206283605226,0,0,0.0,0,0,0,33,0,7.125324726104736,34,34,1,P1,0.6813504397171443,0.6156908170039009,0.6485206283605226
judo,2,greedy,sensor_noise,0,4.0,3.974936008453369,5.0,1,34,0.7323458367332616,0.5378058796481946,0.6350758581907281,0,0,0.0,0,0,0,33,0,7.214046478271484,34,34,1,P1,0.7323458367332616,0.5378058796481946,0.6350758581907281
judo,1,greedy,sensor_noise,0,5.0,4.523502826690674,5.0,1,34,0.6612367758176569,0.6113816479464926,0.6363092118820748,0,0,0.0,0,0,0,33,0,7.218815803527832,34,34,1,P1,0.6612367758176569,0.6113816479464926,0.6363092118820748
judo,2,greedy,sensor_noise,0,5.0,4.523502826690674,5.0,1,34,0.7254419873781671,0.5282635349868317,0.6268527611824994,0,0,0.0,0,0,0,33,0,7.113525867462158,34,34,1,P1,0.7254419873781671,0.5282635349868317,0.6268527611824994
judo,1,greedy,C1_fog_noise,1,1.0,1.095299482345581,1.2989660501480103,1,34,0.760644358523872,0.6793346852270525,0.7199895218754623,0,0,0.0,0,0,0,33,0,7.081202983856201,34,34,1,P1,0.760644358523872,0.6793346852270525,0.7199895218754623
judo,2,greedy,C1_fog_noise,1,1.0,1.095299482345581,1.2989660501480103,1,34,0.8132109484007808,0.6180230197093008,0.7156169840550408,0,0,0.0,0,0,0,33,0,7.17666220664978,34,34,1,P1,0.8132109484007808,0.6180230197093008,0.7156169840550408
judo,1,greedy,C1_fog_noise,1,2.0,2.0,2.5979321002960205,1,34,0.7013992049101766,0.6028207124199878,0.6521099586650823,0,0,0.0,0,0,0,33,0,7.116379022598267,34,34,1,P1,0.7013992049101766,0.6028207124199878,0.6521099586650823
judo,2,greedy,C1_fog_noise,1,2.0,2.0,2.5979321002960205,1,34,0.6387239820339488,0.4548227455109645,0.5467733637724567,0,0,0.0,0,0,0,33,0,7.104299068450928,34,34,1,P1,0.6387239820339488,0.4548227455109645,0.5467733637724567
judo,1,greedy,C1_fog_noise,1,3.0,3.0,3.8968982696533203,1,34,0.779549801869285,0.5624255957084439,0.6709876987888644,0,0,0.0,0,0,0,33,0,7.676393747329712,34,34,1,P1,0.779549801869285,0.5624255957084439,0.6709876987888644
judo,2,greedy,C1_fog_noise,1,3.0,3.0,3.8968982696533203,1,34,0.5131406422613028,0.3033549550569662,0.4082477986591345,0,0,0.0,0,0,0,33,0,7.280455827713013,34,34,1,P1,0.5131406422613028,0.3033549550569662,0.4082477986591345
judo,1,greedy,C1_fog_noise,1,4.0,3.974936008453369,5.0,1,34,0.6053074681203593,0.3883715149451013,0.4968394915327303,0,0,0.0,0,0,0,33,0,7.124540567398071,34,34,1,P1,0.6053074681203593,0.3883715149451013,0.4968394915327303
judo,2,greedy,C1_fog_noise,1,4.0,3.974936008453369,5.0,1,34,0.2875345797619676,0.1853889530862385,0.23646176642410305,0,0,0.0,0,0,0,33,0,7.0044965744018555,34,34,1,P1,0.2875345797619676,0.1853889530862385,0.23646176642410305
judo,1,greedy,C1_fog_noise,1,5.0,4.523502826690674,5.0,1,34,0.5495794146965873,0.30465445971232435,0.42711693720445587,0,0,0.0,0,0,0,33,0,8.116071462631226,34,34,1,P1,0.5495794146965873,0.30465445971232435,0.42711693720445587
judo,2,greedy,C1_fog_noise,1,5.0,4.523502826690674,5.0,1,34,0.16268429307217894,0.1128524866639135,0.1377683898680462,0,0,0.0,0,0,0,33,0,8.124361038208008,34,34,1,P1,0.16268429307217894,0.1128524866639135,0.1377683898680462
kite-surf,1,greedy,fog,0,1.0,1.0955525636672974,1.2979332208633423,1,50,0.23048728475691033,0.5343946497636298,0.3824409672602701,0,0,0.0,0,0,0,49,0,11.350629806518555,50,50,1,P1,0.23048728475691033,0.5343946497636298,0.3824409672602701
kite-surf,2,greedy,fog,0,1.0,1.0955525636672974,1.2979332208633423,1,50,0.05217374598,0.1021477086,0.07716072727,0,0,0.0,0,0,0,49,0,10.367786645889282,38,50,1.315789474,P1,0.03965204694141207,0.07763225851572303,0.05864215272856755
kite-surf,3,greedy,fog,0,1.0,1.0955525636672974,1.2979332208633423,1,50,0.7282472235609099,0.6763206588250493,0.7022839411929795,0,0,0.0,0,0,0,49,0,10.261387586593628,50,50,1,P1,0.7282472235609099,0.6763206588250493,0.7022839411929795
kite-surf,1,greedy,fog,0,2.0,1.9999998807907104,2.5958664417266846,1,50,0.20561350323596897,0.47374001159785506,0.339676757416912,0,0,0.0,0,0,0,49,0,9.93391752243042,50,50,1,P1,0.20561350323596897,0.47374001159785506,0.339676757416912
kite-surf,2,greedy,fog,0,2.0,1.9999998807907104,2.5958664417266846,1,50,0.05719348182,0.1239110464,0.0905522641,0,0,0.0,0,0,0,49,0,12.417670249938965,38,50,1.315789474,P1,0.043467046180397755,0.0941723952580462,0.06881972071922197
kite-surf,3,greedy,fog,0,2.0,1.9999998807907104,2.5958664417266846,1,50,0.729646516080741,0.6810525504863568,0.7053495332835489,0,0,0.0,0,0,0,49,0,12.432690143585205,50,50,1,P1,0.729646516080741,0.6810525504863568,0.7053495332835489
kite-surf,1,greedy,fog,0,3.0,3.0,3.8937995433807373,1,50,0.20540495444344406,0.49572925040397164,0.35056710242370787,0,0,0.0,0,0,0,49,0,12.988219738006592,50,50,1,P1,0.20540495444344406,0.49572925040397164,0.35056710242370787
kite-surf,2,greedy,fog,0,3.0,3.0,3.8937995433807373,1,50,0.05552715894,0.1223036262,0.08891539257,0,0,0.0,0,0,0,49,0,12.055514574050903,38,50,1.315789474,P1,0.042200640791206015,0.09295075590961184,0.06757569835040893
kite-surf,3,greedy,fog,0,3.0,3.0,3.8937995433807373,1,50,0.6425871607930721,0.6053809570307697,0.6239840589119209,0,0,0.0,0,0,0,49,0,10.236364126205444,50,50,1,P1,0.6425871607930721,0.6053809570307697,0.6239840589119209
kite-surf,1,greedy,fog,0,4.0,3.9755043983459473,5.0,1,50,0.18109789693606212,0.45398719922202907,0.3175425480790456,0,0,0.0,0,0,0,49,0,10.658152341842651,50,50,1,P1,0.18109789693606212,0.45398719922202907,0.3175425480790456
kite-surf,2,greedy,fog,0,4.0,3.9755043983459473,5.0,1,50,0.05554347586,0.1286569983,0.09210023709,0,0,0.0,0,0,0,49,0,10.778076648712158,38,50,1.315789474,P1,0.042213041656894684,0.09777931872043256,0.06999618018866363
kite-surf,3,greedy,fog,0,4.0,3.9755043983459473,5.0,1,50,0.5590155836075374,0.49051946873790186,0.5247675261727196,0,0,0.0,0,0,0,49,0,10.813320636749268,50,50,1,P1,0.5590155836075374,0.49051946873790186,0.5247675261727196
kite-surf,1,greedy,fog,0,5.0,4.5222368240356445,5.0,1,50,0.14063391399769273,0.39543005143582055,0.26803198271675666,0,0,0.0,0,0,0,49,0,12.331593751907349,50,50,1,P1,0.14063391399769273,0.39543005143582055,0.26803198271675666
kite-surf,2,greedy,fog,0,5.0,4.5222368240356445,5.0,1,50,0.09446750902,0.1704600681,0.1324637885,0,0,0.0,0,0,0,49,0,11.000365495681763,38,50,1.315789474,P1,0.07179530685586814,0.12954965172640062,0.10067247929113438
kite-surf,3,greedy,fog,0,5.0,4.5222368240356445,5.0,1,50,0.44147579683924626,0.36944844007597105,0.40546211845760866,0,0,0.0,0,0,0,49,0,11.379851341247559,50,50,1,P1,0.44147579683924626,0.36944844007597105,0.40546211845760866
kite-surf,1,greedy,sensor_noise,0,1.0,1.0955525636672974,1.2979332208633423,1,50,0.29092094982197253,0.6610247751305791,0.4759728624762758,0,0,0.0,0,0,0,49,0,12.44359564781189,50,50,1,P1,0.29092094982197253,0.6610247751305791,0.4759728624762758
kite-surf,2,greedy,sensor_noise,0,1.0,1.0955525636672974,1.2979332208633423,1,50,0.05594030528,0.09239197441,0.07416613984,0,0,0.0,0,0,0,49,0,11.767595767974854,38,50,1.315789474,P1,0.04251463201333274,0.07021790054804301,0.056366266280687874
kite-surf,3,greedy,sensor_noise,0,1.0,1.0955525636672974,1.2979332208633423,1,50,0.7251700220824006,0.6681908502788494,0.6966804361806249,0,0,0.0,0,0,0,49,0,11.852772951126099,50,50,1,P1,0.7251700220824006,0.6681908502788494,0.6966804361806249
kite-surf,1,greedy,sensor_noise,0,2.0,1.9999998807907104,2.5958664417266846,1,50,0.2680220270180442,0.6252732725947988,0.44664764980642147,0,0,0.0,0,0,0,49,0,12.659661531448364,50,50,1,P1,0.2680220270180442,0.6252732725947988,0.44664764980642147
kite-surf,2,greedy,sensor_noise,0,2.0,1.9999998807907104,2.5958664417266846,1,50,0.0508896237,0.09187988229,0.07138475299,0,0,0.0,0,0,0,49,0,12.59610629081726,38,50,1.315789474,P1,0.03867611400894486,0.06982871054105853,0.0542524122750017
kite-surf,3,greedy,sensor_noise,0,2.0,1.9999998807907104,2.5958664417266846,1,50,0.7269863963558545,0.6766360806515282,0.7018112385036914,0,0,0.0,0,0,0,49,0,13.11110544204712,50,50,1,P1,0.7269863963558545,0.6766360806515282,0.7018112385036914
kite-surf,1,greedy,sensor_noise,0,3.0,3.0,3.8937995433807373,1,50,0.21367153133272826,0.5173639482184792,0.36551773977560376,0,0,0.0,0,0,0,49,0,12.897375345230103,50,50,1,P1,0.21367153133272826,0.5173639482184792,0.36551773977560376
kite-surf,2,greedy,sensor_noise,0,3.0,3.0,3.8937995433807373,1,50,0.05414782226,0.09037984931,0.07226383579,0,0,0.0,0,0,0,49,0,10.93104362487793,38,50,1.315789474,P1,0.04115234491956144,0.06868868547515983,0.05492051519736063
kite-surf,3,greedy,sensor_noise,0,3.0,3.0,3.8937995433807373,1,50,0.7272034510242592,0.6787183418420882,0.7029608964331737,0,0,0.0,0,0,0,49,0,10.126121044158936,50,50,1,P1,0.7272034510242592,0.6787183418420882,0.7029608964331737
kite-surf,1,greedy,sensor_noise,0,4.0,3.9755043983459473,5.0,1,50,0.23805957667008343,0.573785740862703,0.4059226587663932,0,0,0.0,0,0,0,49,0,10.338119745254517,50,50,1,P1,0.23805957667008343,0.573785740862703,0.4059226587663932
kite-surf,2,greedy,sensor_noise,0,4.0,3.9755043983459473,5.0,1,50,0.05424616376,0.09362821482,0.07393718929,0,0,0.0,0,0,0,49,0,11.094466924667358,38,50,1.315789474,P1,0.04122708446119122,0.07115744326119508,0.05619226386119315
kite-surf,3,greedy,sensor_noise,0,4.0,3.9755043983459473,5.0,1,50,0.7257027556371323,0.6754286661721903,0.7005657109046612,0,0,0.0,0,0,0,49,0,12.092954397201538,50,50,1,P1,0.7257027556371323,0.6754286661721903,0.7005657109046612
kite-surf,1,greedy,sensor_noise,0,5.0,4.5222368240356445,5.0,1,50,0.22174465119997322,0.524731979999238,0.37323831559960563,0,0,0.0,0,0,0,49,0,12.240399599075317,50,50,1,P1,0.22174465119997322,0.524731979999238,0.37323831559960563
kite-surf,2,greedy,sensor_noise,0,5.0,4.5222368240356445,5.0,1,50,0.05114248539,0.084155775,0.0676491302,0,0,0.0,0,0,0,49,0,13.142436504364014,38,50,1.315789474,P1,0.03886828889881441,0.06395838900340999,0.0514133389511122
kite-surf,3,greedy,sensor_noise,0,5.0,4.5222368240356445,5.0,1,50,0.7243214881387621,0.6729510142525365,0.6986362511956492,0,0,0.0,0,0,0,49,0,13.556854009628296,50,50,1,P1,0.7243214881387621,0.6729510142525365,0.6986362511956492
kite-surf,1,greedy,C1_fog_noise,1,1.0,1.0955525636672974,1.2979332208633423,1,50,0.28065048443603313,0.6426231498266687,0.4616368171313509,0,0,0.0,0,0,0,49,0,12.707425355911255,50,50,1,P1,0.28065048443603313,0.6426231498266687,0.4616368171313509
kite-surf,2,greedy,C1_fog_noise,1,1.0,1.0955525636672974,1.2979332208633423,1,50,0.05562337734,0.09409264822,0.07485801278,0,0,0.0,0,0,0,49,0,14.663254976272583,38,50,1.315789474,P1,0.042273766779490636,0.07151041264581805,0.056892089712654345
kite-surf,3,greedy,C1_fog_noise,1,1.0,1.0955525636672974,1.2979332208633423,1,50,0.7226553644137198,0.6638385131350303,0.693246938774375,0,0,0.0,0,0,0,49,0,14.263869524002075,50,50,1,P1,0.7226553644137198,0.6638385131350303,0.693246938774375
kite-surf,1,greedy,C1_fog_noise,1,2.0,1.9999998807907104,2.5958664417266846,1,50,0.21229565814101647,0.4806054882063732,0.3464505731736949,0,0,0.0,0,0,0,49,0,14.209911823272705,50,50,1,P1,0.21229565814101647,0.4806054882063732,0.3464505731736949
kite-surf,2,greedy,C1_fog_noise,1,2.0,1.9999998807907104,2.5958664417266846,1,50,0.0557287587,0.09442825027,0.07507850449,0,0,0.0,0,0,0,49,0,11.914340257644653,38,50,1.315789474,P1,0.04235385661198223,0.07176547020694951,0.057059663409465874
kite-surf,3,greedy,C1_fog_noise,1,2.0,1.9999998807907104,2.5958664417266846,1,50,0.7093510756937154,0.6356335701438391,0.6724923229187773,0,0,0.0,0,0,0,49,0,12.707643747329712,50,50,1,P1,0.7093510756937154,0.6356335701438391,0.6724923229187773
kite-surf,1,greedy,C1_fog_noise,1,3.0,3.0,3.8937995433807373,1,50,0.09273308061558669,0.2348025149002882,0.16376779775793743,0,0,0.0,0,0,0,49,0,13.28033995628357,50,50,1,P1,0.09273308061558669,0.2348025149002882,0.16376779775793743
kite-surf,2,greedy,C1_fog_noise,1,3.0,3.0,3.8937995433807373,1,50,0.067701898,0.1444012664,0.1060515822,0,0,0.0,0,0,0,49,0,13.27744460105896,38,50,1.315789474,P1,0.05145344248324754,0.10974496244018249,0.08059920246171501
kite-surf,3,greedy,C1_fog_noise,1,3.0,3.0,3.8937995433807373,1,50,0.4942218798750861,0.42829023234404173,0.4612560561095639,0,0,0.0,0,0,0,49,0,13.29552936553955,50,50,1,P1,0.4942218798750861,0.42829023234404173,0.4612560561095639
kite-surf,1,greedy,C1_fog_noise,1,4.0,3.9755043983459473,5.0,1,50,0.08383275082593229,0.16493325653024,0.12438300367808613,0,0,0.0,0,0,0,49,0,12.946805000305176,50,50,1,P1,0.08383275082593229,0.16493325653024,0.12438300367808613
kite-surf,2,greedy,C1_fog_noise,1,4.0,3.9755043983459473,5.0,1,50,0.03431728442,0.06582589546,0.05007158994,0,0,0.0,0,0,0,49,0,12.97441577911377,38,50,1.315789474,P1,0.026081136156744053,0.05002768054616832,0.03805440835145618
kite-surf,3,greedy,C1_fog_noise,1,4.0,3.9755043983459473,5.0,1,50,0.28999144313170605,0.22722570181911267,0.25860857247540936,0,0,0.0,0,0,0,49,0,11.89837646484375,50,50,1,P1,0.28999144313170605,0.22722570181911267,0.25860857247540936
kite-surf,1,greedy,C1_fog_noise,1,5.0,4.5222368240356445,5.0,1,50,0.046294238329043606,0.07976256001305916,0.06302839917105138,0,0,0.0,0,0,0,49,0,13.906583309173584,50,50,1,P1,0.046294238329043606,0.07976256001305916,0.06302839917105138
kite-surf,2,greedy,C1_fog_noise,1,5.0,4.5222368240356445,5.0,1,50,0.03165521231,0.06319542245,0.04742531738,0,0,0.0,0,0,0,49,0,13.486004114151001,38,50,1.315789474,P1,0.024057961353082313,0.048028521065548196,0.036043241209315256
kite-surf,3,greedy,C1_fog_noise,1,5.0,4.5222368240356445,5.0,1,50,0.17347331364528437,0.13335094886711063,0.15341213125619751,0,0,0.0,0,0,0,49,0,13.519742250442505,50,50,1,P1,0.17347331364528437,0.13335094886711063,0.15341213125619751
lab-coat,1,greedy,fog,0,1.0,1.099408507347107,1.2986416816711426,1,47,0.06916049771377772,0.18371495646565547,0.1264377270897166,0,0,0.0,0,0,0,46,0,11.91133427619934,47,47,1,P1,0.06916049771377772,0.18371495646565547,0.1264377270897166
lab-coat,2,greedy,fog,0,1.0,1.099408507347107,1.2986416816711426,1,47,0.06620485740663944,0.2211125217490907,0.14365868957786507,0,0,0.0,0,0,0,46,0,12.092720031738281,47,47,1,P1,0.06620485740663944,0.2211125217490907,0.14365868957786507
lab-coat,3,greedy,fog,0,1.0,1.099408507347107,1.2986416816711426,1,47,0.9638295155325134,0.7222229154188169,0.8430262154756651,0,0,0.0,0,0,0,46,0,11.355515956878662,47,47,1,P1,0.9638295155325134,0.7222229154188169,0.8430262154756651
lab-coat,4,greedy,fog,0,1.0,1.099408507347107,1.2986416816711426,1,47,0.9162879510960673,0.576877348382861,0.7465826497394641,0,0,0.0,0,0,0,46,0,12.81693148612976,47,47,1,P1,0.9162879510960673,0.576877348382861,0.7465826497394641
lab-coat,5,greedy,fog,0,1.0,1.099408507347107,1.2986416816711426,1,47,0.9249853102296743,0.7218127423798716,0.823399026304773,0,0,0.0,0,0,0,46,0,13.130956649780273,47,47,1,P1,0.9249853102296743,0.7218127423798716,0.823399026304773
lab-coat,1,greedy,fog,0,2.0,2.011909246444702,2.597283363342285,1,47,0.10691981295881767,0.3120809968772384,0.20950040491802802,0,0,0.0,0,0,0,46,0,12.327759742736816,47,47,1,P1,0.10691981295881767,0.3120809968772384,0.20950040491802802
lab-coat,2,greedy,fog,0,2.0,2.011909246444702,2.597283363342285,1,47,0.07106704383884097,0.22926964707242936,0.15016834545563518,0,0,0.0,0,0,0,46,0,12.944669008255005,47,47,1,P1,0.07106704383884097,0.22926964707242936,0.15016834545563518
lab-coat,3,greedy,fog,0,2.0,2.011909246444702,2.597283363342285,1,47,0.9611858589649201,0.7057090767661396,0.8334474678655299,0,0,0.0,0,0,0,46,0,12.651266098022461,47,47,1,P1,0.9611858589649201,0.7057090767661396,0.8334474678655299
lab-coat,4,greedy,fog,0,2.0,2.011909246444702,2.597283363342285,1,47,0.906641449198739,0.5468502293178162,0.7267458392582776,0,0,0.0,0,0,0,46,0,12.967521905899048,47,47,1,P1,0.906641449198739,0.5468502293178162,0.7267458392582776
lab-coat,5,greedy,fog,0,2.0,2.011909246444702,2.597283363342285,1,47,0.919458888504994,0.7026851178022971,0.8110720031536456,0,0,0.0,0,0,0,46,0,11.38120985031128,47,47,1,P1,0.919458888504994,0.7026851178022971,0.8110720031536456
lab-coat,1,greedy,fog,0,3.0,3.017864465713501,3.8959248065948486,1,47,0.060989547132127515,0.18563922934361088,0.1233143882378692,0,0,0.0,0,0,0,46,0,12.578414678573608,47,47,1,P1,0.060989547132127515,0.18563922934361088,0.1233143882378692
lab-coat,2,greedy,fog,0,3.0,3.017864465713501,3.8959248065948486,1,47,0.09680296279247863,0.2749903642370255,0.18589666351475206,0,0,0.0,0,0,0,46,0,12.656975030899048,47,47,1,P1,0.09680296279247863,0.2749903642370255,0.18589666351475206
lab-coat,3,greedy,fog,0,3.0,3.017864465713501,3.8959248065948486,1,47,0.9547407998412833,0.6703294721727825,0.812535136007033,0,0,0.0,0,0,0,46,0,13.614970445632935,47,47,1,P1,0.9547407998412833,0.6703294721727825,0.812535136007033
lab-coat,4,greedy,fog,0,3.0,3.017864465713501,3.8959248065948486,1,47,0.8960980453130448,0.5141517512124315,0.7051248982627382,0,0,0.0,0,0,0,46,0,12.51660442352295,47,47,1,P1,0.8960980453130448,0.5141517512124315,0.7051248982627382
lab-coat,5,greedy,fog,0,3.0,3.017864465713501,3.8959248065948486,1,47,0.9092967532119152,0.6619082988672165,0.7856025260395658,0,0,0.0,0,0,0,46,0,12.483398914337158,47,47,1,P1,0.9092967532119152,0.6619082988672165,0.7856025260395658
lab-coat,1,greedy,fog,0,4.0,3.996807098388672,5.0,1,47,0.06190971690229644,0.16408907531154565,0.11299939610692104,0,0,0.0,0,0,0,46,0,12.965894937515259,47,47,1,P1,0.06190971690229644,0.16408907531154565,0.11299939610692104
lab-coat,2,greedy,fog,0,4.0,3.996807098388672,5.0,1,47,0.0980435943778801,0.18899972038386154,0.1435216573808708,0,0,0.0,0,0,0,46,0,10.728761911392212,47,47,1,P1,0.0980435943778801,0.18899972038386154,0.1435216573808708
lab-coat,3,greedy,fog,0,4.0,3.996807098388672,5.0,1,47,0.939774548883416,0.6138970342791056,0.7768357915812608,0,0,0.0,0,0,0,46,0,12.491299629211426,47,47,1,P1,0.939774548883416,0.6138970342791056,0.7768357915812608
lab-coat,4,greedy,fog,0,4.0,3.996807098388672,5.0,1,47,0.8809708046532188,0.4700074188358293,0.6754891117445241,0,0,0.0,0,0,0,46,0,12.314314603805542,47,47,1,P1,0.8809708046532188,0.4700074188358293,0.6754891117445241
lab-coat,5,greedy,fog,0,4.0,3.996807098388672,5.0,1,47,0.8639321092603016,0.5568748949406169,0.7104035021004593,0,0,0.0,0,0,0,46,0,12.273046970367432,47,47,1,P1,0.8639321092603016,0.5568748949406169,0.7104035021004593
lab-coat,1,greedy,fog,0,5.0,4.532731533050537,5.0,1,47,0.03097086574294191,0.06933817983938483,0.050154522791163364,0,0,0.0,0,0,0,46,0,11.473175287246704,47,47,1,P1,0.03097086574294191,0.06933817983938483,0.050154522791163364
lab-coat,2,greedy,fog,0,5.0,4.532731533050537,5.0,1,47,0.02127659574468085,0.02129348863530783,0.02128504218999434,0,0,0.0,0,0,0,46,0,10.18126916885376,47,47,1,P1,0.02127659574468085,0.02129348863530783,0.02128504218999434
lab-coat,3,greedy,fog,0,5.0,4.532731533050537,5.0,1,47,0.5676077245998342,0.35448178633686,0.4610447554683471,0,0,0.0,0,0,0,46,0,9.838431358337402,47,47,1,P1,0.5676077245998342,0.35448178633686,0.4610447554683471
lab-coat,4,greedy,fog,0,5.0,4.532731533050537,5.0,1,47,0.8659171945039943,0.43518499585466713,0.6505510951793307,0,0,0.0,0,0,0,46,0,9.978853464126587,47,47,1,P1,0.8659171945039943,0.43518499585466713,0.6505510951793307
lab-coat,5,greedy,fog,0,5.0,4.532731533050537,5.0,1,47,0.8372946828942622,0.5084529617679309,0.6728738223310966,0,0,0.0,0,0,0,46,0,10.226189374923706,47,47,1,P1,0.8372946828942622,0.5084529617679309,0.6728738223310966
lab-coat,1,greedy,sensor_noise,0,1.0,1.099408507347107,1.2986416816711426,1,47,0.1009753921519117,0.26741472965765195,0.18419506090478183,0,0,0.0,0,0,0,46,0,10.446293830871582,47,47,1,P1,0.1009753921519117,0.26741472965765195,0.18419506090478183
lab-coat,2,greedy,sensor_noise,0,1.0,1.099408507347107,1.2986416816711426,1,47,0.09502101979712538,0.2427847843030921,0.16890290205010874,0,0,0.0,0,0,0,46,0,9.568801879882812,47,47,1,P1,0.09502101979712538,0.2427847843030921,0.16890290205010874
lab-coat,3,greedy,sensor_noise,0,1.0,1.099408507347107,1.2986416816711426,1,47,0.9648136901941112,0.7408750281798745,0.8528443591869929,0,0,0.0,0,0,0,46,0,9.688084125518799,47,47,1,P1,0.9648136901941112,0.7408750281798745,0.8528443591869929
lab-coat,4,greedy,sensor_noise,0,1.0,1.099408507347107,1.2986416816711426,1,47,0.9231871493662307,0.5991881273595596,0.7611876383628952,0,0,0.0,0,0,0,46,0,9.948817491531372,47,47,1,P1,0.9231871493662307,0.5991881273595596,0.7611876383628952
lab-coat,5,greedy,sensor_noise,0,1.0,1.099408507347107,1.2986416816711426,1,47,0.9242589708816863,0.719834015878805,0.8220464933802456,0,0,0.0,0,0,0,46,0,10.714594841003418,47,47,1,P1,0.9242589708816863,0.719834015878805,0.8220464933802456
lab-coat,1,greedy,sensor_noise,0,2.0,2.011909246444702,2.597283363342285,1,47,0.0987949105796652,0.2578911533743177,0.17834303197699147,0,0,0.0,0,0,0,46,0,13.624284505844116,47,47,1,P1,0.0987949105796652,0.2578911533743177,0.17834303197699147
lab-coat,2,greedy,sensor_noise,0,2.0,2.011909246444702,2.597283363342285,1,47,0.08578031048120086,0.23713017431756062,0.16145524239938075,0,0,0.0,0,0,0,46,0,11.986169576644897,47,47,1,P1,0.08578031048120086,0.23713017431756062,0.16145524239938075
lab-coat,3,greedy,sensor_noise,0,2.0,2.011909246444702,2.597283363342285,1,47,0.9636301474268705,0.7320723701810132,0.8478512588039419,0,0,0.0,0,0,0,46,0,12.040405511856079,47,47,1,P1,0.9636301474268705,0.7320723701810132,0.8478512588039419
lab-coat,4,greedy,sensor_noise,0,2.0,2.011909246444702,2.597283363342285,1,47,0.9180890921295075,0.5762538156452591,0.7471714538873833,0,0,0.0,0,0,0,46,0,12.442301988601685,47,47,1,P1,0.9180890921295075,0.5762538156452591,0.7471714538873833
lab-coat,5,greedy,sensor_noise,0,2.0,2.011909246444702,2.597283363342285,1,47,0.9226511754552471,0.7138613719139202,0.8182562736845836,0,0,0.0,0,0,0,46,0,12.529661417007446,47,47,1,P1,0.9226511754552471,0.7138613719139202,0.8182562736845836
lab-coat,1,greedy,sensor_noise,0,3.0,3.017864465713501,3.8959248065948486,1,47,0.10082381276997754,0.31153863035207985,0.2061812215610287,0,0,0.0,0,0,0,46,0,12.164564609527588,47,47,1,P1,0.10082381276997754,0.31153863035207985,0.2061812215610287
lab-coat,2,greedy,sensor_noise,0,3.0,3.017864465713501,3.8959248065948486,1,47,0.08801755298478695,0.25236559586742463,0.17019157442610577,0,0,0.0,0,0,0,46,0,12.851961851119995,47,47,1,P1,0.08801755298478695,0.25236559586742463,0.17019157442610577
lab-coat,3,greedy,sensor_noise,0,3.0,3.017864465713501,3.8959248065948486,1,47,0.9616083567332723,0.7219242290605951,0.8417662928969336,0,0,0.0,0,0,0,46,0,12.101539850234985,47,47,1,P1,0.9616083567332723,0.7219242290605951,0.8417662928969336
lab-coat,4,greedy,sensor_noise,0,3.0,3.017864465713501,3.8959248065948486,1,47,0.9136425883071222,0.5511854350784874,0.7324140116928048,0,0,0.0,0,0,0,46,0,9.992454528808594,47,47,1,P1,0.9136425883071222,0.5511854350784874,0.7324140116928048
lab-coat,5,greedy,sensor_noise,0,3.0,3.017864465713501,3.8959248065948486,1,47,0.919287758775006,0.7021120489976826,0.8106999038863443,0,0,0.0,0,0,0,46,0,9.807636499404907,47,47,1,P1,0.919287758775006,0.7021120489976826,0.8106999038863443
lab-coat,1,greedy,sensor_noise,0,4.0,3.996807098388672,5.0,1,47,0.10772951214278743,0.34539069899551844,0.22656010556915293,0,0,0.0,0,0,0,46,0,10.120008945465088,47,47,1,P1,0.10772951214278743,0.34539069899551844,0.22656010556915293
lab-coat,2,greedy,sensor_noise,0,4.0,3.996807098388672,5.0,1,47,0.07433344324483834,0.2218748322074312,0.1481041377261348,0,0,0.0,0,0,0,46,0,10.183409690856934,47,47,1,P1,0.07433344324483834,0.2218748322074312,0.1481041377261348
lab-coat,3,greedy,sensor_noise,0,4.0,3.996807098388672,5.0,1,47,0.9589734206336185,0.711370563620385,0.8351719921270018,0,0,0.0,0,0,0,46,0,10.793217420578003,47,47,1,P1,0.9589734206336185,0.711370563620385,0.8351719921270018
lab-coat,4,greedy,sensor_noise,0,4.0,3.996807098388672,5.0,1,47,0.908846675045486,0.5286392288298412,0.7187429519376636,0,0,0.0,0,0,0,46,0,9.848843336105347,47,47,1,P1,0.908846675045486,0.5286392288298412,0.7187429519376636
lab-coat,5,greedy,sensor_noise,0,4.0,3.996807098388672,5.0,1,47,0.9166844175584007,0.6910758304065774,0.8038801239824891,0,0,0.0,0,0,0,46,0,9.737614393234253,47,47,1,P1,0.9166844175584007,0.6910758304065774,0.8038801239824891
lab-coat,1,greedy,sensor_noise,0,5.0,4.532731533050537,5.0,1,47,0.10822627480828703,0.24002093228874358,0.1741236035485153,0,0,0.0,0,0,0,46,0,9.69842791557312,47,47,1,P1,0.10822627480828703,0.24002093228874358,0.1741236035485153
lab-coat,2,greedy,sensor_noise,0,5.0,4.532731533050537,5.0,1,47,0.08834035441838047,0.229257168173204,0.15879876129579223,0,0,0.0,0,0,0,46,0,10.261720895767212,47,47,1,P1,0.08834035441838047,0.229257168173204,0.15879876129579223
lab-coat,3,greedy,sensor_noise,0,5.0,4.532731533050537,5.0,1,47,0.9578407619447764,0.7053248779716326,0.8315828199582045,0,0,0.0,0,0,0,46,0,12.215473651885986,47,47,1,P1,0.9578407619447764,0.7053248779716326,0.8315828199582045
lab-coat,4,greedy,sensor_noise,0,5.0,4.532731533050537,5.0,1,47,0.9060543891371663,0.5178509471019582,0.7119526681195623,0,0,0.0,0,0,0,46,0,12.587820529937744,47,47,1,P1,0.9060543891371663,0.5178509471019582,0.7119526681195623
lab-coat,5,greedy,sensor_noise,0,5.0,4.532731533050537,5.0,1,47,0.9150666512987723,0.6840568737223901,0.7995617625105812,0,0,0.0,0,0,0,46,0,11.003365516662598,47,47,1,P1,0.9150666512987723,0.6840568737223901,0.7995617625105812
lab-coat,1,greedy,C1_fog_noise,1,1.0,1.099408507347107,1.2986416816711426,1,47,0.10997949800851976,0.3120303639559536,0.2110049309822367,0,0,0.0,0,0,0,46,0,10.199592351913452,47,47,1,P1,0.10997949800851976,0.3120303639559536,0.2110049309822367
lab-coat,2,greedy,C1_fog_noise,1,1.0,1.099408507347107,1.2986416816711426,1,47,0.09814370144888392,0.2607257274382952,0.17943471444358955,0,0,0.0,0,0,0,46,0,9.959747076034546,47,47,1,P1,0.09814370144888392,0.2607257274382952,0.17943471444358955
lab-coat,3,greedy,C1_fog_noise,1,1.0,1.099408507347107,1.2986416816711426,1,47,0.9634569307956445,0.7312561086612802,0.8473565197284624,0,0,0.0,0,0,0,46,0,11.97924280166626,47,47,1,P1,0.9634569307956445,0.7312561086612802,0.8473565197284624
lab-coat,4,greedy,C1_fog_noise,1,1.0,1.099408507347107,1.2986416816711426,1,47,0.9162273807340405,0.5704050224993645,0.7433162016167025,0,0,0.0,0,0,0,46,0,12.402462482452393,47,47,1,P1,0.9162273807340405,0.5704050224993645,0.7433162016167025
lab-coat,5,greedy,C1_fog_noise,1,1.0,1.099408507347107,1.2986416816711426,1,47,0.9196101619111839,0.7048393953515837,0.8122247786313839,0,0,0.0,0,0,0,46,0,11.739916563034058,47,47,1,P1,0.9196101619111839,0.7048393953515837,0.8122247786313839
lab-coat,1,greedy,C1_fog_noise,1,2.0,2.011909246444702,2.597283363342285,1,47,0.14063997939419912,0.3440597389985489,0.24234985919637403,0,0,0.0,0,0,0,46,0,10.164551019668579,47,47,1,P1,0.14063997939419912,0.3440597389985489,0.24234985919637403
lab-coat,2,greedy,C1_fog_noise,1,2.0,2.011909246444702,2.597283363342285,1,47,0.07625713031159449,0.22436231121816666,0.15030972076488058,0,0,0.0,0,0,0,46,0,9.975754261016846,47,47,1,P1,0.07625713031159449,0.22436231121816666,0.15030972076488058
lab-coat,3,greedy,C1_fog_noise,1,2.0,2.011909246444702,2.597283363342285,1,47,0.9559366208657444,0.6924199375863701,0.8241782792260572,0,0,0.0,0,0,0,46,0,10.197037935256958,47,47,1,P1,0.9559366208657444,0.6924199375863701,0.8241782792260572
lab-coat,4,greedy,C1_fog_noise,1,2.0,2.011909246444702,2.597283363342285,1,47,0.9050693444862287,0.498343955931187,0.7017066502087078,0,0,0.0,0,0,0,46,0,10.013991594314575,47,47,1,P1,0.9050693444862287,0.498343955931187,0.7017066502087078
lab-coat,5,greedy,C1_fog_noise,1,2.0,2.011909246444702,2.597283363342285,1,47,0.9068705752503106,0.6514827217471943,0.7791766484987525,0,0,0.0,0,0,0,46,0,10.148873329162598,47,47,1,P1,0.9068705752503106,0.6514827217471943,0.7791766484987525
lab-coat,1,greedy,C1_fog_noise,1,3.0,3.017864465713501,3.8959248065948486,1,47,0.11817829167610185,0.2711109915583104,0.19464464161720613,0,0,0.0,0,0,0,46,0,9.883314847946167,47,47,1,P1,0.11817829167610185,0.2711109915583104,0.19464464161720613
lab-coat,2,greedy,C1_fog_noise,1,3.0,3.017864465713501,3.8959248065948486,1,47,0.06242046406763009,0.16437652423793242,0.11339849415278125,0,0,0.0,0,0,0,46,0,9.907407999038696,47,47,1,P1,0.06242046406763009,0.16437652423793242,0.11339849415278125
lab-coat,3,greedy,C1_fog_noise,1,3.0,3.017864465713501,3.8959248065948486,1,47,0.9269665847730517,0.5807532734446523,0.753859929108852,0,0,0.0,0,0,0,46,0,10.211997985839844,47,47,1,P1,0.9269665847730517,0.5807532734446523,0.753859929108852
lab-coat,4,greedy,C1_fog_noise,1,3.0,3.017864465713501,3.8959248065948486,1,47,0.871917303925487,0.39493143274999004,0.6334243683377385,0,0,0.0,0,0,0,46,0,12.105507850646973,47,47,1,P1,0.871917303925487,0.39493143274999004,0.6334243683377385
lab-coat,5,greedy,C1_fog_noise,1,3.0,3.017864465713501,3.8959248065948486,1,47,0.8720203118995175,0.5355413632100311,0.7037808375547743,0,0,0.0,0,0,0,46,0,12.043285608291626,47,47,1,P1,0.8720203118995175,0.5355413632100311,0.7037808375547743
lab-coat,1,greedy,C1_fog_noise,1,4.0,3.996807098388672,5.0,1,47,0.03627405631772577,0.1051136680665584,0.07069386219214209,0,0,0.0,0,0,0,46,0,12.094034671783447,47,47,1,P1,0.03627405631772577,0.1051136680665584,0.07069386219214209
lab-coat,2,greedy,C1_fog_noise,1,4.0,3.996807098388672,5.0,1,47,0.052367694382169185,0.12372265164136012,0.08804517301176465,0,0,0.0,0,0,0,46,0,12.832902908325195,47,47,1,P1,0.052367694382169185,0.12372265164136012,0.08804517301176465
lab-coat,3,greedy,C1_fog_noise,1,4.0,3.996807098388672,5.0,1,47,0.791163194926498,0.33641663609924705,0.5637899155128725,0,0,0.0,0,0,0,46,0,11.997245073318481,47,47,1,P1,0.791163194926498,0.33641663609924705,0.5637899155128725
lab-coat,4,greedy,C1_fog_noise,1,4.0,3.996807098388672,5.0,1,47,0.46157342238057114,0.152441452597552,0.30700743748906156,0,0,0.0,0,0,0,46,0,12.468337774276733,47,47,1,P1,0.46157342238057114,0.152441452597552,0.30700743748906156
lab-coat,5,greedy,C1_fog_noise,1,4.0,3.996807098388672,5.0,1,47,0.4128649824222383,0.21322720471264792,0.3130460935674431,0,0,0.0,0,0,0,46,0,13.147910356521606,47,47,1,P1,0.4128649824222383,0.21322720471264792,0.3130460935674431
lab-coat,1,greedy,C1_fog_noise,1,5.0,4.532731533050537,5.0,1,47,0.0519145515231911,0.13114242671946083,0.09152848912132597,0,0,0.0,0,0,0,46,0,11.039556503295898,47,47,1,P1,0.0519145515231911,0.13114242671946083,0.09152848912132597
lab-coat,2,greedy,C1_fog_noise,1,5.0,4.532731533050537,5.0,1,47,0.057060127069835355,0.12888956877142208,0.09297484792062871,0,0,0.0,0,0,0,46,0,12.726284980773926,47,47,1,P1,0.057060127069835355,0.12888956877142208,0.09297484792062871
lab-coat,3,greedy,C1_fog_noise,1,5.0,4.532731533050537,5.0,1,47,0.4781844152933679,0.19510024369662735,0.3366423294949976,0,0,0.0,0,0,0,46,0,13.39600396156311,47,47,1,P1,0.4781844152933679,0.19510024369662735,0.3366423294949976
lab-coat,4,greedy,C1_fog_noise,1,5.0,4.532731533050537,5.0,1,47,0.3945703301397051,0.1044699965651827,0.2495201633524439,0,0,0.0,0,0,0,46,0,12.173809051513672,47,47,1,P1,0.3945703301397051,0.1044699965651827,0.2495201633524439
lab-coat,5,greedy,C1_fog_noise,1,5.0,4.532731533050537,5.0,1,47,0.2574554673457826,0.18376320409462907,0.22060933572020586,0,0,0.0,0,0,0,46,0,11.913692712783813,47,47,1,P1,0.2574554673457826,0.18376320409462907,0.22060933572020586
libby,1,greedy,fog,0,1.0,1.0978316068649292,1.2998371124267578,1,49,0.6587529601776619,0.6142843010938673,0.6365186306357646,0,0,0.0,0,0,0,48,0,12.289326429367065,49,49,1,P1,0.6587529601776619,0.6142843010938673,0.6365186306357646
libby,1,greedy,fog,0,2.0,2.008939027786255,2.5996742248535156,1,49,0.6544470859278927,0.613278022433414,0.6338625541806533,0,0,0.0,0,0,0,48,0,12.021974802017212,49,49,1,P1,0.6544470859278927,0.613278022433414,0.6338625541806533
libby,1,greedy,fog,0,3.0,3.0134084224700928,3.8995115756988525,1,49,0.8664122103255315,0.77884482819305,0.8226285192592908,0,0,0.0,0,0,0,48,0,12.559027433395386,49,49,1,P1,0.8664122103255315,0.77884482819305,0.8226285192592908
libby,1,greedy,fog,0,4.0,3.993647575378418,5.0,1,49,0.7048035528394705,0.6236777703862286,0.6642406616128496,0,0,0.0,0,0,0,48,0,13.023677349090576,49,49,1,P1,0.7048035528394705,0.6236777703862286,0.6642406616128496
libby,1,greedy,fog,0,5.0,4.533189296722412,5.0,1,49,0.6327838493065198,0.5382333622241038,0.5855086057653118,0,0,0.0,0,0,0,48,0,12.768303155899048,49,49,1,P1,0.6327838493065198,0.5382333622241038,0.5855086057653118
libby,1,greedy,sensor_noise,0,1.0,1.0978316068649292,1.2998371124267578,1,49,0.6544562507693245,0.6059871342489633,0.630221692509144,0,0,0.0,0,0,0,48,0,12.408528566360474,49,49,1,P1,0.6544562507693245,0.6059871342489633,0.630221692509144
libby,1,greedy,sensor_noise,0,2.0,2.008939027786255,2.5996742248535156,1,49,0.6555860233890466,0.6093271988305855,0.632456611109816,0,0,0.0,0,0,0,48,0,13.939285516738892,49,49,1,P1,0.6555860233890466,0.6093271988305855,0.632456611109816
libby,1,greedy,sensor_noise,0,3.0,3.0134084224700928,3.8995115756988525,1,49,0.6518362668209566,0.6031936779783612,0.6275149723996589,0,0,0.0,0,0,0,48,0,12.266327142715454,49,49,1,P1,0.6518362668209566,0.6031936779783612,0.6275149723996589
libby,1,greedy,sensor_noise,0,4.0,3.993647575378418,5.0,1,49,0.6455136583918089,0.5917662478336705,0.6186399531127397,0,0,0.0,0,0,0,48,0,12.983845710754395,49,49,1,P1,0.6455136583918089,0.5917662478336705,0.6186399531127397
libby,1,greedy,sensor_noise,0,5.0,4.533189296722412,5.0,1,49,0.6413036409223709,0.5853202081916933,0.6133119245570321,0,0,0.0,0,0,0,48,0,12.042135000228882,49,49,1,P1,0.6413036409223709,0.5853202081916933,0.6133119245570321
libby,1,greedy,C1_fog_noise,1,1.0,1.0978316068649292,1.2998371124267578,1,49,0.6529896202986009,0.6056313724166301,0.6293104963576155,0,0,0.0,0,0,0,48,0,11.704221963882446,49,49,1,P1,0.6529896202986009,0.6056313724166301,0.6293104963576155
libby,1,greedy,C1_fog_noise,1,2.0,2.008939027786255,2.5996742248535156,1,49,0.7510020808403918,0.6573338271349983,0.704167953987695,0,0,0.0,0,0,0,48,0,11.612669229507446,49,49,1,P1,0.7510020808403918,0.6573338271349983,0.704167953987695
libby,1,greedy,C1_fog_noise,1,3.0,3.0134084224700928,3.8995115756988525,1,49,0.5436132803261239,0.4293289171988381,0.48647109876248096,0,0,0.0,0,0,0,48,0,12.845171689987183,49,49,1,P1,0.5436132803261239,0.4293289171988381,0.48647109876248096
libby,1,greedy,C1_fog_noise,1,4.0,3.993647575378418,5.0,1,49,0.3511940470628883,0.2438424051444652,0.29751822610367673,0,0,0.0,0,0,0,48,0,13.733180522918701,49,49,1,P1,0.3511940470628883,0.2438424051444652,0.29751822610367673
libby,1,greedy,C1_fog_noise,1,5.0,4.533189296722412,5.0,1,49,0.2887345909426471,0.17630263566679955,0.23251861330472332,0,0,0.0,0,0,0,48,0,13.646855115890503,49,49,1,P1,0.2887345909426471,0.17630263566679955,0.23251861330472332
loading,1,greedy,fog,0,1.0,1.0955067873001099,1.299845814704895,1,50,0.9799786190416728,0.8558023345810875,0.9178904768113801,0,0,0.0,0,0,0,49,0,13.358317852020264,50,50,1,P1,0.9799786190416728,0.8558023345810875,0.9178904768113801
loading,2,greedy,fog,0,1.0,1.0955067873001099,1.299845814704895,1,50,0.8972066250210986,0.7338371178492434,0.8155218714351711,0,0,0.0,0,0,0,49,0,12.332011222839355,50,50,1,P1,0.8972066250210986,0.7338371178492434,0.8155218714351711
loading,3,greedy,fog,0,1.0,1.0955067873001099,1.299845814704895,1,50,0.9529751022151097,0.8573353627850533,0.9051552325000816,0,0,0.0,0,0,0,49,0,13.257518291473389,50,50,1,P1,0.9529751022151097,0.8573353627850533,0.9051552325000816
loading,1,greedy,fog,0,2.0,2.0,2.59969162940979,1,50,0.9761701269417045,0.8315585156784561,0.9038643213100803,0,0,0.0,0,0,0,49,0,12.15483570098877,50,50,1,P1,0.9761701269417045,0.8315585156784561,0.9038643213100803
loading,2,greedy,fog,0,2.0,2.0,2.59969162940979,1,50,0.8893254006266682,0.7094541973357859,0.7993897989812271,0,0,0.0,0,0,0,49,0,12.966901302337646,50,50,1,P1,0.8893254006266682,0.7094541973357859,0.7993897989812271
loading,3,greedy,fog,0,2.0,2.0,2.59969162940979,1,50,0.9476189978166247,0.8433489459355417,0.8954839718760832,0,0,0.0,0,0,0,49,0,12.203216075897217,50,50,1,P1,0.9476189978166247,0.8433489459355417,0.8954839718760832
loading,1,greedy,fog,0,3.0,3.0,3.8995375633239746,1,50,0.9608790797811269,0.7531470665115485,0.8570130731463377,0,0,0.0,0,0,0,49,0,12.63680624961853,50,50,1,P1,0.9608790797811269,0.7531470665115485,0.8570130731463377
loading,2,greedy,fog,0,3.0,3.0,3.8995375633239746,1,50,0.8611131243169475,0.6599439832758685,0.7605285537964079,0,0,0.0,0,0,0,49,0,12.584139585494995,50,50,1,P1,0.8611131243169475,0.6599439832758685,0.7605285537964079
loading,3,greedy,fog,0,3.0,3.0,3.8995375633239746,1,50,0.9309779793816528,0.7988149210993001,0.8648964502404765,0,0,0.0,0,0,0,49,0,13.047722339630127,50,50,1,P1,0.9309779793816528,0.7988149210993001,0.8648964502404765
loading,1,greedy,fog,0,4.0,3.975006103515625,5.0,1,50,0.7699525792363948,0.5201247501509589,0.6450386646936769,0,0,0.0,0,0,0,49,0,13.92005968093872,50,50,1,P1,0.7699525792363948,0.5201247501509589,0.6450386646936769
loading,2,greedy,fog,0,4.0,3.975006103515625,5.0,1,50,0.7296508356850633,0.49405302559530884,0.6118519306401861,0,0,0.0,0,0,0,49,0,12.260632276535034,50,50,1,P1,0.7296508356850633,0.49405302559530884,0.6118519306401861
loading,3,greedy,fog,0,4.0,3.975006103515625,5.0,1,50,0.8845805841014293,0.7075944579987374,0.7960875210500833,0,0,0.0,0,0,0,49,0,10.798004865646362,50,50,1,P1,0.8845805841014293,0.7075944579987374,0.7960875210500833
loading,1,greedy,fog,0,5.0,4.522466659545898,5.0,1,50,0.7628520360876005,0.47575987634901096,0.6193059562183058,0,0,0.0,0,0,0,49,0,11.378951787948608,50,50,1,P1,0.7628520360876005,0.47575987634901096,0.6193059562183058
loading,2,greedy,fog,0,5.0,4.522466659545898,5.0,1,50,0.6731655122293477,0.42294788093305163,0.5480566965811997,0,0,0.0,0,0,0,49,0,11.046848773956299,50,50,1,P1,0.6731655122293477,0.42294788093305163,0.5480566965811997
loading,3,greedy,fog,0,5.0,4.522466659545898,5.0,1,50,0.7935121120019759,0.6164650927540404,0.7049886023780081,0,0,0.0,0,0,0,49,0,10.839210033416748,50,50,1,P1,0.7935121120019759,0.6164650927540404,0.7049886023780081
loading,1,greedy,sensor_noise,0,1.0,1.0955067873001099,1.299845814704895,1,50,0.9801455649032766,0.8566867327818467,0.9184161488425617,0,0,0.0,0,0,0,49,0,11.354318857192993,50,50,1,P1,0.9801455649032766,0.8566867327818467,0.9184161488425617
loading,2,greedy,sensor_noise,0,1.0,1.0955067873001099,1.299845814704895,1,50,0.899182909078242,0.7388273569157912,0.8190051329970166,0,0,0.0,0,0,0,49,0,11.999490022659302,50,50,1,P1,0.899182909078242,0.7388273569157912,0.8190051329970166
loading,3,greedy,sensor_noise,0,1.0,1.0955067873001099,1.299845814704895,1,50,0.9514492553708195,0.8519335742235357,0.9016914147971775,0,0,0.0,0,0,0,49,0,12.956423997879028,50,50,1,P1,0.9514492553708195,0.8519335742235357,0.9016914147971775
loading,1,greedy,sensor_noise,0,2.0,2.0,2.59969162940979,1,50,0.9792868239267206,0.8516931993760963,0.9154900116514084,0,0,0.0,0,0,0,49,0,13.787436485290527,50,50,1,P1,0.9792868239267206,0.8516931993760963,0.9154900116514084
loading,2,greedy,sensor_noise,0,2.0,2.0,2.59969162940979,1,50,0.8976705390947481,0.7242161365630235,0.8109433378288858,0,0,0.0,0,0,0,49,0,12.4225594997406,50,50,1,P1,0.8976705390947481,0.7242161365630235,0.8109433378288858
loading,3,greedy,sensor_noise,0,2.0,2.0,2.59969162940979,1,50,0.9479484893645025,0.8414230491316177,0.8946857692480601,0,0,0.0,0,0,0,49,0,15.039870738983154,50,50,1,P1,0.9479484893645025,0.8414230491316177,0.8946857692480601
loading,1,greedy,sensor_noise,0,3.0,3.0,3.8995375633239746,1,50,0.9771650920948873,0.8387845324226145,0.907974812258751,0,0,0.0,0,0,0,49,0,12.687836408615112,50,50,1,P1,0.9771650920948873,0.8387845324226145,0.907974812258751
loading,2,greedy,sensor_noise,0,3.0,3.0,3.8995375633239746,1,50,0.8876760959345529,0.7023940843288469,0.7950350901316998,0,0,0.0,0,0,0,49,0,12.263181686401367,50,50,1,P1,0.8876760959345529,0.7023940843288469,0.7950350901316998
loading,3,greedy,sensor_noise,0,3.0,3.0,3.8995375633239746,1,50,0.9427376027541533,0.827431860514006,0.8850847316340796,0,0,0.0,0,0,0,49,0,11.912004709243774,50,50,1,P1,0.9427376027541533,0.827431860514006,0.8850847316340796
loading,1,greedy,sensor_noise,0,4.0,3.975006103515625,5.0,1,50,0.9742052271440507,0.8210939958133432,0.8976496114786969,0,0,0.0,0,0,0,49,0,10.934208631515503,50,50,1,P1,0.9742052271440507,0.8210939958133432,0.8976496114786969
loading,2,greedy,sensor_noise,0,4.0,3.975006103515625,5.0,1,50,0.8781739394691591,0.6836728569045171,0.7809233981868381,0,0,0.0,0,0,0,49,0,11.194348335266113,50,50,1,P1,0.8781739394691591,0.6836728569045171,0.7809233981868381
loading,3,greedy,sensor_noise,0,4.0,3.975006103515625,5.0,1,50,0.935536236690762,0.8095536212438017,0.8725449289672819,0,0,0.0,0,0,0,49,0,11.285751104354858,50,50,1,P1,0.935536236690762,0.8095536212438017,0.8725449289672819
loading,1,greedy,sensor_noise,0,5.0,4.522466659545898,5.0,1,50,0.972616999370742,0.8113226332714774,0.8919698163211096,0,0,0.0,0,0,0,49,0,12.395487785339355,50,50,1,P1,0.972616999370742,0.8113226332714774,0.8919698163211096
loading,2,greedy,sensor_noise,0,5.0,4.522466659545898,5.0,1,50,0.8713437123041134,0.6753291629875758,0.7733364376458447,0,0,0.0,0,0,0,49,0,14.29790711402893,50,50,1,P1,0.8713437123041134,0.6753291629875758,0.7733364376458447
loading,3,greedy,sensor_noise,0,5.0,4.522466659545898,5.0,1,50,0.9310853891537333,0.8010244079700604,0.8660548985618968,0,0,0.0,0,0,0,49,0,14.238959074020386,50,50,1,P1,0.9310853891537333,0.8010244079700604,0.8660548985618968
loading,1,greedy,C1_fog_noise,1,1.0,1.0955067873001099,1.299845814704895,1,50,0.9778704975217195,0.8424697833928915,0.9101701404573055,0,0,0.0,0,0,0,49,0,12.246203422546387,50,50,1,P1,0.9778704975217195,0.8424697833928915,0.9101701404573055
loading,2,greedy,C1_fog_noise,1,1.0,1.0955067873001099,1.299845814704895,1,50,0.8983980323962438,0.7225852279422478,0.8104916301692457,0,0,0.0,0,0,0,49,0,11.489440679550171,50,50,1,P1,0.8983980323962438,0.7225852279422478,0.8104916301692457
loading,3,greedy,C1_fog_noise,1,1.0,1.0955067873001099,1.299845814704895,1,50,0.9486861293081091,0.8445941562357759,0.8966401427719426,0,0,0.0,0,0,0,49,0,11.105664730072021,50,50,1,P1,0.9486861293081091,0.8445941562357759,0.8966401427719426
loading,1,greedy,C1_fog_noise,1,2.0,2.0,2.59969162940979,1,50,0.9652071822473342,0.7671265173325942,0.8661668497899642,0,0,0.0,0,0,0,49,0,11.797703742980957,50,50,1,P1,0.9652071822473342,0.7671265173325942,0.8661668497899642
loading,2,greedy,C1_fog_noise,1,2.0,2.0,2.59969162940979,1,50,0.8488178106584905,0.6216948849099571,0.7352563477842238,0,0,0.0,0,0,0,49,0,11.741162776947021,50,50,1,P1,0.8488178106584905,0.6216948849099571,0.7352563477842238
loading,3,greedy,C1_fog_noise,1,2.0,2.0,2.59969162940979,1,50,0.9162462349799931,0.7765158683075195,0.8463810516437563,0,0,0.0,0,0,0,49,0,13.476454019546509,50,50,1,P1,0.9162462349799931,0.7765158683075195,0.8463810516437563
loading,1,greedy,C1_fog_noise,1,3.0,3.0,3.8995375633239746,1,50,0.7087629005272226,0.4311935485573127,0.5699782245422677,0,0,0.0,0,0,0,49,0,14.819338321685791,50,50,1,P1,0.7087629005272226,0.4311935485573127,0.5699782245422677
loading,2,greedy,C1_fog_noise,1,3.0,3.0,3.8995375633239746,1,50,0.6049485306852115,0.40714999192135215,0.5060492613032819,0,0,0.0,0,0,0,49,0,15.082458972930908,50,50,1,P1,0.6049485306852115,0.40714999192135215,0.5060492613032819
loading,3,greedy,C1_fog_noise,1,3.0,3.0,3.8995375633239746,1,50,0.6273618506197829,0.47327355659160547,0.5503177036056942,0,0,0.0,0,0,0,49,0,13.918509483337402,50,50,1,P1,0.6273618506197829,0.47327355659160547,0.5503177036056942
loading,1,greedy,C1_fog_noise,1,4.0,3.975006103515625,5.0,1,50,0.4414975477148498,0.15395981997341965,0.2977286838441347,0,0,0.0,0,0,0,49,0,12.95017957687378,50,50,1,P1,0.4414975477148498,0.15395981997341965,0.2977286838441347
loading,2,greedy,C1_fog_noise,1,4.0,3.975006103515625,5.0,1,50,0.4149706256993218,0.264102997409082,0.3395368115542019,0,0,0.0,0,0,0,49,0,12.455220937728882,50,50,1,P1,0.4149706256993218,0.264102997409082,0.3395368115542019
loading,3,greedy,C1_fog_noise,1,4.0,3.975006103515625,5.0,1,50,0.5158248932503164,0.298404121576527,0.4071145074134217,0,0,0.0,0,0,0,49,0,12.443294525146484,50,50,1,P1,0.5158248932503164,0.298404121576527,0.4071145074134217
loading,1,greedy,C1_fog_noise,1,5.0,4.522466659545898,5.0,1,50,0.38194273277283564,0.1141295980695192,0.2480361654211774,0,0,0.0,0,0,0,49,0,12.432735443115234,50,50,1,P1,0.38194273277283564,0.1141295980695192,0.2480361654211774
loading,2,greedy,C1_fog_noise,1,5.0,4.522466659545898,5.0,1,50,0.3489176791126751,0.1559684617691866,0.25244307044093084,0,0,0.0,0,0,0,49,0,13.229131937026978,50,50,1,P1,0.3489176791126751,0.1559684617691866,0.25244307044093084
loading,3,greedy,C1_fog_noise,1,5.0,4.522466659545898,5.0,1,50,0.46150109677673684,0.2069241644079283,0.3342126305923326,0,0,0.0,0,0,0,49,0,13.684990406036377,50,50,1,P1,0.46150109677673684,0.2069241644079283,0.3342126305923326
mbike-trick,1,greedy,fog,0,1.0,1.094285249710083,1.299921989440918,1,79,0.7214537337186365,0.6626432821278928,0.6920485079232647,0,0,0.0,0,0,0,78,0,20.30686068534851,79,79,1,P1,0.7214537337186365,0.6626432821278928,0.6920485079232647
mbike-trick,2,greedy,fog,0,1.0,1.094285249710083,1.299921989440918,1,79,0.8654622748350179,0.6693335306691341,0.7673979027520761,0,0,0.0,0,0,0,78,0,19.77262043952942,79,79,1,P1,0.8654622748350179,0.6693335306691341,0.7673979027520761
mbike-trick,1,greedy,fog,0,2.0,1.9930821657180786,2.599843978881836,1,79,0.6536567725131324,0.6040095325317807,0.6288331525224565,0,0,0.0,0,0,0,78,0,20.92158317565918,79,79,1,P1,0.6536567725131324,0.6040095325317807,0.6288331525224565
mbike-trick,2,greedy,fog,0,2.0,1.9930821657180786,2.599843978881836,1,79,0.8562370374931656,0.6560517443087067,0.7561443909009362,0,0,0.0,0,0,0,78,0,18.82470178604126,79,79,1,P1,0.8562370374931656,0.6560517443087067,0.7561443909009362
mbike-trick,1,greedy,fog,0,3.0,2.9896240234375,3.899766206741333,1,79,0.4234917873017003,0.4672725488554098,0.445382168078555,0,0,0.0,0,0,0,78,0,18.473084926605225,79,79,1,P1,0.4234917873017003,0.4672725488554098,0.445382168078555
mbike-trick,2,greedy,fog,0,3.0,2.9896240234375,3.899766206741333,1,79,0.8353717359585277,0.6090402904249541,0.7222060131917409,0,0,0.0,0,0,0,78,0,19.218097686767578,79,79,1,P1,0.8353717359585277,0.6090402904249541,0.7222060131917409
mbike-trick,1,greedy,fog,0,4.0,3.9616475105285645,5.0,1,79,0.37210740622982114,0.4264047206860695,0.3992560634579453,0,0,0.0,0,0,0,78,0,20.63536238670349,79,79,1,P1,0.37210740622982114,0.4264047206860695,0.3992560634579453
mbike-trick,2,greedy,fog,0,4.0,3.9616475105285645,5.0,1,79,0.620005539233957,0.40565512409254084,0.5128303316632489,0,0,0.0,0,0,0,78,0,20.648926734924316,79,79,1,P1,0.620005539233957,0.40565512409254084,0.5128303316632489
mbike-trick,1,greedy,fog,0,5.0,4.511280536651611,5.0,1,79,0.36154765482652546,0.4076777056788694,0.38461268025269746,0,0,0.0,0,0,0,78,0,19.64083242416382,79,79,1,P1,0.36154765482652546,0.4076777056788694,0.38461268025269746
mbike-trick,2,greedy,fog,0,5.0,4.511280536651611,5.0,1,79,0.608123216432354,0.37633306060152494,0.4922281385169395,0,0,0.0,0,0,0,78,0,19.982059955596924,79,79,1,P1,0.608123216432354,0.37633306060152494,0.4922281385169395
mbike-trick,1,greedy,sensor_noise,0,1.0,1.094285249710083,1.299921989440918,1,79,0.6452266280875534,0.6088179579777026,0.6270222930326279,0,0,0.0,0,0,0,78,0,18.584537506103516,79,79,1,P1,0.6452266280875534,0.6088179579777026,0.6270222930326279
mbike-trick,2,greedy,sensor_noise,0,1.0,1.094285249710083,1.299921989440918,1,79,0.868414394383572,0.6762964647256574,0.7723554295546147,0,0,0.0,0,0,0,78,0,21.09607768058777,79,79,1,P1,0.868414394383572,0.6762964647256574,0.7723554295546147
mbike-trick,1,greedy,sensor_noise,0,2.0,1.9930821657180786,2.599843978881836,1,79,0.4585000569820264,0.49921050773747616,0.4788552823597513,0,0,0.0,0,0,0,78,0,21.159817218780518,79,79,1,P1,0.4585000569820264,0.49921050773747616,0.4788552823597513
mbike-trick,2,greedy,sensor_noise,0,2.0,1.9930821657180786,2.599843978881836,1,79,0.8683077343389349,0.6775379699598216,0.7729228521493783,0,0,0.0,0,0,0,78,0,19.724234342575073,79,79,1,P1,0.8683077343389349,0.6775379699598216,0.7729228521493783
mbike-trick,1,greedy,sensor_noise,0,3.0,2.9896240234375,3.899766206741333,1,79,0.6300057225015434,0.5912674508410249,0.6106365866712842,0,0,0.0,0,0,0,78,0,20.224316358566284,79,79,1,P1,0.6300057225015434,0.5912674508410249,0.6106365866712842
mbike-trick,2,greedy,sensor_noise,0,3.0,2.9896240234375,3.899766206741333,1,79,0.8600239631704596,0.6649211025149027,0.7624725328426811,0,0,0.0,0,0,0,78,0,21.6847882270813,79,79,1,P1,0.8600239631704596,0.6649211025149027,0.7624725328426811
mbike-trick,1,greedy,sensor_noise,0,4.0,3.9616475105285645,5.0,1,79,0.6529988412816959,0.5893889373048682,0.621193889293282,0,0,0.0,0,0,0,78,0,22.037348985671997,79,79,1,P1,0.6529988412816959,0.5893889373048682,0.621193889293282
mbike-trick,2,greedy,sensor_noise,0,4.0,3.9616475105285645,5.0,1,79,0.623582960875159,0.451561945552272,0.5375724532137155,0,0,0.0,0,0,0,78,0,21.108208179473877,79,79,1,P1,0.623582960875159,0.451561945552272,0.5375724532137155
mbike-trick,1,greedy,sensor_noise,0,5.0,4.511280536651611,5.0,1,79,0.6414350126828534,0.5807370578148866,0.6110860352488701,0,0,0.0,0,0,0,78,0,19.069567441940308,79,79,1,P1,0.6414350126828534,0.5807370578148866,0.6110860352488701
mbike-trick,2,greedy,sensor_noise,0,5.0,4.511280536651611,5.0,1,79,0.6103889353276009,0.4334493301425228,0.5219191327350619,0,0,0.0,0,0,0,78,0,19.661457300186157,79,79,1,P1,0.6103889353276009,0.4334493301425228,0.5219191327350619
mbike-trick,1,greedy,C1_fog_noise,1,1.0,1.094285249710083,1.299921989440918,1,79,0.6196228301054563,0.5764071807124591,0.5980150054089577,0,0,0.0,0,0,0,78,0,21.811813831329346,79,79,1,P1,0.6196228301054563,0.5764071807124591,0.5980150054089577
mbike-trick,2,greedy,C1_fog_noise,1,1.0,1.094285249710083,1.299921989440918,1,79,0.8599875346017019,0.6544903158459743,0.7572389252238381,0,0,0.0,0,0,0,78,0,19.803138256072998,79,79,1,P1,0.8599875346017019,0.6544903158459743,0.7572389252238381
mbike-trick,1,greedy,C1_fog_noise,1,2.0,1.9930821657180786,2.599843978881836,1,79,0.4060724867035431,0.44573527598447815,0.42590388134401064,0,0,0.0,0,0,0,78,0,27.398418426513672,79,79,1,P1,0.4060724867035431,0.44573527598447815,0.42590388134401064
mbike-trick,2,greedy,C1_fog_noise,1,2.0,1.9930821657180786,2.599843978881836,1,79,0.6360192110478067,0.44015505057898024,0.5380871308133934,0,0,0.0,0,0,0,78,0,27.95381450653076,79,79,1,P1,0.6360192110478067,0.44015505057898024,0.5380871308133934
mbike-trick,1,greedy,C1_fog_noise,1,3.0,2.9896240234375,3.899766206741333,1,79,0.3453495258771458,0.3554659587871102,0.350407742332128,0,0,0.0,0,0,0,78,0,24.842695951461792,79,79,1,P1,0.3453495258771458,0.3554659587871102,0.350407742332128
mbike-trick,2,greedy,C1_fog_noise,1,3.0,2.9896240234375,3.899766206741333,1,79,0.5846713477300158,0.32796088996530964,0.45631611884766277,0,0,0.0,0,0,0,78,0,24.73266839981079,79,79,1,P1,0.5846713477300158,0.32796088996530964,0.45631611884766277
mbike-trick,1,greedy,C1_fog_noise,1,4.0,3.9616475105285645,5.0,1,79,0.23694809347683102,0.21959519256675306,0.22827164302179204,0,0,0.0,0,0,0,78,0,24.192362546920776,79,79,1,P1,0.23694809347683102,0.21959519256675306,0.22827164302179204
mbike-trick,2,greedy,C1_fog_noise,1,4.0,3.9616475105285645,5.0,1,79,0.3146828247044412,0.15172380651568368,0.23320331561006244,0,0,0.0,0,0,0,78,0,26.292116165161133,79,79,1,P1,0.3146828247044412,0.15172380651568368,0.23320331561006244
mbike-trick,1,greedy,C1_fog_noise,1,5.0,4.511280536651611,5.0,1,79,0.07604668129846481,0.09126953512849054,0.08365810821347767,0,0,0.0,0,0,0,78,0,21.905906915664673,79,79,1,P1,0.07604668129846481,0.09126953512849054,0.08365810821347767
mbike-trick,2,greedy,C1_fog_noise,1,5.0,4.511280536651611,5.0,1,79,0.2728310567454955,0.10657864800570269,0.1897048523755991,0,0,0.0,0,0,0,78,0,22.149729013442993,79,79,1,P1,0.2728310567454955,0.10657864800570269,0.1897048523755991
motocross-jump,1,greedy,fog,0,1.0,1.095432996749878,1.2994645833969116,1,40,0.49585907423407766,0.4115484168980654,0.4537037455660715,0,0,0.0,0,0,0,39,0,12.045871257781982,40,40,1,P1,0.49585907423407766,0.4115484168980654,0.4537037455660715
motocross-jump,2,greedy,fog,0,1.0,1.095432996749878,1.2994645833969116,1,40,0.31189705269570994,0.2490342014588638,0.28046562707728684,0,0,0.0,0,0,0,39,0,11.582680702209473,40,40,1,P1,0.31189705269570994,0.2490342014588638,0.28046562707728684
motocross-jump,1,greedy,fog,0,2.0,2.0,2.5989291667938232,1,40,0.41478060152198293,0.3494496390675191,0.38211512029475103,0,0,0.0,0,0,0,39,0,9.044777393341064,40,40,1,P1,0.41478060152198293,0.3494496390675191,0.38211512029475103
motocross-jump,2,greedy,fog,0,2.0,2.0,2.5989291667938232,1,40,0.7265324051000533,0.4925562122636961,0.6095443086818747,0,0,0.0,0,0,0,39,0,10.75326156616211,40,40,1,P1,0.7265324051000533,0.4925562122636961,0.6095443086818747
motocross-jump,1,greedy,fog,0,3.0,3.0,3.8983938694000244,1,40,0.37735668323466254,0.2883826422252905,0.33286966272997653,0,0,0.0,0,0,0,39,0,11.513744831085205,40,40,1,P1,0.37735668323466254,0.2883826422252905,0.33286966272997653
motocross-jump,2,greedy,fog,0,3.0,3.0,3.8983938694000244,1,40,0.6137220351641494,0.38930588969841934,0.5015139624312843,0,0,0.0,0,0,0,39,0,11.773499250411987,40,40,1,P1,0.6137220351641494,0.38930588969841934,0.5015139624312843
motocross-jump,1,greedy,fog,0,4.0,3.975623369216919,5.0,1,40,0.36458207476612065,0.27139305247772205,0.3179875636219214,0,0,0.0,0,0,0,39,0,10.376004457473755,40,40,1,P1,0.36458207476612065,0.27139305247772205,0.3179875636219214
motocross-jump,2,greedy,fog,0,4.0,3.975623369216919,5.0,1,40,0.4715405997919144,0.3013975954792808,0.3864690976355976,0,0,0.0,0,0,0,39,0,10.357481479644775,40,40,1,P1,0.4715405997919144,0.3013975954792808,0.3864690976355976
motocross-jump,1,greedy,fog,0,5.0,4.522834777832031,5.0,1,40,0.29096017302681454,0.18159641075350166,0.2362782918901581,0,0,0.0,0,0,0,39,0,9.352534770965576,40,40,1,P1,0.29096017302681454,0.18159641075350166,0.2362782918901581
motocross-jump,2,greedy,fog,0,5.0,4.522834777832031,5.0,1,40,0.3672665285334796,0.229040034917378,0.29815328172542876,0,0,0.0,0,0,0,39,0,10.194143056869507,40,40,1,P1,0.3672665285334796,0.229040034917378,0.29815328172542876
motocross-jump,1,greedy,sensor_noise,0,1.0,1.095432996749878,1.2994645833969116,1,40,0.46350050010368465,0.4216677615278945,0.44258413081578957,0,0,0.0,0,0,0,39,0,10.236559391021729,40,40,1,P1,0.46350050010368465,0.4216677615278945,0.44258413081578957
motocross-jump,2,greedy,sensor_noise,0,1.0,1.095432996749878,1.2994645833969116,1,40,0.3046846766825104,0.2512614146778211,0.2779730456801658,0,0,0.0,0,0,0,39,0,10.965593099594116,40,40,1,P1,0.3046846766825104,0.2512614146778211,0.2779730456801658
motocross-jump,1,greedy,sensor_noise,0,2.0,2.0,2.5989291667938232,1,40,0.5089785102166611,0.4281410502459109,0.46855978023128597,0,0,0.0,0,0,0,39,0,10.361594438552856,40,40,1,P1,0.5089785102166611,0.4281410502459109,0.46855978023128597
motocross-jump,2,greedy,sensor_noise,0,2.0,2.0,2.5989291667938232,1,40,0.2998320948954718,0.24015625660564927,0.2699941757505605,0,0,0.0,0,0,0,39,0,9.881455183029175,40,40,1,P1,0.2998320948954718,0.24015625660564927,0.2699941757505605
motocross-jump,1,greedy,sensor_noise,0,3.0,3.0,3.8983938694000244,1,40,0.502721989646321,0.41553605027812257,0.4591290199622218,0,0,0.0,0,0,0,39,0,11.383449792861938,40,40,1,P1,0.502721989646321,0.41553605027812257,0.4591290199622218
motocross-jump,2,greedy,sensor_noise,0,3.0,3.0,3.8983938694000244,1,40,0.26649195073310017,0.20560791784562799,0.23604993428936408,0,0,0.0,0,0,0,39,0,13.219001054763794,40,40,1,P1,0.26649195073310017,0.20560791784562799,0.23604993428936408
motocross-jump,1,greedy,sensor_noise,0,4.0,3.975623369216919,5.0,1,40,0.48000300836287113,0.38721272675928275,0.43360786756107694,0,0,0.0,0,0,0,39,0,11.570016145706177,40,40,1,P1,0.48000300836287113,0.38721272675928275,0.43360786756107694
motocross-jump,2,greedy,sensor_noise,0,4.0,3.975623369216919,5.0,1,40,0.26740221729816943,0.18771108846942477,0.22755665288379712,0,0,0.0,0,0,0,39,0,10.195006132125854,40,40,1,P1,0.26740221729816943,0.18771108846942477,0.22755665288379712
motocross-jump,1,greedy,sensor_noise,0,5.0,4.522834777832031,5.0,1,40,0.4798025685464388,0.38661797489125316,0.43321027171884596,0,0,0.0,0,0,0,39,0,11.531509399414062,40,40,1,P1,0.4798025685464388,0.38661797489125316,0.43321027171884596
motocross-jump,2,greedy,sensor_noise,0,5.0,4.522834777832031,5.0,1,40,0.2619212123142652,0.18402525865804922,0.22297323548615722,0,0,0.0,0,0,0,39,0,11.092406272888184,40,40,1,P1,0.2619212123142652,0.18402525865804922,0.22297323548615722
motocross-jump,1,greedy,C1_fog_noise,1,1.0,1.095432996749878,1.2994645833969116,1,40,0.1745834157166776,0.19007598315014113,0.18232969943340938,0,0,0.0,0,0,0,39,0,11.317348718643188,40,40,1,P1,0.1745834157166776,0.19007598315014113,0.18232969943340938
motocross-jump,2,greedy,C1_fog_noise,1,1.0,1.095432996749878,1.2994645833969116,1,40,0.26887594538915727,0.20990665912674564,0.23939130225795147,0,0,0.0,0,0,0,39,0,10.546285629272461,40,40,1,P1,0.26887594538915727,0.20990665912674564,0.23939130225795147
motocross-jump,1,greedy,C1_fog_noise,1,2.0,2.0,2.5989291667938232,1,40,0.23869875663865336,0.2599811031060968,0.24933992987237508,0,0,0.0,0,0,0,39,0,10.796756982803345,40,40,1,P1,0.23869875663865336,0.2599811031060968,0.24933992987237508
motocross-jump,2,greedy,C1_fog_noise,1,2.0,2.0,2.5989291667938232,1,40,0.5726939465374805,0.3778824304119226,0.47528818847470156,0,0,0.0,0,0,0,39,0,10.491848707199097,40,40,1,P1,0.5726939465374805,0.3778824304119226,0.47528818847470156
motocross-jump,1,greedy,C1_fog_noise,1,3.0,3.0,3.8983938694000244,1,40,0.19194473886474273,0.16884463947524334,0.18039468916999302,0,0,0.0,0,0,0,39,0,9.818617582321167,40,40,1,P1,0.19194473886474273,0.16884463947524334,0.18039468916999302
motocross-jump,2,greedy,C1_fog_noise,1,3.0,3.0,3.8983938694000244,1,40,0.29968680366230266,0.1833138113851432,0.24150030752372292,0,0,0.0,0,0,0,39,0,10.330915689468384,40,40,1,P1,0.29968680366230266,0.1833138113851432,0.24150030752372292
motocross-jump,1,greedy,C1_fog_noise,1,4.0,3.975623369216919,5.0,1,40,0.18751734985196872,0.1417389513128891,0.1646281505824289,0,0,0.0,0,0,0,39,0,9.973864555358887,40,40,1,P1,0.18751734985196872,0.1417389513128891,0.1646281505824289
motocross-jump,2,greedy,C1_fog_noise,1,4.0,3.975623369216919,5.0,1,40,0.2585092926735049,0.13934228011387895,0.19892578639369193,0,0,0.0,0,0,0,39,0,10.363032102584839,40,40,1,P1,0.2585092926735049,0.13934228011387895,0.19892578639369193
motocross-jump,1,greedy,C1_fog_noise,1,5.0,4.522834777832031,5.0,1,40,0.2322787863955856,0.12602946390274566,0.17915412514916562,0,0,0.0,0,0,0,39,0,10.381856679916382,40,40,1,P1,0.2322787863955856,0.12602946390274566,0.17915412514916562
motocross-jump,2,greedy,C1_fog_noise,1,5.0,4.522834777832031,5.0,1,40,0.1847074124800738,0.10649472555706603,0.14560106901856992,0,0,0.0,0,0,0,39,0,10.806521892547607,40,40,1,P1,0.1847074124800738,0.10649472555706603,0.14560106901856992
paragliding-launch,1,greedy,fog,0,1.0,1.0953563451766968,1.2999893426895142,1,80,0.6241779464308812,0.4329693160059209,0.5285736312184011,0,0,0.0,0,0,0,79,0,20.13478422164917,80,80,1,P1,0.6241779464308812,0.4329693160059209,0.5285736312184011
paragliding-launch,2,greedy,fog,0,1.0,1.0953563451766968,1.2999893426895142,1,80,0.3795277174255998,0.5703745802992943,0.47495114886244705,0,0,0.0,0,0,0,79,0,20.05397605895996,80,80,1,P1,0.3795277174255998,0.5703745802992943,0.47495114886244705
paragliding-launch,3,greedy,fog,0,1.0,1.0953563451766968,1.2999893426895142,1,80,0.1737451777798106,0.33916912163195334,0.25645714970588196,0,0,0.0,0,0,0,79,0,25.367905378341675,80,80,1,P1,0.1737451777798106,0.33916912163195334,0.25645714970588196
paragliding-launch,1,greedy,fog,0,2.0,2.0,2.5999786853790283,1,80,0.6144723347196546,0.4250971303049245,0.5197847325122895,0,0,0.0,0,0,0,79,0,22.081960439682007,80,80,1,P1,0.6144723347196546,0.4250971303049245,0.5197847325122895
paragliding-launch,2,greedy,fog,0,2.0,2.0,2.5999786853790283,1,80,0.38174154173441976,0.5770921693404553,0.4794168555374375,0,0,0.0,0,0,0,79,0,20.730639934539795,80,80,1,P1,0.38174154173441976,0.5770921693404553,0.4794168555374375
paragliding-launch,3,greedy,fog,0,2.0,2.0,2.5999786853790283,1,80,0.1747664301476359,0.3273759502880828,0.25107119021785934,0,0,0.0,0,0,0,79,0,22.066447973251343,80,80,1,P1,0.1747664301476359,0.3273759502880828,0.25107119021785934
paragliding-launch,1,greedy,fog,0,3.0,3.0,3.899968147277832,1,80,0.6025828217933032,0.40930971782650094,0.5059462698099021,0,0,0.0,0,0,0,79,0,18.85883355140686,80,80,1,P1,0.6025828217933032,0.40930971782650094,0.5059462698099021
paragliding-launch,2,greedy,fog,0,3.0,3.0,3.899968147277832,1,80,0.375648226828861,0.5424828537321686,0.4590655402805148,0,0,0.0,0,0,0,79,0,19.28274703025818,80,80,1,P1,0.375648226828861,0.5424828537321686,0.4590655402805148
paragliding-launch,3,greedy,fog,0,3.0,3.0,3.899968147277832,1,80,0.16104657662081928,0.30767116312587045,0.23435886987334487,0,0,0.0,0,0,0,79,0,22.432453393936157,80,80,1,P1,0.16104657662081928,0.30767116312587045,0.23435886987334487
paragliding-launch,1,greedy,fog,0,4.0,3.975222110748291,5.0,1,80,0.60112005606517,0.39855072105159356,0.49983538855838183,0,0,0.0,0,0,0,79,0,21.480870485305786,80,80,1,P1,0.60112005606517,0.39855072105159356,0.49983538855838183
paragliding-launch,2,greedy,fog,0,4.0,3.975222110748291,5.0,1,80,0.37019308294756553,0.5010525560256424,0.435622819486604,0,0,0.0,0,0,0,79,0,22.25088357925415,80,80,1,P1,0.37019308294756553,0.5010525560256424,0.435622819486604
paragliding-launch,3,greedy,fog,0,4.0,3.975222110748291,5.0,1,80,0.13749758567281867,0.2802532377510384,0.20887541171192853,0,0,0.0,0,0,0,79,0,20.977899074554443,80,80,1,P1,0.13749758567281867,0.2802532377510384,0.20887541171192853
paragliding-launch,1,greedy,fog,0,5.0,4.523218631744385,5.0,1,80,0.5948356392021463,0.38601698859611827,0.49042631389913227,0,0,0.0,0,0,0,79,0,19.956143856048584,80,80,1,P1,0.5948356392021463,0.38601698859611827,0.49042631389913227
paragliding-launch,2,greedy,fog,0,5.0,4.523218631744385,5.0,1,80,0.36448671206416794,0.4741642388019713,0.41932547543306964,0,0,0.0,0,0,0,79,0,20.565853595733643,80,80,1,P1,0.36448671206416794,0.4741642388019713,0.41932547543306964
paragliding-launch,3,greedy,fog,0,5.0,4.523218631744385,5.0,1,80,0.1349788210855875,0.2540796550658767,0.1945292380757321,0,0,0.0,0,0,0,79,0,20.922175407409668,80,80,1,P1,0.1349788210855875,0.2540796550658767,0.1945292380757321
paragliding-launch,1,greedy,sensor_noise,0,1.0,1.0953563451766968,1.2999893426895142,1,80,0.6111992232134429,0.4122157215656525,0.5117074723895477,0,0,0.0,0,0,0,79,0,21.59188413619995,80,80,1,P1,0.6111992232134429,0.4122157215656525,0.5117074723895477
paragliding-launch,2,greedy,sensor_noise,0,1.0,1.0953563451766968,1.2999893426895142,1,80,0.3722770120988298,0.5469144011955475,0.45959570664718863,0,0,0.0,0,0,0,79,0,21.841832160949707,80,80,1,P1,0.3722770120988298,0.5469144011955475,0.45959570664718863
paragliding-launch,3,greedy,sensor_noise,0,1.0,1.0953563451766968,1.2999893426895142,1,80,0.17904340202171265,0.3519036164875059,0.2654735092546093,0,0,0.0,0,0,0,79,0,22.41923975944519,80,80,1,P1,0.17904340202171265,0.3519036164875059,0.2654735092546093
paragliding-launch,1,greedy,sensor_noise,0,2.0,2.0,2.5999786853790283,1,80,0.6112710487214237,0.41736444687580276,0.5143177477986132,0,0,0.0,0,0,0,79,0,22.28986692428589,80,80,1,P1,0.6112710487214237,0.41736444687580276,0.5143177477986132
paragliding-launch,2,greedy,sensor_noise,0,2.0,2.0,2.5999786853790283,1,80,0.3901661934035329,0.5632585393343694,0.4767123663689512,0,0,0.0,0,0,0,79,0,21.48660159111023,80,80,1,P1,0.3901661934035329,0.5632585393343694,0.4767123663689512
paragliding-launch,3,greedy,sensor_noise,0,2.0,2.0,2.5999786853790283,1,80,0.1325002600904091,0.2634158936878826,0.19795807688914585,0,0,0.0,0,0,0,79,0,21.449798107147217,80,80,1,P1,0.1325002600904091,0.2634158936878826,0.19795807688914585
paragliding-launch,1,greedy,sensor_noise,0,3.0,3.0,3.899968147277832,1,80,0.6102225438218796,0.41746553923363744,0.5138440415277585,0,0,0.0,0,0,0,79,0,20.856740951538086,80,80,1,P1,0.6102225438218796,0.41746553923363744,0.5138440415277585
paragliding-launch,2,greedy,sensor_noise,0,3.0,3.0,3.899968147277832,1,80,0.37970158630254475,0.5519525259146171,0.4658270561085809,0,0,0.0,0,0,0,79,0,20.55235719680786,80,80,1,P1,0.37970158630254475,0.5519525259146171,0.4658270561085809
paragliding-launch,3,greedy,sensor_noise,0,3.0,3.0,3.899968147277832,1,80,0.15742940347197307,0.2826244547685295,0.2200269291202513,0,0,0.0,0,0,0,79,0,22.80941939353943,80,80,1,P1,0.15742940347197307,0.2826244547685295,0.2200269291202513
paragliding-launch,1,greedy,sensor_noise,0,4.0,3.975222110748291,5.0,1,80,0.6070622394622139,0.41601514070154877,0.5115386900818814,0,0,0.0,0,0,0,79,0,21.77875018119812,80,80,1,P1,0.6070622394622139,0.41601514070154877,0.5115386900818814
paragliding-launch,2,greedy,sensor_noise,0,4.0,3.975222110748291,5.0,1,80,0.37391446909037934,0.5358150148442464,0.45486474196731286,0,0,0.0,0,0,0,79,0,21.245436906814575,80,80,1,P1,0.37391446909037934,0.5358150148442464,0.45486474196731286
paragliding-launch,3,greedy,sensor_noise,0,4.0,3.975222110748291,5.0,1,80,0.09981584789918074,0.1973023866519687,0.14855911727557472,0,0,0.0,0,0,0,79,0,22.73142719268799,80,80,1,P1,0.09981584789918074,0.1973023866519687,0.14855911727557472
paragliding-launch,1,greedy,sensor_noise,0,5.0,4.523218631744385,5.0,1,80,0.6041388828257057,0.4139187778908563,0.5090288303582811,0,0,0.0,0,0,0,79,0,23.239001989364624,80,80,1,P1,0.6041388828257057,0.4139187778908563,0.5090288303582811
paragliding-launch,2,greedy,sensor_noise,0,5.0,4.523218631744385,5.0,1,80,0.37256221135073175,0.5259210770647259,0.44924164420772883,0,0,0.0,0,0,0,79,0,22.41363787651062,80,80,1,P1,0.37256221135073175,0.5259210770647259,0.44924164420772883
paragliding-launch,3,greedy,sensor_noise,0,5.0,4.523218631744385,5.0,1,80,0.1376964849367595,0.24087211091349606,0.1892842979251278,0,0,0.0,0,0,0,79,0,22.20160484313965,80,80,1,P1,0.1376964849367595,0.24087211091349606,0.1892842979251278
paragliding-launch,1,greedy,C1_fog_noise,1,1.0,1.0953563451766968,1.2999893426895142,1,80,0.610042250659673,0.409050179170781,0.509546214915227,0,0,0.0,0,0,0,79,0,19.911844491958618,80,80,1,P1,0.610042250659673,0.409050179170781,0.509546214915227
paragliding-launch,2,greedy,C1_fog_noise,1,1.0,1.0953563451766968,1.2999893426895142,1,80,0.3790906320966546,0.5481384585166944,0.4636145453066745,0,0,0.0,0,0,0,79,0,19.905009984970093,80,80,1,P1,0.3790906320966546,0.5481384585166944,0.4636145453066745
paragliding-launch,3,greedy,C1_fog_noise,1,1.0,1.0953563451766968,1.2999893426895142,1,80,0.17927749441201057,0.33166993960049346,0.255473717006252,0,0,0.0,0,0,0,79,0,18.91106629371643,80,80,1,P1,0.17927749441201057,0.33166993960049346,0.255473717006252
paragliding-launch,1,greedy,C1_fog_noise,1,2.0,2.0,2.5999786853790283,1,80,0.5974927434865556,0.39910394265798893,0.4982983430722723,0,0,0.0,0,0,0,79,0,20.734607934951782,80,80,1,P1,0.5974927434865556,0.39910394265798893,0.4982983430722723
paragliding-launch,2,greedy,C1_fog_noise,1,2.0,2.0,2.5999786853790283,1,80,0.3751405364593986,0.5131195293111659,0.44413003288528224,0,0,0.0,0,0,0,79,0,21.842294692993164,80,80,1,P1,0.3751405364593986,0.5131195293111659,0.44413003288528224
paragliding-launch,3,greedy,C1_fog_noise,1,2.0,2.0,2.5999786853790283,1,80,0.14840386237110376,0.26804405577364154,0.20822395907237265,0,0,0.0,0,0,0,79,0,19.923539400100708,80,80,1,P1,0.14840386237110376,0.26804405577364154,0.20822395907237265
paragliding-launch,1,greedy,C1_fog_noise,1,3.0,3.0,3.899968147277832,1,80,0.5760873343362931,0.3571284978336907,0.4666079160849919,0,0,0.0,0,0,0,79,0,20.93952250480652,80,80,1,P1,0.5760873343362931,0.3571284978336907,0.4666079160849919
paragliding-launch,2,greedy,C1_fog_noise,1,3.0,3.0,3.899968147277832,1,80,0.3226299015834352,0.41641144288922816,0.36952067223633167,0,0,0.0,0,0,0,79,0,22.3892879486084,80,80,1,P1,0.3226299015834352,0.41641144288922816,0.36952067223633167
paragliding-launch,3,greedy,C1_fog_noise,1,3.0,3.0,3.899968147277832,1,80,0.05639988945936958,0.15473039128754973,0.10556514037345965,0,0,0.0,0,0,0,79,0,21.68580150604248,80,80,1,P1,0.05639988945936958,0.15473039128754973,0.10556514037345965
paragliding-launch,1,greedy,C1_fog_noise,1,4.0,3.975222110748291,5.0,1,80,0.4350815678045053,0.2646410123148848,0.349861290059695,0,0,0.0,0,0,0,79,0,19.739868640899658,80,80,1,P1,0.4350815678045053,0.2646410123148848,0.349861290059695
paragliding-launch,2,greedy,C1_fog_noise,1,4.0,3.975222110748291,5.0,1,80,0.20355775832450265,0.2750352278938165,0.23929649310915957,0,0,0.0,0,0,0,79,0,21.87428617477417,80,80,1,P1,0.20355775832450265,0.2750352278938165,0.23929649310915957
paragliding-launch,3,greedy,C1_fog_noise,1,4.0,3.975222110748291,5.0,1,80,0.0589173625243814,0.09051605608001936,0.07471670930220038,0,0,0.0,0,0,0,79,0,21.266664266586304,80,80,1,P1,0.0589173625243814,0.09051605608001936,0.07471670930220038
paragliding-launch,1,greedy,C1_fog_noise,1,5.0,4.523218631744385,5.0,1,80,0.4251516354672075,0.2512123805806371,0.3381820080239223,0,0,0.0,0,0,0,79,0,22.85626482963562,80,80,1,P1,0.4251516354672075,0.2512123805806371,0.3381820080239223
paragliding-launch,2,greedy,C1_fog_noise,1,5.0,4.523218631744385,5.0,1,80,0.1760890950764111,0.23122502661347832,0.20365706084494473,0,0,0.0,0,0,0,79,0,19.457539319992065,80,80,1,P1,0.1760890950764111,0.23122502661347832,0.20365706084494473
paragliding-launch,3,greedy,C1_fog_noise,1,5.0,4.523218631744385,5.0,1,80,0.08365869924597744,0.1237756571510696,0.10371717819852352,0,0,0.0,0,0,0,79,0,16.889151573181152,80,80,1,P1,0.08365869924597744,0.1237756571510696,0.10371717819852352
parkour,1,greedy,fog,0,1.0,1.0955097675323486,1.2998558282852173,1,100,0.8962160126198536,0.7986610469549765,0.8474385297874151,0,0,0.0,0,0,0,99,0,21.13283371925354,100,100,1,P1,0.8962160126198536,0.7986610469549765,0.8474385297874151
parkour,1,greedy,fog,0,2.0,2.0,2.5997116565704346,1,100,0.8970095818945958,0.7994095755523897,0.8482095787234927,0,0,0.0,0,0,0,99,0,27.532130241394043,100,100,1,P1,0.8970095818945958,0.7994095755523897,0.8482095787234927
parkour,1,greedy,fog,0,3.0,3.000000238418579,3.8995673656463623,1,100,0.8917229057402462,0.7844545964906574,0.8380887511154518,0,0,0.0,0,0,0,99,0,28.77816390991211,100,100,1,P1,0.8917229057402462,0.7844545964906574,0.8380887511154518
parkour,1,greedy,fog,0,4.0,3.975292921066284,5.0,1,100,0.8679459302401777,0.7177304365871937,0.7928381834136857,0,0,0.0,0,0,0,99,0,23.592385053634644,100,100,1,P1,0.8679459302401777,0.7177304365871937,0.7928381834136857
parkour,1,greedy,fog,0,5.0,4.5224504470825195,5.0,1,100,0.8480012185364043,0.678385924076808,0.7631935713066061,0,0,0.0,0,0,0,99,0,21.645121097564697,100,100,1,P1,0.8480012185364043,0.678385924076808,0.7631935713066061
parkour,1,greedy,sensor_noise,0,1.0,1.0955097675323486,1.2998558282852173,1,100,0.8959999931918832,0.7953468028194834,0.8456733980056833,0,0,0.0,0,0,0,99,0,26.2102472782135,100,100,1,P1,0.8959999931918832,0.7953468028194834,0.8456733980056833
parkour,1,greedy,sensor_noise,0,2.0,2.0,2.5997116565704346,1,100,0.895514559631457,0.7979323748929242,0.8467234672621906,0,0,0.0,0,0,0,99,0,26.82617950439453,100,100,1,P1,0.895514559631457,0.7979323748929242,0.8467234672621906
parkour,1,greedy,sensor_noise,0,3.0,3.000000238418579,3.8995673656463623,1,100,0.8943794936925543,0.793599317580265,0.8439894056364097,0,0,0.0,0,0,0,99,0,26.435046434402466,100,100,1,P1,0.8943794936925543,0.793599317580265,0.8439894056364097
parkour,1,greedy,sensor_noise,0,4.0,3.975292921066284,5.0,1,100,0.8929635227283858,0.7876667909794702,0.840315156853928,0,0,0.0,0,0,0,99,0,27.79118514060974,100,100,1,P1,0.8929635227283858,0.7876667909794702,0.840315156853928
parkour,1,greedy,sensor_noise,0,5.0,4.5224504470825195,5.0,1,100,0.8917253195449163,0.7830613474625012,0.8373933335037087,0,0,0.0,0,0,0,99,0,27.350465297698975,100,100,1,P1,0.8917253195449163,0.7830613474625012,0.8373933335037087
parkour,1,greedy,C1_fog_noise,1,1.0,1.0955097675323486,1.2998558282852173,1,100,0.8950461682947025,0.7946989532726322,0.8448725607836673,0,0,0.0,0,0,0,99,0,21.57799482345581,100,100,1,P1,0.8950461682947025,0.7946989532726322,0.8448725607836673
parkour,1,greedy,C1_fog_noise,1,2.0,2.0,2.5997116565704346,1,100,0.8829028440563862,0.7601788855383123,0.8215408647973492,0,0,0.0,0,0,0,99,0,21.451128482818604,100,100,1,P1,0.8829028440563862,0.7601788855383123,0.8215408647973492
parkour,1,greedy,C1_fog_noise,1,3.0,3.000000238418579,3.8995673656463623,1,100,0.7993794558809172,0.589276570410764,0.6943280131458406,0,0,0.0,0,0,0,99,0,21.989221334457397,100,100,1,P1,0.7993794558809172,0.589276570410764,0.6943280131458406
parkour,1,greedy,C1_fog_noise,1,4.0,3.975292921066284,5.0,1,100,0.09193946245551318,0.0641446693099404,0.07804206588272679,0,0,0.0,0,0,0,99,0,26.639415740966797,100,100,1,P1,0.09193946245551318,0.0641446693099404,0.07804206588272679
parkour,1,greedy,C1_fog_noise,1,5.0,4.5224504470825195,5.0,1,100,0.08262459950949885,0.05679783209332887,0.06971121580141386,0,0,0.0,0,0,0,99,0,27.62747573852539,100,100,1,P1,0.08262459950949885,0.05679783209332887,0.06971121580141386
pigs,1,greedy,fog,0,1.0,1.09423828125,1.299739956855774,1,79,0.9215689181712889,0.7749716845304054,0.8482703013508472,0,0,0.0,0,0,0,78,0,20.64728808403015,79,79,1,P1,0.9215689181712889,0.7749716845304054,0.8482703013508472
pigs,2,greedy,fog,0,1.0,1.09423828125,1.299739956855774,1,79,0.7300470785951197,0.7246947478673683,0.727370913231244,0,0,0.0,0,0,0,78,0,20.71840810775757,79,79,1,P1,0.7300470785951197,0.7246947478673683,0.727370913231244
pigs,3,greedy,fog,0,1.0,1.09423828125,1.299739956855774,1,79,0.9605565666940697,0.7881867893536432,0.8743716780238564,0,0,0.0,0,0,0,78,0,21.20566201210022,79,79,1,P1,0.9605565666940697,0.7881867893536432,0.8743716780238564
pigs,1,greedy,fog,0,2.0,1.998172402381897,2.599479913711548,1,79,0.9160675541802482,0.7594759166168608,0.8377717353985545,0,0,0.0,0,0,0,78,0,19.81752300262451,79,79,1,P1,0.9160675541802482,0.7594759166168608,0.8377717353985545
pigs,2,greedy,fog,0,2.0,1.998172402381897,2.599479913711548,1,79,0.7202405144774806,0.7108613103157534,0.7155509123966171,0,0,0.0,0,0,0,78,0,19.975279569625854,79,79,1,P1,0.7202405144774806,0.7108613103157534,0.7155509123966171
pigs,3,greedy,fog,0,2.0,1.998172402381897,2.599479913711548,1,79,0.9584417354587091,0.7754222408221985,0.8669319881404538,0,0,0.0,0,0,0,78,0,20.411924362182617,79,79,1,P1,0.9584417354587091,0.7754222408221985,0.8669319881404538
pigs,1,greedy,fog,0,3.0,2.9972586631774902,3.8992199897766113,1,79,0.9039433380415368,0.7177077798423627,0.8108255589419497,0,0,0.0,0,0,0,78,0,21.962546825408936,79,79,1,P1,0.9039433380415368,0.7177077798423627,0.8108255589419497
pigs,2,greedy,fog,0,3.0,2.9972586631774902,3.8992199897766113,1,79,0.6946091053365001,0.6680870162003008,0.6813480607684004,0,0,0.0,0,0,0,78,0,22.00532579421997,79,79,1,P1,0.6946091053365001,0.6680870162003008,0.6813480607684004
pigs,3,greedy,fog,0,3.0,2.9972586631774902,3.8992199897766113,1,79,0.9512143778009937,0.7323387210988578,0.8417765494499257,0,0,0.0,0,0,0,78,0,20.570202350616455,79,79,1,P1,0.9512143778009937,0.7323387210988578,0.8417765494499257
pigs,1,greedy,fog,0,4.0,3.971950054168701,5.0,1,79,0.8827170093588532,0.6484791575358346,0.7655980834473439,0,0,0.0,0,0,0,78,0,20.11793279647827,79,79,1,P1,0.8827170093588532,0.6484791575358346,0.7655980834473439
pigs,2,greedy,fog,0,4.0,3.971950054168701,5.0,1,79,0.5892626343822976,0.5119897466550195,0.5506261905186586,0,0,0.0,0,0,0,78,0,19.307657480239868,79,79,1,P1,0.5892626343822976,0.5119897466550195,0.5506261905186586
pigs,3,greedy,fog,0,4.0,3.971950054168701,5.0,1,79,0.9379535488166676,0.6738399274421508,0.8058967381294092,0,0,0.0,0,0,0,78,0,17.301072120666504,79,79,1,P1,0.9379535488166676,0.6738399274421508,0.8058967381294092
pigs,1,greedy,fog,0,5.0,4.524239540100098,5.0,1,79,0.8662635433317034,0.5951036885227238,0.7306836159272136,0,0,0.0,0,0,0,78,0,16.181492805480957,79,79,1,P1,0.8662635433317034,0.5951036885227238,0.7306836159272136
pigs,2,greedy,fog,0,5.0,4.524239540100098,5.0,1,79,0.5491990608334407,0.4958113765789829,0.5225052187062118,0,0,0.0,0,0,0,78,0,17.17380404472351,79,79,1,P1,0.5491990608334407,0.4958113765789829,0.5225052187062118
pigs,3,greedy,fog,0,5.0,4.524239540100098,5.0,1,79,0.925050777912201,0.6243102818438105,0.7746805298780057,0,0,0.0,0,0,0,78,0,20.418924808502197,79,79,1,P1,0.925050777912201,0.6243102818438105,0.7746805298780057
pigs,1,greedy,sensor_noise,0,1.0,1.09423828125,1.299739956855774,1,79,0.9248718046771578,0.7769602714860647,0.8509160380816112,0,0,0.0,0,0,0,78,0,20.751572847366333,79,79,1,P1,0.9248718046771578,0.7769602714860647,0.8509160380816112
pigs,2,greedy,sensor_noise,0,1.0,1.09423828125,1.299739956855774,1,79,0.7285077106236116,0.7239091486495653,0.7262084296365885,0,0,0.0,0,0,0,78,0,21.49681806564331,79,79,1,P1,0.7285077106236116,0.7239091486495653,0.7262084296365885
pigs,3,greedy,sensor_noise,0,1.0,1.09423828125,1.299739956855774,1,79,0.9459117352496137,0.7645168395524229,0.8552142874010182,0,0,0.0,0,0,0,78,0,23.2682683467865,79,79,1,P1,0.9459117352496137,0.7645168395524229,0.8552142874010182
pigs,1,greedy,sensor_noise,0,2.0,1.998172402381897,2.599479913711548,1,79,0.9219025004635751,0.7716758920229282,0.8467891962432517,0,0,0.0,0,0,0,78,0,19.787534952163696,79,79,1,P1,0.9219025004635751,0.7716758920229282,0.8467891962432517
pigs,2,greedy,sensor_noise,0,2.0,1.998172402381897,2.599479913711548,1,79,0.7172777795593241,0.7117131635650512,0.7144954715621876,0,0,0.0,0,0,0,78,0,19.723165035247803,79,79,1,P1,0.7172777795593241,0.7117131635650512,0.7144954715621876
pigs,3,greedy,sensor_noise,0,2.0,1.998172402381897,2.599479913711548,1,79,0.9416336882362918,0.7492777757647315,0.8454557320005116,0,0,0.0,0,0,0,78,0,20.466159343719482,79,79,1,P1,0.9416336882362918,0.7492777757647315,0.8454557320005116
pigs,1,greedy,sensor_noise,0,3.0,2.9972586631774902,3.8992199897766113,1,79,0.9173368148803718,0.7567869179257699,0.8370618664030709,0,0,0.0,0,0,0,78,0,20.05752730369568,79,79,1,P1,0.9173368148803718,0.7567869179257699,0.8370618664030709
pigs,2,greedy,sensor_noise,0,3.0,2.9972586631774902,3.8992199897766113,1,79,0.7133692780190231,0.6988766222642089,0.706122950141616,0,0,0.0,0,0,0,78,0,20.70841407775879,79,79,1,P1,0.7133692780190231,0.6988766222642089,0.706122950141616
pigs,3,greedy,sensor_noise,0,3.0,2.9972586631774902,3.8992199897766113,1,79,0.9405354279554881,0.7372836236855321,0.8389095258205101,0,0,0.0,0,0,0,78,0,21.307308197021484,79,79,1,P1,0.9405354279554881,0.7372836236855321,0.8389095258205101
pigs,1,greedy,sensor_noise,0,4.0,3.971950054168701,5.0,1,79,0.9101285878027153,0.732792403307072,0.8214604955548936,0,0,0.0,0,0,0,78,0,21.98512077331543,79,79,1,P1,0.9101285878027153,0.732792403307072,0.8214604955548936
pigs,2,greedy,sensor_noise,0,4.0,3.971950054168701,5.0,1,79,0.7051421590010649,0.6815238112521241,0.6933329851265946,0,0,0.0,0,0,0,78,0,20.803245306015015,79,79,1,P1,0.7051421590010649,0.6815238112521241,0.6933329851265946
pigs,3,greedy,sensor_noise,0,4.0,3.971950054168701,5.0,1,79,0.9425572812356985,0.7198563300406433,0.831206805638171,0,0,0.0,0,0,0,78,0,20.64205241203308,79,79,1,P1,0.9425572812356985,0.7198563300406433,0.831206805638171
pigs,1,greedy,sensor_noise,0,5.0,4.524239540100098,5.0,1,79,0.9065486101560573,0.7187112643442765,0.8126299372501669,0,0,0.0,0,0,0,78,0,21.4347882270813,79,79,1,P1,0.9065486101560573,0.7187112643442765,0.8126299372501669
pigs,2,greedy,sensor_noise,0,5.0,4.524239540100098,5.0,1,79,0.7001821166994614,0.670880808836223,0.6855314627678422,0,0,0.0,0,0,0,78,0,19.274152517318726,79,79,1,P1,0.7001821166994614,0.670880808836223,0.6855314627678422
pigs,3,greedy,sensor_noise,0,5.0,4.524239540100098,5.0,1,79,0.9539905527833096,0.7375026046532541,0.8457465787182818,0,0,0.0,0,0,0,78,0,22.138899326324463,79,79,1,P1,0.9539905527833096,0.7375026046532541,0.8457465787182818
pigs,1,greedy,C1_fog_noise,1,1.0,1.09423828125,1.299739956855774,1,79,0.9214801688188117,0.7700756864582853,0.8457779276385484,0,0,0.0,0,0,0,78,0,21.22090244293213,79,79,1,P1,0.9214801688188117,0.7700756864582853,0.8457779276385484
pigs,2,greedy,C1_fog_noise,1,1.0,1.09423828125,1.299739956855774,1,79,0.7349959113171844,0.6956314759983045,0.7153136936577444,0,0,0.0,0,0,0,78,0,20.842499256134033,79,79,1,P1,0.7349959113171844,0.6956314759983045,0.7153136936577444
pigs,3,greedy,C1_fog_noise,1,1.0,1.09423828125,1.299739956855774,1,79,0.9444351826833779,0.7529253699413324,0.8486802763123551,0,0,0.0,0,0,0,78,0,21.172641038894653,79,79,1,P1,0.9444351826833779,0.7529253699413324,0.8486802763123551
pigs,1,greedy,C1_fog_noise,1,2.0,1.998172402381897,2.599479913711548,1,79,0.8983900894770236,0.6894198053695102,0.7939049474232669,0,0,0.0,0,0,0,78,0,21.413154125213623,79,79,1,P1,0.8983900894770236,0.6894198053695102,0.7939049474232669
pigs,2,greedy,C1_fog_noise,1,2.0,1.998172402381897,2.599479913711548,1,79,0.704162386888886,0.6570302199228607,0.6805963034058733,0,0,0.0,0,0,0,78,0,19.549939393997192,79,79,1,P1,0.704162386888886,0.6570302199228607,0.6805963034058733
pigs,3,greedy,C1_fog_noise,1,2.0,1.998172402381897,2.599479913711548,1,79,0.9482254145761857,0.718032417331042,0.8331289159536138,0,0,0.0,0,0,0,78,0,21.132420301437378,79,79,1,P1,0.9482254145761857,0.718032417331042,0.8331289159536138
pigs,1,greedy,C1_fog_noise,1,3.0,2.9972586631774902,3.8992199897766113,1,79,0.7569170178436057,0.41430065835241475,0.5856088380980102,0,0,0.0,0,0,0,78,0,21.328747272491455,79,79,1,P1,0.7569170178436057,0.41430065835241475,0.5856088380980102
pigs,2,greedy,C1_fog_noise,1,3.0,2.9972586631774902,3.8992199897766113,1,79,0.5901587230184994,0.447015054216664,0.5185868886175817,0,0,0.0,0,0,0,78,0,21.489370822906494,79,79,1,P1,0.5901587230184994,0.447015054216664,0.5185868886175817
pigs,3,greedy,C1_fog_noise,1,3.0,2.9972586631774902,3.8992199897766113,1,79,0.8086742024177954,0.49394524652050115,0.6513097244691483,0,0,0.0,0,0,0,78,0,22.164688110351562,79,79,1,P1,0.8086742024177954,0.49394524652050115,0.6513097244691483
pigs,1,greedy,C1_fog_noise,1,4.0,3.971950054168701,5.0,1,79,0.33171893217772314,0.1383415888943911,0.23503026053605713,0,0,0.0,0,0,0,78,0,21.33478879928589,79,79,1,P1,0.33171893217772314,0.1383415888943911,0.23503026053605713
pigs,2,greedy,C1_fog_noise,1,4.0,3.971950054168701,5.0,1,79,0.4047838519758235,0.2577388293072299,0.3312613406415267,0,0,0.0,0,0,0,78,0,20.793588638305664,79,79,1,P1,0.4047838519758235,0.2577388293072299,0.3312613406415267
pigs,3,greedy,C1_fog_noise,1,4.0,3.971950054168701,5.0,1,79,0.32320272049015714,0.21224781971365397,0.26772527010190555,0,0,0.0,0,0,0,78,0,22.26868963241577,79,79,1,P1,0.32320272049015714,0.21224781971365397,0.26772527010190555
pigs,1,greedy,C1_fog_noise,1,5.0,4.524239540100098,5.0,1,79,0.3145789427922371,0.10312923991422325,0.20885409135323016,0,0,0.0,0,0,0,78,0,22.328399658203125,79,79,1,P1,0.3145789427922371,0.10312923991422325,0.20885409135323016
pigs,2,greedy,C1_fog_noise,1,5.0,4.524239540100098,5.0,1,79,0.2576450390789142,0.11741340050366116,0.18752921979128767,0,0,0.0,0,0,0,78,0,21.252389907836914,79,79,1,P1,0.2576450390789142,0.11741340050366116,0.18752921979128767
pigs,3,greedy,C1_fog_noise,1,5.0,4.524239540100098,5.0,1,79,0.5610994758184789,0.19493419624701813,0.3780168360327485,0,0,0.0,0,0,0,78,0,17.930007457733154,79,79,1,P1,0.5610994758184789,0.19493419624701813,0.3780168360327485
scooter-black,1,greedy,fog,0,1.0,1.093359112739563,1.2966963052749634,1,43,0.2705995717937912,0.3022897109310452,0.2864446413624182,0,0,0.0,0,0,0,42,0,10.370951414108276,43,43,1,P1,0.2705995717937912,0.3022897109310452,0.2864446413624182
scooter-black,2,greedy,fog,0,1.0,1.093359112739563,1.2966963052749634,1,43,0.7313878415743107,0.5591341985805978,0.6452610200774542,0,0,0.0,0,0,0,42,0,10.153574228286743,43,43,1,P1,0.7313878415743107,0.5591341985805978,0.6452610200774542
scooter-black,1,greedy,fog,0,2.0,1.991288661956787,2.5933926105499268,1,43,0.2700858665007165,0.30002070920874313,0.28505328785472983,0,0,0.0,0,0,0,42,0,9.096312046051025,43,43,1,P1,0.2700858665007165,0.30002070920874313,0.28505328785472983
scooter-black,2,greedy,fog,0,2.0,1.991288661956787,2.5933926105499268,1,43,0.7289285096005176,0.5538700155587881,0.6413992625796529,0,0,0.0,0,0,0,42,0,9.117045879364014,43,43,1,P1,0.7289285096005176,0.5538700155587881,0.6413992625796529
scooter-black,1,greedy,fog,0,3.0,2.9869327545166016,3.8900890350341797,1,43,0.26530225636098986,0.29049680668173183,0.2778995315213608,0,0,0.0,0,0,0,42,0,8.983702421188354,43,43,1,P1,0.26530225636098986,0.29049680668173183,0.2778995315213608
scooter-black,2,greedy,fog,0,3.0,2.9869327545166016,3.8900890350341797,1,43,0.7232045242396044,0.5406037700125357,0.63190414712607,0,0,0.0,0,0,0,42,0,9.640376806259155,43,43,1,P1,0.7232045242396044,0.5406037700125357,0.63190414712607
scooter-black,1,greedy,fog,0,4.0,3.957669734954834,5.0,1,43,0.24881461082452977,0.2577270572896367,0.2532708340570832,0,0,0.0,0,0,0,42,0,9.545451641082764,43,43,1,P1,0.24881461082452977,0.2577270572896367,0.2532708340570832
scooter-black,2,greedy,fog,0,4.0,3.957669734954834,5.0,1,43,0.7131501330938463,0.506830494118158,0.6099903136060021,0,0,0.0,0,0,0,42,0,11.38807487487793,43,43,1,P1,0.7131501330938463,0.506830494118158,0.6099903136060021
scooter-black,1,greedy,fog,0,5.0,4.511425495147705,5.0,1,43,0.24778661827942786,0.24651467831227655,0.2471506482958522,0,0,0.0,0,0,0,42,0,11.62535309791565,43,43,1,P1,0.24778661827942786,0.24651467831227655,0.2471506482958522
scooter-black,2,greedy,fog,0,5.0,4.511425495147705,5.0,1,43,0.7024906033955962,0.48136887923588423,0.5919297413157403,0,0,0.0,0,0,0,42,0,11.088364362716675,43,43,1,P1,0.7024906033955962,0.48136887923588423,0.5919297413157403
scooter-black,1,greedy,sensor_noise,0,1.0,1.093359112739563,1.2966963052749634,1,43,0.2709149299408644,0.303154847630144,0.2870348887855042,0,0,0.0,0,0,0,42,0,11.877319812774658,43,43,1,P1,0.2709149299408644,0.303154847630144,0.2870348887855042
scooter-black,2,greedy,sensor_noise,0,1.0,1.093359112739563,1.2966963052749634,1,43,0.7326523720311823,0.5588014526355576,0.64572691233337,0,0,0.0,0,0,0,42,0,12.054986000061035,43,43,1,P1,0.7326523720311823,0.5588014526355576,0.64572691233337
scooter-black,1,greedy,sensor_noise,0,2.0,1.991288661956787,2.5933926105499268,1,43,0.27170012657511805,0.3088147553876633,0.29025744098139067,0,0,0.0,0,0,0,42,0,11.181104183197021,43,43,1,P1,0.27170012657511805,0.3088147553876633,0.29025744098139067
scooter-black,2,greedy,sensor_noise,0,2.0,1.991288661956787,2.5933926105499268,1,43,0.7347953412114065,0.560968580857355,0.6478819610343808,0,0,0.0,0,0,0,42,0,11.875054836273193,43,43,1,P1,0.7347953412114065,0.560968580857355,0.6478819610343808
scooter-black,1,greedy,sensor_noise,0,3.0,2.9869327545166016,3.8900890350341797,1,43,0.3418840853828433,0.3681103420446325,0.35499721371373794,0,0,0.0,0,0,0,42,0,11.696062326431274,43,43,1,P1,0.3418840853828433,0.3681103420446325,0.35499721371373794
scooter-black,2,greedy,sensor_noise,0,3.0,2.9869327545166016,3.8900890350341797,1,43,0.7323637212145369,0.5552505024526355,0.6438071118335862,0,0,0.0,0,0,0,42,0,9.491751909255981,43,43,1,P1,0.7323637212145369,0.5552505024526355,0.6438071118335862
scooter-black,1,greedy,sensor_noise,0,4.0,3.957669734954834,5.0,1,43,0.26731427778277195,0.2993619995856688,0.28333813868422036,0,0,0.0,0,0,0,42,0,11.391038656234741,43,43,1,P1,0.26731427778277195,0.2993619995856688,0.28333813868422036
scooter-black,2,greedy,sensor_noise,0,4.0,3.957669734954834,5.0,1,43,0.7299327489701581,0.5487205808701882,0.6393266649201732,0,0,0.0,0,0,0,42,0,11.942359924316406,43,43,1,P1,0.7299327489701581,0.5487205808701882,0.6393266649201732
scooter-black,1,greedy,sensor_noise,0,5.0,4.511425495147705,5.0,1,43,0.2683029161255511,0.29199390159889854,0.2801484088622248,0,0,0.0,0,0,0,42,0,12.048473834991455,43,43,1,P1,0.2683029161255511,0.29199390159889854,0.2801484088622248
scooter-black,2,greedy,sensor_noise,0,5.0,4.511425495147705,5.0,1,43,0.7283403402019087,0.5422428252028391,0.635291582702374,0,0,0.0,0,0,0,42,0,12.248728036880493,43,43,1,P1,0.7283403402019087,0.5422428252028391,0.635291582702374
scooter-black,1,greedy,C1_fog_noise,1,1.0,1.093359112739563,1.2966963052749634,1,43,0.2716559738192759,0.3020903596563445,0.2868731667378102,0,0,0.0,0,0,0,42,0,12.427046537399292,43,43,1,P1,0.2716559738192759,0.3020903596563445,0.2868731667378102
scooter-black,2,greedy,C1_fog_noise,1,1.0,1.093359112739563,1.2966963052749634,1,43,0.7296046713782943,0.553812799847822,0.6417087356130582,0,0,0.0,0,0,0,42,0,11.485774517059326,43,43,1,P1,0.7296046713782943,0.553812799847822,0.6417087356130582
scooter-black,1,greedy,C1_fog_noise,1,2.0,1.991288661956787,2.5933926105499268,1,43,0.2671584893429524,0.28359819486851434,0.27537834210573336,0,0,0.0,0,0,0,42,0,11.580021142959595,43,43,1,P1,0.2671584893429524,0.28359819486851434,0.27537834210573336
scooter-black,2,greedy,C1_fog_noise,1,2.0,1.991288661956787,2.5933926105499268,1,43,0.7182843952709912,0.5232705702969115,0.6207774827839514,0,0,0.0,0,0,0,42,0,12.306962966918945,43,43,1,P1,0.7182843952709912,0.5232705702969115,0.6207774827839514
scooter-black,1,greedy,C1_fog_noise,1,3.0,2.9869327545166016,3.8900890350341797,1,43,0.23614962894077252,0.21320356804330273,0.22467659849203764,0,0,0.0,0,0,0,42,0,11.934246301651001,43,43,1,P1,0.23614962894077252,0.21320356804330273,0.22467659849203764
scooter-black,2,greedy,C1_fog_noise,1,3.0,2.9869327545166016,3.8900890350341797,1,43,0.6749619226099939,0.432414416767392,0.5536881696886929,0,0,0.0,0,0,0,42,0,12.103007078170776,43,43,1,P1,0.6749619226099939,0.432414416767392,0.5536881696886929
scooter-black,1,greedy,C1_fog_noise,1,4.0,3.957669734954834,5.0,1,43,0.0503192423587181,0.06032050487524609,0.055319873616982096,0,0,0.0,0,0,0,42,0,11.064058780670166,43,43,1,P1,0.0503192423587181,0.06032050487524609,0.055319873616982096
scooter-black,2,greedy,C1_fog_noise,1,4.0,3.957669734954834,5.0,1,43,0.536714504619434,0.29159546181132107,0.4141549832153776,0,0,0.0,0,0,0,42,0,12.106788873672485,43,43,1,P1,0.536714504619434,0.29159546181132107,0.4141549832153776
scooter-black,1,greedy,C1_fog_noise,1,5.0,4.511425495147705,5.0,1,43,0.04275222660578165,0.05300707569933645,0.04787965115255905,0,0,0.0,0,0,0,42,0,11.663811922073364,43,43,1,P1,0.04275222660578165,0.05300707569933645,0.04787965115255905
scooter-black,2,greedy,C1_fog_noise,1,5.0,4.511425495147705,5.0,1,43,0.4363467273041997,0.20439730379249826,0.320372015548349,0,0,0.0,0,0,0,42,0,9.217065811157227,43,43,1,P1,0.4363467273041997,0.20439730379249826,0.320372015548349
shooting,1,greedy,fog,0,1.0,1.0958011150360107,1.2980244159698486,1,40,0.18885141554289192,0.11372571403169414,0.15128856478729302,0,0,0.0,0,0,0,39,0,9.996590852737427,40,40,1,P1,0.18885141554289192,0.11372571403169414,0.15128856478729302
shooting,2,greedy,fog,0,1.0,1.0958011150360107,1.2980244159698486,1,40,0.8838432823225618,0.5210557961506124,0.702449539236587,0,0,0.0,0,0,0,39,0,10.242703914642334,40,40,1,P1,0.8838432823225618,0.5210557961506124,0.702449539236587
shooting,3,greedy,fog,0,1.0,1.0958011150360107,1.2980244159698486,1,40,0.915274154066865,0.8207283009222767,0.8680012274945708,0,0,0.0,0,0,0,39,0,10.176805973052979,40,40,1,P1,0.915274154066865,0.8207283009222767,0.8680012274945708
shooting,1,greedy,fog,0,2.0,2.0,2.5960488319396973,1,40,0.06476587511957406,0.07325056575301571,0.06900822043629488,0,0,0.0,0,0,0,39,0,10.983866930007935,40,40,1,P1,0.06476587511957406,0.07325056575301571,0.06900822043629488
shooting,2,greedy,fog,0,2.0,2.0,2.5960488319396973,1,40,0.8560041763628414,0.4577734183087653,0.6568887973358033,0,0,0.0,0,0,0,39,0,11.952269315719604,40,40,1,P1,0.8560041763628414,0.4577734183087653,0.6568887973358033
shooting,3,greedy,fog,0,2.0,2.0,2.5960488319396973,1,40,0.8837773762384608,0.7808211170898165,0.8322992466641386,0,0,0.0,0,0,0,39,0,11.903698444366455,40,40,1,P1,0.8837773762384608,0.7808211170898165,0.8322992466641386
shooting,1,greedy,fog,0,3.0,3.0,3.894073247909546,1,40,0.1948080224929488,0.1586467424086911,0.17672738245081993,0,0,0.0,0,0,0,39,0,11.747128248214722,40,40,1,P1,0.1948080224929488,0.1586467424086911,0.17672738245081993
shooting,2,greedy,fog,0,3.0,3.0,3.894073247909546,1,40,0.7689654522433041,0.3436492051399252,0.5563073286916147,0,0,0.0,0,0,0,39,0,12.083031415939331,40,40,1,P1,0.7689654522433041,0.3436492051399252,0.5563073286916147
shooting,3,greedy,fog,0,3.0,3.0,3.894073247909546,1,40,0.870319613701847,0.7488806641618447,0.8096001389318459,0,0,0.0,0,0,0,39,0,11.797457695007324,40,40,1,P1,0.870319613701847,0.7488806641618447,0.8096001389318459
shooting,1,greedy,fog,0,4.0,3.974757671356201,5.0,1,40,0.1757465083451161,0.0874033551917148,0.13157493176841545,0,0,0.0,0,0,0,39,0,12.52701735496521,40,40,1,P1,0.1757465083451161,0.0874033551917148,0.13157493176841545
shooting,2,greedy,fog,0,4.0,3.974757671356201,5.0,1,40,0.7493968859921845,0.3136894056900467,0.5315431458411156,0,0,0.0,0,0,0,39,0,12.208923816680908,40,40,1,P1,0.7493968859921845,0.3136894056900467,0.5315431458411156
shooting,3,greedy,fog,0,4.0,3.974757671356201,5.0,1,40,0.7510340908112096,0.634923845932564,0.6929789683718868,0,0,0.0,0,0,0,39,0,13.139585733413696,40,40,1,P1,0.7510340908112096,0.634923845932564,0.6929789683718868
shooting,1,greedy,fog,0,5.0,4.520993709564209,5.0,1,40,0.36334961059480464,0.15702338302336147,0.26018649680908307,0,0,0.0,0,0,0,39,0,13.043853998184204,40,40,1,P1,0.36334961059480464,0.15702338302336147,0.26018649680908307
shooting,2,greedy,fog,0,5.0,4.520993709564209,5.0,1,40,0.52053305040578,0.2104188784208949,0.36547596441333746,0,0,0.0,0,0,0,39,0,12.41618800163269,40,40,1,P1,0.52053305040578,0.2104188784208949,0.36547596441333746
shooting,3,greedy,fog,0,5.0,4.520993709564209,5.0,1,40,0.6948800557045711,0.572743157592712,0.6338116066486416,0,0,0.0,0,0,0,39,0,13.541483879089355,40,40,1,P1,0.6948800557045711,0.572743157592712,0.6338116066486416
shooting,1,greedy,sensor_noise,0,1.0,1.0958011150360107,1.2980244159698486,1,40,0.20072944522627428,0.11596633863542258,0.15834789193084842,0,0,0.0,0,0,0,39,0,12.564472913742065,40,40,1,P1,0.20072944522627428,0.11596633863542258,0.15834789193084842
shooting,2,greedy,sensor_noise,0,1.0,1.0958011150360107,1.2980244159698486,1,40,0.8935983918358467,0.554508776531577,0.7240535841837119,0,0,0.0,0,0,0,39,0,12.952277183532715,40,40,1,P1,0.8935983918358467,0.554508776531577,0.7240535841837119
shooting,3,greedy,sensor_noise,0,1.0,1.0958011150360107,1.2980244159698486,1,40,0.740435528344402,0.751347068126441,0.7458912982354216,0,0,0.0,0,0,0,39,0,13.167246580123901,40,40,1,P1,0.740435528344402,0.751347068126441,0.7458912982354216
shooting,1,greedy,sensor_noise,0,2.0,2.0,2.5960488319396973,1,40,0.200717416815937,0.11387620959495522,0.1572968132054461,0,0,0.0,0,0,0,39,0,12.966789960861206,40,40,1,P1,0.200717416815937,0.11387620959495522,0.1572968132054461
shooting,2,greedy,sensor_noise,0,2.0,2.0,2.5960488319396973,1,40,0.885769754085836,0.5362671399062877,0.7110184469960619,0,0,0.0,0,0,0,39,0,11.01250147819519,40,40,1,P1,0.885769754085836,0.5362671399062877,0.7110184469960619
shooting,3,greedy,sensor_noise,0,2.0,2.0,2.5960488319396973,1,40,0.9186218360150255,0.8213217288998503,0.8699717824574379,0,0,0.0,0,0,0,39,0,9.899266481399536,40,40,1,P1,0.9186218360150255,0.8213217288998503,0.8699717824574379
shooting,1,greedy,sensor_noise,0,3.0,3.0,3.894073247909546,1,40,0.19782007146585956,0.10853909393965559,0.15317958270275758,0,0,0.0,0,0,0,39,0,9.936436414718628,40,40,1,P1,0.19782007146585956,0.10853909393965559,0.15317958270275758
shooting,2,greedy,sensor_noise,0,3.0,3.0,3.894073247909546,1,40,0.8893029418690872,0.5237496512411924,0.7065262965551398,0,0,0.0,0,0,0,39,0,10.355122327804565,40,40,1,P1,0.8893029418690872,0.5237496512411924,0.7065262965551398
shooting,3,greedy,sensor_noise,0,3.0,3.0,3.894073247909546,1,40,0.919248124420071,0.8217830728959068,0.8705155986579889,0,0,0.0,0,0,0,39,0,11.05812406539917,40,40,1,P1,0.919248124420071,0.8217830728959068,0.8705155986579889
shooting,1,greedy,sensor_noise,0,4.0,3.974757671356201,5.0,1,40,0.5153400713737624,0.2683994340322572,0.3918697527030098,0,0,0.0,0,0,0,39,0,10.106008768081665,40,40,1,P1,0.5153400713737624,0.2683994340322572,0.3918697527030098
shooting,2,greedy,sensor_noise,0,4.0,3.974757671356201,5.0,1,40,0.8785376409506599,0.5012322570301672,0.6898849489904135,0,0,0.0,0,0,0,39,0,10.163755416870117,40,40,1,P1,0.8785376409506599,0.5012322570301672,0.6898849489904135
shooting,3,greedy,sensor_noise,0,4.0,3.974757671356201,5.0,1,40,0.9160306939703086,0.8161310237018163,0.8660808588360625,0,0,0.0,0,0,0,39,0,9.844815969467163,40,40,1,P1,0.9160306939703086,0.8161310237018163,0.8660808588360625
shooting,1,greedy,sensor_noise,0,5.0,4.520993709564209,5.0,1,40,0.5077304324693797,0.25064385600922856,0.3791871442393041,0,0,0.0,0,0,0,39,0,9.760260820388794,40,40,1,P1,0.5077304324693797,0.25064385600922856,0.3791871442393041
shooting,2,greedy,sensor_noise,0,5.0,4.520993709564209,5.0,1,40,0.8748321758168618,0.49480165998071834,0.6848169178987901,0,0,0.0,0,0,0,39,0,10.16954517364502,40,40,1,P1,0.8748321758168618,0.49480165998071834,0.6848169178987901
shooting,3,greedy,sensor_noise,0,5.0,4.520993709564209,5.0,1,40,0.9136391925095122,0.8117785242163278,0.86270885836292,0,0,0.0,0,0,0,39,0,11.380791902542114,40,40,1,P1,0.9136391925095122,0.8117785242163278,0.86270885836292
shooting,1,greedy,C1_fog_noise,1,1.0,1.0958011150360107,1.2980244159698486,1,40,0.19460056143932913,0.11102832550149624,0.15281444347041268,0,0,0.0,0,0,0,39,0,13.098148584365845,40,40,1,P1,0.19460056143932913,0.11102832550149624,0.15281444347041268
shooting,2,greedy,C1_fog_noise,1,1.0,1.0958011150360107,1.2980244159698486,1,40,0.8868018696831402,0.5349306391209128,0.7108662544020266,0,0,0.0,0,0,0,39,0,11.858334064483643,40,40,1,P1,0.8868018696831402,0.5349306391209128,0.7108662544020266
shooting,3,greedy,C1_fog_noise,1,1.0,1.0958011150360107,1.2980244159698486,1,40,0.9115813059096898,0.806790957039375,0.8591861314745324,0,0,0.0,0,0,0,39,0,12.129508972167969,40,40,1,P1,0.9115813059096898,0.806790957039375,0.8591861314745324
shooting,1,greedy,C1_fog_noise,1,2.0,2.0,2.5960488319396973,1,40,0.12551023792194185,0.05900309888242511,0.09225666840218348,0,0,0.0,0,0,0,39,0,11.491264581680298,40,40,1,P1,0.12551023792194185,0.05900309888242511,0.09225666840218348
shooting,2,greedy,C1_fog_noise,1,2.0,2.0,2.5960488319396973,1,40,0.7942620855636957,0.40214725500891735,0.5982046702863065,0,0,0.0,0,0,0,39,0,10.342838048934937,40,40,1,P1,0.7942620855636957,0.40214725500891735,0.5982046702863065
shooting,3,greedy,C1_fog_noise,1,2.0,2.0,2.5960488319396973,1,40,0.8920058136898508,0.7643097415057882,0.8281577775978195,0,0,0.0,0,0,0,39,0,10.056503295898438,40,40,1,P1,0.8920058136898508,0.7643097415057882,0.8281577775978195
shooting,1,greedy,C1_fog_noise,1,3.0,3.0,3.894073247909546,1,40,0.1591261717416723,0.06427533053912572,0.11170075114039901,0,0,0.0,0,0,0,39,0,11.47832179069519,40,40,1,P1,0.1591261717416723,0.06427533053912572,0.11170075114039901
shooting,2,greedy,C1_fog_noise,1,3.0,3.0,3.894073247909546,1,40,0.7336485606695492,0.2999266444773877,0.5167876025734685,0,0,0.0,0,0,0,39,0,11.933834075927734,40,40,1,P1,0.7336485606695492,0.2999266444773877,0.5167876025734685
shooting,3,greedy,C1_fog_noise,1,3.0,3.0,3.894073247909546,1,40,0.728195135880526,0.6238676284201486,0.6760313821503373,0,0,0.0,0,0,0,39,0,13.435052633285522,40,40,1,P1,0.728195135880526,0.6238676284201486,0.6760313821503373
shooting,1,greedy,C1_fog_noise,1,4.0,3.974757671356201,5.0,1,40,0.1777867693722502,0.059906332136165974,0.11884655075420808,0,0,0.0,0,0,0,39,0,12.035566091537476,40,40,1,P1,0.1777867693722502,0.059906332136165974,0.11884655075420808
shooting,2,greedy,C1_fog_noise,1,4.0,3.974757671356201,5.0,1,40,0.12413792824874961,0.06166878796890327,0.09290335810882644,0,0,0.0,0,0,0,39,0,10.113633632659912,40,40,1,P1,0.12413792824874961,0.06166878796890327,0.09290335810882644
shooting,3,greedy,C1_fog_noise,1,4.0,3.974757671356201,5.0,1,40,0.6841978192726227,0.5090206032077321,0.5966092112401774,0,0,0.0,0,0,0,39,0,10.426519393920898,40,40,1,P1,0.6841978192726227,0.5090206032077321,0.5966092112401774
shooting,1,greedy,C1_fog_noise,1,5.0,4.520993709564209,5.0,1,40,0.19101763348227863,0.054464998890021134,0.12274131618614988,0,0,0.0,0,0,0,39,0,10.311979055404663,40,40,1,P1,0.19101763348227863,0.054464998890021134,0.12274131618614988
shooting,2,greedy,C1_fog_noise,1,5.0,4.520993709564209,5.0,1,40,0.13242809658440025,0.06384674630388107,0.09813742144414066,0,0,0.0,0,0,0,39,0,10.253190517425537,40,40,1,P1,0.13242809658440025,0.06384674630388107,0.09813742144414066
shooting,3,greedy,C1_fog_noise,1,5.0,4.520993709564209,5.0,1,40,0.6357491429964878,0.4400166683792522,0.53788290568787,0,0,0.0,0,0,0,39,0,9.843477249145508,40,40,1,P1,0.6357491429964878,0.4400166683792522,0.53788290568787
soapbox,1,greedy,fog,0,1.0,1.0946614742279053,1.2999917268753052,1,99,0.6818348950293966,0.5996053352104216,0.6407201151199091,0,0,0.0,0,0,0,98,0,22.00207495689392,99,99,1,P1,0.6818348950293966,0.5996053352104216,0.6407201151199091
soapbox,2,greedy,fog,0,1.0,1.0946614742279053,1.2999917268753052,1,99,0.268578209840712,0.28460444863815454,0.2765913292394333,0,0,0.0,0,0,0,98,0,27.206092834472656,99,99,1,P1,0.268578209840712,0.28460444863815454,0.2765913292394333
soapbox,3,greedy,fog,0,1.0,1.0946614742279053,1.2999917268753052,1,99,0.8923212380834394,0.8088458437974267,0.8505835409404331,0,0,0.0,0,0,0,98,0,26.274712085723877,99,99,1,P1,0.8923212380834394,0.8088458437974267,0.8505835409404331
soapbox,1,greedy,fog,0,2.0,2.000239133834839,2.5999834537506104,1,99,0.6859680747509476,0.6017830507038817,0.6438755627274146,0,0,0.0,0,0,0,98,0,26.731478214263916,99,99,1,P1,0.6859680747509476,0.6017830507038817,0.6438755627274146
soapbox,2,greedy,fog,0,2.0,2.000239133834839,2.5999834537506104,1,99,0.25319744681581896,0.2656298574949081,0.2594136521553635,0,0,0.0,0,0,0,98,0,28.201489448547363,99,99,1,P1,0.25319744681581896,0.2656298574949081,0.2594136521553635
soapbox,3,greedy,fog,0,2.0,2.000239133834839,2.5999834537506104,1,99,0.8889360780324349,0.8050684149735666,0.8470022465030007,0,0,0.0,0,0,0,98,0,26.808879375457764,99,99,1,P1,0.8889360780324349,0.8050684149735666,0.8470022465030007
soapbox,1,greedy,fog,0,3.0,3.000358819961548,3.899975299835205,1,99,0.6809093983969318,0.5822650723335219,0.6315872353652268,0,0,0.0,0,0,0,98,0,25.784584999084473,99,99,1,P1,0.6809093983969318,0.5822650723335219,0.6315872353652268
soapbox,2,greedy,fog,0,3.0,3.000358819961548,3.899975299835205,1,99,0.21796362167200176,0.22999872350525988,0.22398117258863082,0,0,0.0,0,0,0,98,0,26.239554166793823,99,99,1,P1,0.21796362167200176,0.22999872350525988,0.22398117258863082
soapbox,3,greedy,fog,0,3.0,3.000358819961548,3.899975299835205,1,99,0.8532995383165508,0.7659847273984592,0.809642132857505,0,0,0.0,0,0,0,98,0,26.943235397338867,99,99,1,P1,0.8532995383165508,0.7659847273984592,0.809642132857505
soapbox,1,greedy,fog,0,4.0,3.975886821746826,5.0,1,99,0.6739157461833637,0.5415397140455116,0.6077277301144377,0,0,0.0,0,0,0,98,0,27.758299350738525,99,99,1,P1,0.6739157461833637,0.5415397140455116,0.6077277301144377
soapbox,2,greedy,fog,0,4.0,3.975886821746826,5.0,1,99,0.21198966425833746,0.21621064251008146,0.21410015338420946,0,0,0.0,0,0,0,98,0,26.928351640701294,99,99,1,P1,0.21198966425833746,0.21621064251008146,0.21410015338420946
soapbox,3,greedy,fog,0,4.0,3.975886821746826,5.0,1,99,0.1836734816531741,0.22973956726907974,0.20670652446112692,0,0,0.0,0,0,0,98,0,25.236147165298462,99,99,1,P1,0.1836734816531741,0.22973956726907974,0.20670652446112692
soapbox,1,greedy,fog,0,5.0,4.527290344238281,5.0,1,99,0.6637241819163667,0.509926160230349,0.5868251710733579,0,0,0.0,0,0,0,98,0,24.53349494934082,99,99,1,P1,0.6637241819163667,0.509926160230349,0.5868251710733579
soapbox,2,greedy,fog,0,5.0,4.527290344238281,5.0,1,99,0.20992170672561847,0.20375619834282183,0.20683895253422013,0,0,0.0,0,0,0,98,0,26.201666355133057,99,99,1,P1,0.20992170672561847,0.20375619834282183,0.20683895253422013
soapbox,3,greedy,fog,0,5.0,4.527290344238281,5.0,1,99,0.1199089158777524,0.18402971849052513,0.15196931718413875,0,0,0.0,0,0,0,98,0,25.75001573562622,99,99,1,P1,0.1199089158777524,0.18402971849052513,0.15196931718413875
soapbox,1,greedy,sensor_noise,0,1.0,1.0946614742279053,1.2999917268753052,1,99,0.6783396968753537,0.5902830782557933,0.6343113875655735,0,0,0.0,0,0,0,98,0,25.85744333267212,99,99,1,P1,0.6783396968753537,0.5902830782557933,0.6343113875655735
soapbox,2,greedy,sensor_noise,0,1.0,1.0946614742279053,1.2999917268753052,1,99,0.23070908549261093,0.23754663193896872,0.23412785871578984,0,0,0.0,0,0,0,98,0,25.253540754318237,99,99,1,P1,0.23070908549261093,0.23754663193896872,0.23412785871578984
soapbox,3,greedy,sensor_noise,0,1.0,1.0946614742279053,1.2999917268753052,1,99,0.8916946463684721,0.8057475519609155,0.8487210991646938,0,0,0.0,0,0,0,98,0,25.446155071258545,99,99,1,P1,0.8916946463684721,0.8057475519609155,0.8487210991646938
soapbox,1,greedy,sensor_noise,0,2.0,2.000239133834839,2.5999834537506104,1,99,0.6812188009994722,0.5924346099936235,0.6368267054965479,0,0,0.0,0,0,0,98,0,26.179891109466553,99,99,1,P1,0.6812188009994722,0.5924346099936235,0.6368267054965479
soapbox,2,greedy,sensor_noise,0,2.0,2.000239133834839,2.5999834537506104,1,99,0.264319858900906,0.2821165896341807,0.27321822426754333,0,0,0.0,0,0,0,98,0,25.264437913894653,99,99,1,P1,0.264319858900906,0.2821165896341807,0.27321822426754333
soapbox,3,greedy,sensor_noise,0,2.0,2.000239133834839,2.5999834537506104,1,99,0.8901354547332583,0.8054411727800431,0.8477883137566506,0,0,0.0,0,0,0,98,0,24.673160076141357,99,99,1,P1,0.8901354547332583,0.8054411727800431,0.8477883137566506
soapbox,1,greedy,sensor_noise,0,3.0,3.000358819961548,3.899975299835205,1,99,0.681204770911315,0.5872150589909961,0.6342099149511555,0,0,0.0,0,0,0,98,0,26.399543046951294,99,99,1,P1,0.681204770911315,0.5872150589909961,0.6342099149511555
soapbox,2,greedy,sensor_noise,0,3.0,3.000358819961548,3.899975299835205,1,99,0.23148051743460535,0.24137766001948224,0.2364290887270438,0,0,0.0,0,0,0,98,0,25.380499362945557,99,99,1,P1,0.23148051743460535,0.24137766001948224,0.2364290887270438
soapbox,3,greedy,sensor_noise,0,3.0,3.000358819961548,3.899975299835205,1,99,0.8074578647514639,0.7348978901897889,0.7711778774706264,0,0,0.0,0,0,0,98,0,23.920708179473877,99,99,1,P1,0.8074578647514639,0.7348978901897889,0.7711778774706264
soapbox,1,greedy,sensor_noise,0,4.0,3.975886821746826,5.0,1,99,0.6820752264596313,0.5823948970606979,0.6322350617601646,0,0,0.0,0,0,0,98,0,25.738686323165894,99,99,1,P1,0.6820752264596313,0.5823948970606979,0.6322350617601646
soapbox,2,greedy,sensor_noise,0,4.0,3.975886821746826,5.0,1,99,0.24779450319905547,0.26078842067573876,0.2542914619373971,0,0,0.0,0,0,0,98,0,25.902168035507202,99,99,1,P1,0.24779450319905547,0.26078842067573876,0.2542914619373971
soapbox,3,greedy,sensor_noise,0,4.0,3.975886821746826,5.0,1,99,0.8697639396893768,0.7788864744630074,0.8243252070761922,0,0,0.0,0,0,0,98,0,24.411680936813354,99,99,1,P1,0.8697639396893768,0.7788864744630074,0.8243252070761922
soapbox,1,greedy,sensor_noise,0,5.0,4.527290344238281,5.0,1,99,0.6828227432191669,0.5804444653934289,0.6316336043062979,0,0,0.0,0,0,0,98,0,24.86112689971924,99,99,1,P1,0.6828227432191669,0.5804444653934289,0.6316336043062979
soapbox,2,greedy,sensor_noise,0,5.0,4.527290344238281,5.0,1,99,0.24611530200657789,0.2582035666618147,0.2521594343341963,0,0,0.0,0,0,0,98,0,25.070757389068604,99,99,1,P1,0.24611530200657789,0.2582035666618147,0.2521594343341963
soapbox,3,greedy,sensor_noise,0,5.0,4.527290344238281,5.0,1,99,0.4306703555747025,0.42063556011944625,0.42565295784707435,0,0,0.0,0,0,0,98,0,26.27617120742798,99,99,1,P1,0.4306703555747025,0.42063556011944625,0.42565295784707435
soapbox,1,greedy,C1_fog_noise,1,1.0,1.0946614742279053,1.2999917268753052,1,99,0.6796403784327254,0.5882125974071537,0.6339264879199396,0,0,0.0,0,0,0,98,0,24.56821870803833,99,99,1,P1,0.6796403784327254,0.5882125974071537,0.6339264879199396
soapbox,2,greedy,C1_fog_noise,1,1.0,1.0946614742279053,1.2999917268753052,1,99,0.22443463487141543,0.23305477763532553,0.22874470625337048,0,0,0.0,0,0,0,98,0,22.92532229423523,99,99,1,P1,0.22443463487141543,0.23305477763532553,0.22874470625337048
soapbox,3,greedy,C1_fog_noise,1,1.0,1.0946614742279053,1.2999917268753052,1,99,0.8876273891806283,0.8010476905231808,0.8443375398519046,0,0,0.0,0,0,0,98,0,22.989714860916138,99,99,1,P1,0.8876273891806283,0.8010476905231808,0.8443375398519046
soapbox,1,greedy,C1_fog_noise,1,2.0,2.000239133834839,2.5999834537506104,1,99,0.6691889980141943,0.5537023637529485,0.6114456808835713,0,0,0.0,0,0,0,98,0,23.154529094696045,99,99,1,P1,0.6691889980141943,0.5537023637529485,0.6114456808835713
soapbox,2,greedy,C1_fog_noise,1,2.0,2.000239133834839,2.5999834537506104,1,99,0.22693891784178546,0.23158137313174806,0.22926014548676676,0,0,0.0,0,0,0,98,0,27.60512351989746,99,99,1,P1,0.22693891784178546,0.23158137313174806,0.22926014548676676
soapbox,3,greedy,C1_fog_noise,1,2.0,2.000239133834839,2.5999834537506104,1,99,0.21372010136247743,0.26648721564348893,0.24010365850298318,0,0,0.0,0,0,0,98,0,27.66843295097351,99,99,1,P1,0.21372010136247743,0.26648721564348893,0.24010365850298318
soapbox,1,greedy,C1_fog_noise,1,3.0,3.000358819961548,3.899975299835205,1,99,0.6419754789012303,0.4505224267362578,0.5462489528187441,0,0,0.0,0,0,0,98,0,23.006807565689087,99,99,1,P1,0.6419754789012303,0.4505224267362578,0.5462489528187441
soapbox,2,greedy,C1_fog_noise,1,3.0,3.000358819961548,3.899975299835205,1,99,0.19652683272734064,0.16658941387849746,0.18155812330291904,0,0,0.0,0,0,0,98,0,23.868599891662598,99,99,1,P1,0.19652683272734064,0.16658941387849746,0.18155812330291904
soapbox,3,greedy,C1_fog_noise,1,3.0,3.000358819961548,3.899975299835205,1,99,0.10589286333250168,0.15410575160455098,0.12999930746852634,0,0,0.0,0,0,0,98,0,27.853044986724854,99,99,1,P1,0.10589286333250168,0.15410575160455098,0.12999930746852634
soapbox,1,greedy,C1_fog_noise,1,4.0,3.975886821746826,5.0,1,99,0.5871978733252977,0.3192946375946402,0.453246255459969,0,0,0.0,0,0,0,98,0,22.292887687683105,99,99,1,P1,0.5871978733252977,0.3192946375946402,0.453246255459969
soapbox,2,greedy,C1_fog_noise,1,4.0,3.975886821746826,5.0,1,99,0.13229543990244258,0.10977598562086949,0.12103571276165603,0,0,0.0,0,0,0,98,0,24.012435913085938,99,99,1,P1,0.13229543990244258,0.10977598562086949,0.12103571276165603
soapbox,3,greedy,C1_fog_noise,1,4.0,3.975886821746826,5.0,1,99,0.06540729811070166,0.0933969678714772,0.07940213299108942,0,0,0.0,0,0,0,98,0,26.0240695476532,99,99,1,P1,0.06540729811070166,0.0933969678714772,0.07940213299108942
soapbox,1,greedy,C1_fog_noise,1,5.0,4.527290344238281,5.0,1,99,0.5324557710969061,0.24811411808879236,0.39028494459284924,0,0,0.0,0,0,0,98,0,23.650278329849243,99,99,1,P1,0.5324557710969061,0.24811411808879236,0.39028494459284924
soapbox,2,greedy,C1_fog_noise,1,5.0,4.527290344238281,5.0,1,99,0.14098664983329973,0.08804799776275751,0.11451732379802862,0,0,0.0,0,0,0,98,0,23.89678955078125,99,99,1,P1,0.14098664983329973,0.08804799776275751,0.11451732379802862
soapbox,3,greedy,C1_fog_noise,1,5.0,4.527290344238281,5.0,1,99,0.08716142563376394,0.10314309448002422,0.09515226005689409,0,0,0.0,0,0,0,98,0,24.687013864517212,99,99,1,P1,0.08716142563376394,0.10314309448002422,0.09515226005689409
