seq,obj_id,mode,degradation,is_compound,level,severity_mean,severity_max,frame_stride,n_frames,J,F,J&F,n_decisions,n_reanchors,tau_score,reseed_stride,n_rejected,n_reseeds,n_encoder_calls,n_predict_failures,wall_time_s,n_present,n_clip,p1_scale,protocol,J_raw,F_raw,J&F_raw
bike-packing,1,sam2video,fog,0,1.0,1.0946866273880005,1.2990349531173706,1,69,0.8731226238786248,0.694754374075398,0.7839384989770114,0,0,0.0,0,0,0,71,0,13.803825616836548,69,69,1,P1,0.8731226238786248,0.694754374075398,0.7839384989770114
bike-packing,2,sam2video,fog,0,1.0,1.0946866273880005,1.2990349531173706,1,69,0.9394550524920661,0.7859395213584793,0.8626972869252727,0,0,0.0,0,0,0,71,0,11.064296960830688,69,69,1,P1,0.9394550524920661,0.7859395213584793,0.8626972869252727
bike-packing,1,sam2video,fog,0,2.0,2.001493453979492,2.598069906234741,1,69,0.8607186473460688,0.6778858845810823,0.7693022659635755,0,0,0.0,0,0,0,71,0,11.348050832748413,69,69,1,P1,0.8607186473460688,0.6778858845810823,0.7693022659635755
bike-packing,2,sam2video,fog,0,2.0,2.001493453979492,2.598069906234741,1,69,0.9342480403720267,0.7745314221554681,0.8543897312637474,0,0,0.0,0,0,0,71,0,11.359423875808716,69,69,1,P1,0.9342480403720267,0.7745314221554681,0.8543897312637474
bike-packing,1,sam2video,fog,0,3.0,3.0022406578063965,3.8971047401428223,1,69,0.8093760740975903,0.6365134481232813,0.7229447611104358,0,0,0.0,0,0,0,71,0,11.22079849243164,69,69,1,P1,0.8093760740975903,0.6365134481232813,0.7229447611104358
bike-packing,2,sam2video,fog,0,3.0,3.0022406578063965,3.8971047401428223,1,69,0.9226829144967373,0.7472068490557696,0.8349448817762535,0,0,0.0,0,0,0,71,0,10.995253324508667,69,69,1,P1,0.9226829144967373,0.7472068490557696,0.8349448817762535
bike-packing,1,sam2video,fog,0,4.0,3.978464365005493,5.0,1,69,0.7723713246994284,0.596225270250009,0.6842982974747187,0,0,0.0,0,0,0,71,0,10.875107765197754,69,69,1,P1,0.7723713246994284,0.596225270250009,0.6842982974747187
bike-packing,2,sam2video,fog,0,4.0,3.978464365005493,5.0,1,69,0.896497766694036,0.6947717639276052,0.7956347653108207,0,0,0.0,0,0,0,71,0,10.80721664428711,69,69,1,P1,0.896497766694036,0.6947717639276052,0.7956347653108207
bike-packing,1,sam2video,fog,0,5.0,4.530300617218018,5.0,1,69,0.7292949287060075,0.5614418346919381,0.6453683816989728,0,0,0.0,0,0,0,71,0,10.82969045639038,69,69,1,P1,0.7292949287060075,0.5614418346919381,0.6453683816989728
bike-packing,2,sam2video,fog,0,5.0,4.530300617218018,5.0,1,69,0.8779026096864664,0.6595319431229133,0.7687172764046899,0,0,0.0,0,0,0,71,0,11.00684905052185,69,69,1,P1,0.8779026096864664,0.6595319431229133,0.7687172764046899
bike-packing,1,sam2video,sensor_noise,0,1.0,1.0946866273880005,1.2990349531173706,1,69,0.8747809290879094,0.6963674808107917,0.7855742049493506,0,0,0.0,0,0,0,71,0,10.769249677658081,69,69,1,P1,0.8747809290879094,0.6963674808107917,0.7855742049493506
bike-packing,2,sam2video,sensor_noise,0,1.0,1.0946866273880005,1.2990349531173706,1,69,0.9417763021656053,0.7896264630611919,0.8657013826133986,0,0,0.0,0,0,0,71,0,10.843933582305908,69,69,1,P1,0.9417763021656053,0.7896264630611919,0.8657013826133986
bike-packing,1,sam2video,sensor_noise,0,2.0,2.001493453979492,2.598069906234741,1,69,0.862814648543299,0.6819766624009157,0.7723956554721074,0,0,0.0,0,0,0,71,0,10.639648199081421,69,69,1,P1,0.862814648543299,0.6819766624009157,0.7723956554721074
bike-packing,2,sam2video,sensor_noise,0,2.0,2.001493453979492,2.598069906234741,1,69,0.9337175073954338,0.7685505516090465,0.8511340295022402,0,0,0.0,0,0,0,71,0,10.929476976394653,69,69,1,P1,0.9337175073954338,0.7685505516090465,0.8511340295022402
bike-packing,1,sam2video,sensor_noise,0,3.0,3.0022406578063965,3.8971047401428223,1,69,0.784215905013761,0.646787152350307,0.7155015286820341,0,0,0.0,0,0,0,71,0,10.975454092025757,69,69,1,P1,0.784215905013761,0.646787152350307,0.7155015286820341
bike-packing,2,sam2video,sensor_noise,0,3.0,3.0022406578063965,3.8971047401428223,1,69,0.9205375540564933,0.739931092988292,0.8302343235223926,0,0,0.0,0,0,0,71,0,10.794571161270142,69,69,1,P1,0.9205375540564933,0.739931092988292,0.8302343235223926
bike-packing,1,sam2video,sensor_noise,0,4.0,3.978464365005493,5.0,1,69,0.7749261336463399,0.6323879849689958,0.7036570593076679,0,0,0.0,0,0,0,71,0,10.796880006790161,69,69,1,P1,0.7749261336463399,0.6323879849689958,0.7036570593076679
bike-packing,2,sam2video,sensor_noise,0,4.0,3.978464365005493,5.0,1,69,0.9053759873249778,0.7146508173811347,0.8100134023530563,0,0,0.0,0,0,0,71,0,10.7920241355896,69,69,1,P1,0.9053759873249778,0.7146508173811347,0.8100134023530563
bike-packing,1,sam2video,sensor_noise,0,5.0,4.530300617218018,5.0,1,69,0.7693645945605976,0.6262331497036864,0.697798872132142,0,0,0.0,0,0,0,71,0,11.007970571517944,69,69,1,P1,0.7693645945605976,0.6262331497036864,0.697798872132142
bike-packing,2,sam2video,sensor_noise,0,5.0,4.530300617218018,5.0,1,69,0.891672892760955,0.700247480143549,0.795960186452252,0,0,0.0,0,0,0,71,0,10.841026544570923,69,69,1,P1,0.891672892760955,0.700247480143549,0.795960186452252
bike-packing,1,sam2video,C1_fog_noise,1,1.0,1.0946866273880005,1.2990349531173706,1,69,0.8674700787301989,0.686063554140617,0.776766816435408,0,0,0.0,0,0,0,71,0,10.747895956039429,69,69,1,P1,0.8674700787301989,0.686063554140617,0.776766816435408
bike-packing,2,sam2video,C1_fog_noise,1,1.0,1.0946866273880005,1.2990349531173706,1,69,0.9354579456595485,0.7739313961566274,0.854694670908088,0,0,0.0,0,0,0,71,0,10.843661785125732,69,69,1,P1,0.9354579456595485,0.7739313961566274,0.854694670908088
bike-packing,1,sam2video,C1_fog_noise,1,2.0,2.001493453979492,2.598069906234741,1,69,0.7610238959887137,0.6098828225934643,0.685453359291089,0,0,0.0,0,0,0,71,0,10.737367391586304,69,69,1,P1,0.7610238959887137,0.6098828225934643,0.685453359291089
bike-packing,2,sam2video,C1_fog_noise,1,2.0,2.001493453979492,2.598069906234741,1,69,0.8838907415426563,0.6842273915200217,0.7840590665313389,0,0,0.0,0,0,0,71,0,10.761433124542236,69,69,1,P1,0.8838907415426563,0.6842273915200217,0.7840590665313389
bike-packing,1,sam2video,C1_fog_noise,1,3.0,3.0022406578063965,3.8971047401428223,1,69,0.5951009061994799,0.4315162889967517,0.5133085975981158,0,0,0.0,0,0,0,71,0,11.064931392669678,69,69,1,P1,0.5951009061994799,0.4315162889967517,0.5133085975981158
bike-packing,2,sam2video,C1_fog_noise,1,3.0,3.0022406578063965,3.8971047401428223,1,69,0.7224522917155943,0.47910647365049824,0.6007793826830463,0,0,0.0,0,0,0,71,0,10.96460747718811,69,69,1,P1,0.7224522917155943,0.47910647365049824,0.6007793826830463
bike-packing,1,sam2video,C1_fog_noise,1,4.0,3.978464365005493,5.0,1,69,0.3500160922024672,0.2964464824462657,0.32323128732436646,0,0,0.0,0,0,0,71,0,10.911922454833984,69,69,1,P1,0.3500160922024672,0.2964464824462657,0.32323128732436646
bike-packing,2,sam2video,C1_fog_noise,1,4.0,3.978464365005493,5.0,1,69,0.5339898331141641,0.2794818368650535,0.40673583498960886,0,0,0.0,0,0,0,71,0,10.79861307144165,69,69,1,P1,0.5339898331141641,0.2794818368650535,0.40673583498960886
bike-packing,1,sam2video,C1_fog_noise,1,5.0,4.530300617218018,5.0,1,69,0.26447690038146626,0.22522790167308884,0.24485240102727757,0,0,0.0,0,0,0,71,0,10.70285415649414,69,69,1,P1,0.26447690038146626,0.22522790167308884,0.24485240102727757
bike-packing,2,sam2video,C1_fog_noise,1,5.0,4.530300617218018,5.0,1,69,0.42035319313230374,0.19006717923713584,0.3052101861847198,0,0,0.0,0,0,0,71,0,10.694231986999512,69,69,1,P1,0.42035319313230374,0.19006717923713584,0.3052101861847198
blackswan,1,sam2video,fog,0,1.0,1.0953688621520996,1.299412727355957,1,50,0.9603838444644043,0.8449568787562783,0.9026703616103413,0,0,0.0,0,0,0,52,0,7.752070665359497,50,50,1,P1,0.9603838444644043,0.8449568787562783,0.9026703616103413
blackswan,1,sam2video,fog,0,2.0,2.0,2.598825454711914,1,50,0.9575642986857035,0.8313416032122479,0.8944529509489757,0,0,0.0,0,0,0,52,0,7.77707839012146,50,50,1,P1,0.9575642986857035,0.8313416032122479,0.8944529509489757
blackswan,1,sam2video,fog,0,3.0,3.0,3.898238182067871,1,50,0.9473169495484826,0.7903633879619063,0.8688401687551944,0,0,0.0,0,0,0,52,0,7.726861953735352,50,50,1,P1,0.9473169495484826,0.7903633879619063,0.8688401687551944
blackswan,1,sam2video,fog,0,4.0,3.9753310680389404,5.0,1,50,0.8997558732764925,0.706118936243259,0.8029374047598759,0,0,0.0,0,0,0,52,0,7.7577667236328125,50,50,1,P1,0.8997558732764925,0.706118936243259,0.8029374047598759
blackswan,1,sam2video,fog,0,5.0,4.52315616607666,5.0,1,50,0.851517205333279,0.6608372935164504,0.7561772494248646,0,0,0.0,0,0,0,52,0,7.746845245361328,50,50,1,P1,0.851517205333279,0.6608372935164504,0.7561772494248646
blackswan,1,sam2video,sensor_noise,0,1.0,1.0953688621520996,1.299412727355957,1,50,0.9617461449556589,0.8508682369486806,0.9063071909521698,0,0,0.0,0,0,0,52,0,7.738863229751587,50,50,1,P1,0.9617461449556589,0.8508682369486806,0.9063071909521698
blackswan,1,sam2video,sensor_noise,0,2.0,2.0,2.598825454711914,1,50,0.9588041987440927,0.8400176869484726,0.8994109428462826,0,0,0.0,0,0,0,52,0,7.716382026672363,50,50,1,P1,0.9588041987440927,0.8400176869484726,0.8994109428462826
blackswan,1,sam2video,sensor_noise,0,3.0,3.0,3.898238182067871,1,50,0.9566712991640284,0.8297694773252207,0.8932203882446246,0,0,0.0,0,0,0,52,0,7.866729736328125,50,50,1,P1,0.9566712991640284,0.8297694773252207,0.8932203882446246
blackswan,1,sam2video,sensor_noise,0,4.0,3.9753310680389404,5.0,1,50,0.9540458052439046,0.8181542623169507,0.8861000337804277,0,0,0.0,0,0,0,52,0,7.833492755889893,50,50,1,P1,0.9540458052439046,0.8181542623169507,0.8861000337804277
blackswan,1,sam2video,sensor_noise,0,5.0,4.52315616607666,5.0,1,50,0.9531588968453215,0.8123860139443906,0.882772455394856,0,0,0.0,0,0,0,52,0,7.85310959815979,50,50,1,P1,0.9531588968453215,0.8123860139443906,0.882772455394856
blackswan,1,sam2video,C1_fog_noise,1,1.0,1.0953688621520996,1.299412727355957,1,50,0.9599357427134487,0.8421228964143995,0.9010293195639241,0,0,0.0,0,0,0,52,0,7.833514928817749,50,50,1,P1,0.9599357427134487,0.8421228964143995,0.9010293195639241
blackswan,1,sam2video,C1_fog_noise,1,2.0,2.0,2.598825454711914,1,50,0.9405683687301059,0.7698241202269943,0.8551962444785501,0,0,0.0,0,0,0,52,0,7.76812481880188,50,50,1,P1,0.9405683687301059,0.7698241202269943,0.8551962444785501
blackswan,1,sam2video,C1_fog_noise,1,3.0,3.0,3.898238182067871,1,50,0.7929661803997464,0.6017695003141909,0.6973678403569686,0,0,0.0,0,0,0,52,0,7.887760877609253,50,50,1,P1,0.7929661803997464,0.6017695003141909,0.6973678403569686
blackswan,1,sam2video,C1_fog_noise,1,4.0,3.9753310680389404,5.0,1,50,0.5419631101063022,0.42862961093926805,0.48529636052278513,0,0,0.0,0,0,0,52,0,7.817971706390381,50,50,1,P1,0.5419631101063022,0.42862961093926805,0.48529636052278513
blackswan,1,sam2video,C1_fog_noise,1,5.0,4.52315616607666,5.0,1,50,0.1986431995839693,0.28743208934918235,0.24303764446657583,0,0,0.0,0,0,0,52,0,7.837923049926758,50,50,1,P1,0.1986431995839693,0.28743208934918235,0.24303764446657583
bmx-trees,1,sam2video,fog,0,1.0,1.095402479171753,1.2999629974365234,1,80,0.5914847230481166,0.7330307664334748,0.6622577447407957,0,0,0.0,0,0,0,82,0,12.778400897979736,80,80,1,P1,0.5914847230481166,0.7330307664334748,0.6622577447407957
bmx-trees,2,sam2video,fog,0,1.0,1.095402479171753,1.2999629974365234,1,80,0.8090887237795293,0.7868606783806557,0.7979747010800925,0,0,0.0,0,0,0,82,0,12.64301347732544,80,80,1,P1,0.8090887237795293,0.7868606783806557,0.7979747010800925
bmx-trees,1,sam2video,fog,0,2.0,2.0,2.599925994873047,1,80,0.573125921889601,0.713732855960431,0.643429388925016,0,0,0.0,0,0,0,82,0,12.76700758934021,80,80,1,P1,0.573125921889601,0.713732855960431,0.643429388925016
bmx-trees,2,sam2video,fog,0,2.0,2.0,2.599925994873047,1,80,0.8090039669722415,0.7843276066009318,0.7966657867865867,0,0,0.0,0,0,0,82,0,12.676321029663086,80,80,1,P1,0.8090039669722415,0.7843276066009318,0.7966657867865867
bmx-trees,1,sam2video,fog,0,3.0,3.0,3.8998892307281494,1,80,0.5418142713860522,0.6823712706070448,0.6120927709965485,0,0,0.0,0,0,0,82,0,12.607825517654419,80,80,1,P1,0.5418142713860522,0.6823712706070448,0.6120927709965485
bmx-trees,2,sam2video,fog,0,3.0,3.0,3.8998892307281494,1,80,0.7964644101238528,0.762480716433616,0.7794725632787345,0,0,0.0,0,0,0,82,0,12.675939798355103,80,80,1,P1,0.7964644101238528,0.762480716433616,0.7794725632787345
bmx-trees,1,sam2video,fog,0,4.0,3.9752395153045654,5.0,1,80,0.48958602966452264,0.6134462322393507,0.5515161309519366,0,0,0.0,0,0,0,82,0,12.612451314926147,80,80,1,P1,0.48958602966452264,0.6134462322393507,0.5515161309519366
bmx-trees,2,sam2video,fog,0,4.0,3.9752395153045654,5.0,1,80,0.7531461324271935,0.7043170053045047,0.7287315688658491,0,0,0.0,0,0,0,82,0,12.736453533172607,80,80,1,P1,0.7531461324271935,0.7043170053045047,0.7287315688658491
bmx-trees,1,sam2video,fog,0,5.0,4.522987365722656,5.0,1,80,0.461691932868096,0.5706145573756659,0.516153245121881,0,0,0.0,0,0,0,82,0,12.754338264465332,80,80,1,P1,0.461691932868096,0.5706145573756659,0.516153245121881
bmx-trees,2,sam2video,fog,0,5.0,4.522987365722656,5.0,1,80,0.7359476320395627,0.67655018215689,0.7062489070982263,0,0,0.0,0,0,0,82,0,12.835724592208862,80,80,1,P1,0.7359476320395627,0.67655018215689,0.7062489070982263
bmx-trees,1,sam2video,sensor_noise,0,1.0,1.095402479171753,1.2999629974365234,1,80,0.5984184069836974,0.7358213650205438,0.6671198860021206,0,0,0.0,0,0,0,82,0,12.60090184211731,80,80,1,P1,0.5984184069836974,0.7358213650205438,0.6671198860021206
bmx-trees,2,sam2video,sensor_noise,0,1.0,1.095402479171753,1.2999629974365234,1,80,0.8072109817048977,0.7833381185495941,0.7952745501272459,0,0,0.0,0,0,0,82,0,12.700275182723999,80,80,1,P1,0.8072109817048977,0.7833381185495941,0.7952745501272459
bmx-trees,1,sam2video,sensor_noise,0,2.0,2.0,2.599925994873047,1,80,0.5854353703853418,0.7209329230660084,0.6531841467256752,0,0,0.0,0,0,0,82,0,12.443227291107178,80,80,1,P1,0.5854353703853418,0.7209329230660084,0.6531841467256752
bmx-trees,2,sam2video,sensor_noise,0,2.0,2.0,2.599925994873047,1,80,0.8058360628030142,0.780673100982793,0.7932545818929035,0,0,0.0,0,0,0,82,0,12.741406202316284,80,80,1,P1,0.8058360628030142,0.780673100982793,0.7932545818929035
bmx-trees,1,sam2video,sensor_noise,0,3.0,3.0,3.8998892307281494,1,80,0.5712026339370857,0.7067237966195826,0.6389632152783342,0,0,0.0,0,0,0,82,0,12.595837593078613,80,80,1,P1,0.5712026339370857,0.7067237966195826,0.6389632152783342
bmx-trees,2,sam2video,sensor_noise,0,3.0,3.0,3.8998892307281494,1,80,0.7944171330051832,0.7648261575402346,0.7796216452727089,0,0,0.0,0,0,0,82,0,12.754745244979858,80,80,1,P1,0.7944171330051832,0.7648261575402346,0.7796216452727089
bmx-trees,1,sam2video,sensor_noise,0,4.0,3.9752395153045654,5.0,1,80,0.5578963122177998,0.6900308221180741,0.6239635671679369,0,0,0.0,0,0,0,82,0,12.523353099822998,80,80,1,P1,0.5578963122177998,0.6900308221180741,0.6239635671679369
bmx-trees,2,sam2video,sensor_noise,0,4.0,3.9752395153045654,5.0,1,80,0.7835004098796539,0.7498482975330448,0.7666743537063494,0,0,0.0,0,0,0,82,0,12.814064741134644,80,80,1,P1,0.7835004098796539,0.7498482975330448,0.7666743537063494
bmx-trees,1,sam2video,sensor_noise,0,5.0,4.522987365722656,5.0,1,80,0.5489087481291687,0.679026645613731,0.6139676968714498,0,0,0.0,0,0,0,82,0,12.485153436660767,80,80,1,P1,0.5489087481291687,0.679026645613731,0.6139676968714498
bmx-trees,2,sam2video,sensor_noise,0,5.0,4.522987365722656,5.0,1,80,0.7783114408445263,0.7407151816710178,0.7595133112577721,0,0,0.0,0,0,0,82,0,12.466523885726929,80,80,1,P1,0.7783114408445263,0.7407151816710178,0.7595133112577721
bmx-trees,1,sam2video,C1_fog_noise,1,1.0,1.095402479171753,1.2999629974365234,1,80,0.5869850237357022,0.7265733089183524,0.6567791663270273,0,0,0.0,0,0,0,82,0,12.552771091461182,80,80,1,P1,0.5869850237357022,0.7265733089183524,0.6567791663270273
bmx-trees,2,sam2video,C1_fog_noise,1,1.0,1.095402479171753,1.2999629974365234,1,80,0.8071764484451214,0.7817387910118646,0.7944576197284929,0,0,0.0,0,0,0,82,0,12.789300441741943,80,80,1,P1,0.8071764484451214,0.7817387910118646,0.7944576197284929
bmx-trees,1,sam2video,C1_fog_noise,1,2.0,2.0,2.599925994873047,1,80,0.5237534729272998,0.6596528581462829,0.5917031655367914,0,0,0.0,0,0,0,82,0,12.544366121292114,80,80,1,P1,0.5237534729272998,0.6596528581462829,0.5917031655367914
bmx-trees,2,sam2video,C1_fog_noise,1,2.0,2.0,2.599925994873047,1,80,0.7682438427274925,0.7240239314150244,0.7461338870712584,0,0,0.0,0,0,0,82,0,12.739521741867065,80,80,1,P1,0.7682438427274925,0.7240239314150244,0.7461338870712584
bmx-trees,1,sam2video,C1_fog_noise,1,3.0,3.0,3.8998892307281494,1,80,0.3776826894780697,0.4632420167440996,0.42046235311108465,0,0,0.0,0,0,0,82,0,12.670912265777588,80,80,1,P1,0.3776826894780697,0.4632420167440996,0.42046235311108465
bmx-trees,2,sam2video,C1_fog_noise,1,3.0,3.0,3.8998892307281494,1,80,0.6480226142736344,0.5721995336550646,0.6101110739643495,0,0,0.0,0,0,0,82,0,12.675699234008789,80,80,1,P1,0.6480226142736344,0.5721995336550646,0.6101110739643495
bmx-trees,1,sam2video,C1_fog_noise,1,4.0,3.9752395153045654,5.0,1,80,0.24783728893965723,0.29040126792155097,0.2691192784306041,0,0,0.0,0,0,0,82,0,12.649184942245483,80,80,1,P1,0.24783728893965723,0.29040126792155097,0.2691192784306041
bmx-trees,2,sam2video,C1_fog_noise,1,4.0,3.9752395153045654,5.0,1,80,0.4345601248637526,0.3596392761221575,0.39709970049295507,0,0,0.0,0,0,0,82,0,12.687909364700317,80,80,1,P1,0.4345601248637526,0.3596392761221575,0.39709970049295507
bmx-trees,1,sam2video,C1_fog_noise,1,5.0,4.522987365722656,5.0,1,80,0.13921472096202436,0.19063512966619967,0.16492492531411201,0,0,0.0,0,0,0,82,0,12.750189065933228,80,80,1,P1,0.13921472096202436,0.19063512966619967,0.16492492531411201
bmx-trees,2,sam2video,C1_fog_noise,1,5.0,4.522987365722656,5.0,1,80,0.24964520090352327,0.20592063778607236,0.22778291934479783,0,0,0.0,0,0,0,82,0,12.656060218811035,80,80,1,P1,0.24964520090352327,0.20592063778607236,0.22778291934479783
breakdance,1,sam2video,fog,0,1.0,1.0955300331115723,1.29983651638031,1,84,0.9646776352112274,0.8604921579925641,0.9125848966018957,0,0,0.0,0,0,0,86,0,13.335874080657959,84,84,1,P1,0.9646776352112274,0.8604921579925641,0.9125848966018957
breakdance,1,sam2video,fog,0,2.0,2.0,2.59967303276062,1,84,0.9620336534197501,0.8508188380592504,0.9064262457395003,0,0,0.0,0,0,0,86,0,13.42136287689209,84,84,1,P1,0.9620336534197501,0.8508188380592504,0.9064262457395003
breakdance,1,sam2video,fog,0,3.0,3.000000238418579,3.8995096683502197,1,84,0.9488078892319581,0.8186747334384984,0.8837413113352283,0,0,0.0,0,0,0,86,0,13.46623706817627,84,84,1,P1,0.9488078892319581,0.8186747334384984,0.8837413113352283
breakdance,1,sam2video,fog,0,4.0,3.9752910137176514,5.0,1,84,0.9275267283112366,0.7656895083473673,0.8466081183293019,0,0,0.0,0,0,0,86,0,12.980148077011108,84,84,1,P1,0.9275267283112366,0.7656895083473673,0.8466081183293019
breakdance,1,sam2video,fog,0,5.0,4.522349834442139,5.0,1,84,0.9179672050458999,0.7379313599868705,0.8279492825163852,0,0,0.0,0,0,0,86,0,13.101582527160645,84,84,1,P1,0.9179672050458999,0.7379313599868705,0.8279492825163852
breakdance,1,sam2video,sensor_noise,0,1.0,1.0955300331115723,1.29983651638031,1,84,0.9658049868395427,0.8635693878728364,0.9146871873561896,0,0,0.0,0,0,0,86,0,13.07758116722107,84,84,1,P1,0.9658049868395427,0.8635693878728364,0.9146871873561896
breakdance,1,sam2video,sensor_noise,0,2.0,2.0,2.59967303276062,1,84,0.9624874413317498,0.8551099102309162,0.908798675781333,0,0,0.0,0,0,0,86,0,13.085476160049438,84,84,1,P1,0.9624874413317498,0.8551099102309162,0.908798675781333
breakdance,1,sam2video,sensor_noise,0,3.0,3.000000238418579,3.8995096683502197,1,84,0.9575884792423391,0.8403401941206002,0.8989643366814697,0,0,0.0,0,0,0,86,0,13.072901725769043,84,84,1,P1,0.9575884792423391,0.8403401941206002,0.8989643366814697
breakdance,1,sam2video,sensor_noise,0,4.0,3.9752910137176514,5.0,1,84,0.9526224279356116,0.8256727534388348,0.8891475906872233,0,0,0.0,0,0,0,86,0,13.054070234298706,84,84,1,P1,0.9526224279356116,0.8256727534388348,0.8891475906872233
breakdance,1,sam2video,sensor_noise,0,5.0,4.522349834442139,5.0,1,84,0.9498877859448652,0.8173348275547461,0.8836113067498057,0,0,0.0,0,0,0,86,0,13.006609201431274,84,84,1,P1,0.9498877859448652,0.8173348275547461,0.8836113067498057
breakdance,1,sam2video,C1_fog_noise,1,1.0,1.0955300331115723,1.29983651638031,1,84,0.9629749503362598,0.853316408973036,0.9081456796546479,0,0,0.0,0,0,0,86,0,13.012787342071533,84,84,1,P1,0.9629749503362598,0.853316408973036,0.9081456796546479
breakdance,1,sam2video,C1_fog_noise,1,2.0,2.0,2.59967303276062,1,84,0.9380324132219652,0.783854348243081,0.8609433807325231,0,0,0.0,0,0,0,86,0,13.03644609451294,84,84,1,P1,0.9380324132219652,0.783854348243081,0.8609433807325231
breakdance,1,sam2video,C1_fog_noise,1,3.0,3.000000238418579,3.8995096683502197,1,84,0.833367637651809,0.6028363702514704,0.7181020039516397,0,0,0.0,0,0,0,86,0,12.997151136398315,84,84,1,P1,0.833367637651809,0.6028363702514704,0.7181020039516397
breakdance,1,sam2video,C1_fog_noise,1,4.0,3.9752910137176514,5.0,1,84,0.6809166414622736,0.41731713525708425,0.5491168883596789,0,0,0.0,0,0,0,86,0,13.020785570144653,84,84,1,P1,0.6809166414622736,0.41731713525708425,0.5491168883596789
breakdance,1,sam2video,C1_fog_noise,1,5.0,4.522349834442139,5.0,1,84,0.5808929582997205,0.30681855148609194,0.44385575489290624,0,0,0.0,0,0,0,86,0,13.105948209762573,84,84,1,P1,0.5808929582997205,0.30681855148609194,0.44385575489290624
camel,1,sam2video,fog,0,1.0,1.0955027341842651,1.2999699115753174,1,90,0.9793460724008589,0.9174155215142954,0.9483807969575772,0,0,0.0,0,0,0,92,0,14.010395288467407,90,90,1,P1,0.9793460724008589,0.9174155215142954,0.9483807969575772
camel,1,sam2video,fog,0,2.0,2.000000238418579,2.5999398231506348,1,90,0.9782538716559467,0.9127238414878794,0.9454888565719131,0,0,0.0,0,0,0,92,0,14.136613368988037,90,90,1,P1,0.9782538716559467,0.9127238414878794,0.9454888565719131
camel,1,sam2video,fog,0,3.0,3.0,3.899909496307373,1,90,0.9751202632061088,0.9006222238065404,0.9378712435063246,0,0,0.0,0,0,0,92,0,13.988034009933472,90,90,1,P1,0.9751202632061088,0.9006222238065404,0.9378712435063246
camel,1,sam2video,fog,0,4.0,3.975322723388672,5.0,1,90,0.9670372716941041,0.8742617639906382,0.9206495178423711,0,0,0.0,0,0,0,92,0,14.043546438217163,90,90,1,P1,0.9670372716941041,0.8742617639906382,0.9206495178423711
camel,1,sam2video,fog,0,5.0,4.522486209869385,5.0,1,90,0.9622781686809727,0.8595558595967521,0.9109170141388624,0,0,0.0,0,0,0,92,0,14.240809202194214,90,90,1,P1,0.9622781686809727,0.8595558595967521,0.9109170141388624
camel,1,sam2video,sensor_noise,0,1.0,1.0955027341842651,1.2999699115753174,1,90,0.9796955724342464,0.9189143507788946,0.9493049616065705,0,0,0.0,0,0,0,92,0,14.04646921157837,90,90,1,P1,0.9796955724342464,0.9189143507788946,0.9493049616065705
camel,1,sam2video,sensor_noise,0,2.0,2.000000238418579,2.5999398231506348,1,90,0.9782573109131403,0.9130438486704994,0.9456505797918198,0,0,0.0,0,0,0,92,0,14.048091650009155,90,90,1,P1,0.9782573109131403,0.9130438486704994,0.9456505797918198
camel,1,sam2video,sensor_noise,0,3.0,3.0,3.899909496307373,1,90,0.9762341383663171,0.9051545247586013,0.9406943315624592,0,0,0.0,0,0,0,92,0,14.111958503723145,90,90,1,P1,0.9762341383663171,0.9051545247586013,0.9406943315624592
camel,1,sam2video,sensor_noise,0,4.0,3.975322723388672,5.0,1,90,0.9741259233444751,0.8969587971576467,0.9355423602510609,0,0,0.0,0,0,0,92,0,14.0722177028656,90,90,1,P1,0.9741259233444751,0.8969587971576467,0.9355423602510609
camel,1,sam2video,sensor_noise,0,5.0,4.522486209869385,5.0,1,90,0.9727171792352121,0.8911506079306694,0.9319338935829407,0,0,0.0,0,0,0,92,0,14.518352270126343,90,90,1,P1,0.9727171792352121,0.8911506079306694,0.9319338935829407
camel,1,sam2video,C1_fog_noise,1,1.0,1.0955027341842651,1.2999699115753174,1,90,0.979034196568247,0.9161280875102965,0.9475811420392717,0,0,0.0,0,0,0,92,0,14.056105852127075,90,90,1,P1,0.979034196568247,0.9161280875102965,0.9475811420392717
camel,1,sam2video,C1_fog_noise,1,2.0,2.000000238418579,2.5999398231506348,1,90,0.969670563785837,0.8838847382915329,0.9267776510386849,0,0,0.0,0,0,0,92,0,14.000004529953003,90,90,1,P1,0.969670563785837,0.8838847382915329,0.9267776510386849
camel,1,sam2video,C1_fog_noise,1,3.0,3.0,3.899909496307373,1,90,0.9263285282624848,0.7765463495736382,0.8514374389180615,0,0,0.0,0,0,0,92,0,13.955535411834717,90,90,1,P1,0.9263285282624848,0.7765463495736382,0.8514374389180615
camel,1,sam2video,C1_fog_noise,1,4.0,3.975322723388672,5.0,1,90,0.8255559769867776,0.5836523451840592,0.7046041610854183,0,0,0.0,0,0,0,92,0,14.018558740615845,90,90,1,P1,0.8255559769867776,0.5836523451840592,0.7046041610854183
camel,1,sam2video,C1_fog_noise,1,5.0,4.522486209869385,5.0,1,90,0.7510346224992842,0.4692992310786194,0.6101669267889518,0,0,0.0,0,0,0,92,0,13.97830605506897,90,90,1,P1,0.7510346224992842,0.4692992310786194,0.6101669267889518
car-roundabout,1,sam2video,fog,0,1.0,1.0960086584091187,1.2991573810577393,1,75,0.9877233022682391,0.8810271157425865,0.9343752090054128,0,0,0.0,0,0,0,77,0,11.65084171295166,75,75,1,P1,0.9877233022682391,0.8810271157425865,0.9343752090054128
car-roundabout,1,sam2video,fog,0,2.0,2.003530740737915,2.5983147621154785,1,75,0.9870195283385056,0.8747076975406408,0.9308636129395732,0,0,0.0,0,0,0,77,0,11.657241821289062,75,75,1,P1,0.9870195283385056,0.8747076975406408,0.9308636129395732
car-roundabout,1,sam2video,fog,0,3.0,3.005295515060425,3.8974721431732178,1,75,0.9859385170799476,0.8659077724867045,0.925923144783326,0,0,0.0,0,0,0,77,0,11.6188485622406,75,75,1,P1,0.9859385170799476,0.8659077724867045,0.925923144783326
car-roundabout,1,sam2video,fog,0,4.0,3.983024835586548,5.0,1,75,0.9837504265831022,0.8479704884230279,0.9158604575030651,0,0,0.0,0,0,0,77,0,11.649089574813843,75,75,1,P1,0.9837504265831022,0.8479704884230279,0.9158604575030651
car-roundabout,1,sam2video,fog,0,5.0,4.528782844543457,5.0,1,75,0.9819998131500849,0.833140979224674,0.9075703961873794,0,0,0.0,0,0,0,77,0,11.660972833633423,75,75,1,P1,0.9819998131500849,0.833140979224674,0.9075703961873794
car-roundabout,1,sam2video,sensor_noise,0,1.0,1.0960086584091187,1.2991573810577393,1,75,0.9880029387538339,0.8842999514930703,0.936151445123452,0,0,0.0,0,0,0,77,0,11.714940309524536,75,75,1,P1,0.9880029387538339,0.8842999514930703,0.936151445123452
car-roundabout,1,sam2video,sensor_noise,0,2.0,2.003530740737915,2.5983147621154785,1,75,0.9876724818792909,0.8818679509079802,0.9347702163936356,0,0,0.0,0,0,0,77,0,11.613234043121338,75,75,1,P1,0.9876724818792909,0.8818679509079802,0.9347702163936356
car-roundabout,1,sam2video,sensor_noise,0,3.0,3.005295515060425,3.8974721431732178,1,75,0.9870337266821388,0.8755457513554051,0.931289739018772,0,0,0.0,0,0,0,77,0,11.652410745620728,75,75,1,P1,0.9870337266821388,0.8755457513554051,0.931289739018772
car-roundabout,1,sam2video,sensor_noise,0,4.0,3.983024835586548,5.0,1,75,0.9863115809288625,0.8701735628569139,0.9282425718928882,0,0,0.0,0,0,0,77,0,11.641336917877197,75,75,1,P1,0.9863115809288625,0.8701735628569139,0.9282425718928882
car-roundabout,1,sam2video,sensor_noise,0,5.0,4.528782844543457,5.0,1,75,0.9858086559353173,0.8659318955181324,0.9258702757267249,0,0,0.0,0,0,0,77,0,11.672871589660645,75,75,1,P1,0.9858086559353173,0.8659318955181324,0.9258702757267249
car-roundabout,1,sam2video,C1_fog_noise,1,1.0,1.0960086584091187,1.2991573810577393,1,75,0.9874246082584385,0.878906573188772,0.9331655907236052,0,0,0.0,0,0,0,77,0,11.625743389129639,75,75,1,P1,0.9874246082584385,0.878906573188772,0.9331655907236052
car-roundabout,1,sam2video,C1_fog_noise,1,2.0,2.003530740737915,2.5983147621154785,1,75,0.9848288756079338,0.8573985273928366,0.9211137015003852,0,0,0.0,0,0,0,77,0,11.795987129211426,75,75,1,P1,0.9848288756079338,0.8573985273928366,0.9211137015003852
car-roundabout,1,sam2video,C1_fog_noise,1,3.0,3.005295515060425,3.8974721431732178,1,75,0.9693668543666971,0.764358702255493,0.866862778311095,0,0,0.0,0,0,0,77,0,11.964756965637207,75,75,1,P1,0.9693668543666971,0.764358702255493,0.866862778311095
car-roundabout,1,sam2video,C1_fog_noise,1,4.0,3.983024835586548,5.0,1,75,0.9119241625623505,0.5874367750920981,0.7496804688272243,0,0,0.0,0,0,0,77,0,11.957519769668579,75,75,1,P1,0.9119241625623505,0.5874367750920981,0.7496804688272243
car-roundabout,1,sam2video,C1_fog_noise,1,5.0,4.528782844543457,5.0,1,75,0.8656216104188322,0.44805653882864505,0.6568390746237387,0,0,0.0,0,0,0,77,0,11.64456820487976,75,75,1,P1,0.8656216104188322,0.44805653882864505,0.6568390746237387
car-shadow,1,sam2video,fog,0,1.0,1.0956284999847412,1.2989506721496582,1,40,0.9763914622659424,0.8684580740507155,0.922424768158329,0,0,0.0,0,0,0,42,0,6.174380302429199,40,40,1,P1,0.9763914622659424,0.8684580740507155,0.922424768158329
car-shadow,1,sam2video,fog,0,2.0,2.0,2.5979013442993164,1,40,0.9755801403184965,0.863375423638151,0.9194777819783237,0,0,0.0,0,0,0,42,0,6.146913051605225,40,40,1,P1,0.9755801403184965,0.863375423638151,0.9194777819783237
car-shadow,1,sam2video,fog,0,3.0,3.0,3.8968522548675537,1,40,0.9729160900211771,0.8490934793351099,0.9110047846781435,0,0,0.0,0,0,0,42,0,6.207501173019409,40,40,1,P1,0.9729160900211771,0.8490934793351099,0.9110047846781435
car-shadow,1,sam2video,fog,0,4.0,3.9751639366149902,5.0,1,40,0.9681555713911221,0.8242144060851337,0.8961849887381279,0,0,0.0,0,0,0,42,0,6.161835432052612,40,40,1,P1,0.9681555713911221,0.8242144060851337,0.8961849887381279
car-shadow,1,sam2video,fog,0,5.0,4.521857261657715,5.0,1,40,0.9640205807200568,0.8014209670494052,0.882720773884731,0,0,0.0,0,0,0,42,0,6.159889459609985,40,40,1,P1,0.9640205807200568,0.8014209670494052,0.882720773884731
car-shadow,1,sam2video,sensor_noise,0,1.0,1.0956284999847412,1.2989506721496582,1,40,0.9772876874695914,0.8741374268890472,0.9257125571793192,0,0,0.0,0,0,0,42,0,6.172433376312256,40,40,1,P1,0.9772876874695914,0.8741374268890472,0.9257125571793192
car-shadow,1,sam2video,sensor_noise,0,2.0,2.0,2.5979013442993164,1,40,0.9759133532010358,0.8662033844289111,0.9210583688149734,0,0,0.0,0,0,0,42,0,6.1688618659973145,40,40,1,P1,0.9759133532010358,0.8662033844289111,0.9210583688149734
car-shadow,1,sam2video,sensor_noise,0,3.0,3.0,3.8968522548675537,1,40,0.9745514303043681,0.8578739697864339,0.916212700045401,0,0,0.0,0,0,0,42,0,6.206405162811279,40,40,1,P1,0.9745514303043681,0.8578739697864339,0.916212700045401
car-shadow,1,sam2video,sensor_noise,0,4.0,3.9751639366149902,5.0,1,40,0.9724936084724808,0.8464595401026745,0.9094765742875777,0,0,0.0,0,0,0,42,0,6.144456148147583,40,40,1,P1,0.9724936084724808,0.8464595401026745,0.9094765742875777
car-shadow,1,sam2video,sensor_noise,0,5.0,4.521857261657715,5.0,1,40,0.9716109251651563,0.8421206815996953,0.9068658033824258,0,0,0.0,0,0,0,42,0,6.193485975265503,40,40,1,P1,0.9716109251651563,0.8421206815996953,0.9068658033824258
car-shadow,1,sam2video,C1_fog_noise,1,1.0,1.0956284999847412,1.2989506721496582,1,40,0.9759813168513954,0.8662067646509829,0.9210940407511892,0,0,0.0,0,0,0,42,0,6.234161376953125,40,40,1,P1,0.9759813168513954,0.8662067646509829,0.9210940407511892
car-shadow,1,sam2video,C1_fog_noise,1,2.0,2.0,2.5979013442993164,1,40,0.96988532071474,0.8309680531789262,0.9004266869468331,0,0,0.0,0,0,0,42,0,6.219838619232178,40,40,1,P1,0.96988532071474,0.8309680531789262,0.9004266869468331
car-shadow,1,sam2video,C1_fog_noise,1,3.0,3.0,3.8968522548675537,1,40,0.9478911589324994,0.7320202704702938,0.8399557147013966,0,0,0.0,0,0,0,42,0,6.168805837631226,40,40,1,P1,0.9478911589324994,0.7320202704702938,0.8399557147013966
car-shadow,1,sam2video,C1_fog_noise,1,4.0,3.9751639366149902,5.0,1,40,0.8782209596838724,0.5446733038846692,0.7114471317842708,0,0,0.0,0,0,0,42,0,6.251009225845337,40,40,1,P1,0.8782209596838724,0.5446733038846692,0.7114471317842708
car-shadow,1,sam2video,C1_fog_noise,1,5.0,4.521857261657715,5.0,1,40,0.8282728437756536,0.4641438208420052,0.6462083323088293,0,0,0.0,0,0,0,42,0,6.154663324356079,40,40,1,P1,0.8282728437756536,0.4641438208420052,0.6462083323088293
cows,1,sam2video,fog,0,1.0,1.0955315828323364,1.2997575998306274,1,104,0.9742519820110995,0.887743281702141,0.9309976318566202,0,0,0.0,0,0,0,106,0,16.622607946395874,104,104,1,P1,0.9742519820110995,0.887743281702141,0.9309976318566202
cows,1,sam2video,fog,0,2.0,2.0,2.599515199661255,1,104,0.9729832525828707,0.882129272513825,0.9275562625483478,0,0,0.0,0,0,0,106,0,16.450615167617798,104,104,1,P1,0.9729832525828707,0.882129272513825,0.9275562625483478
cows,1,sam2video,fog,0,3.0,3.0,3.899272918701172,1,104,0.9690991586723285,0.8659572422932356,0.917528200482782,0,0,0.0,0,0,0,106,0,16.565683364868164,104,104,1,P1,0.9690991586723285,0.8659572422932356,0.917528200482782
cows,1,sam2video,fog,0,4.0,3.9752352237701416,5.0,1,104,0.9579549225705946,0.8222540778890459,0.8901045002298202,0,0,0.0,0,0,0,106,0,16.53428053855896,104,104,1,P1,0.9579549225705946,0.8222540778890459,0.8901045002298202
cows,1,sam2video,fog,0,5.0,4.522342205047607,5.0,1,104,0.9516827076614329,0.8008070543459144,0.8762448810036736,0,0,0.0,0,0,0,106,0,16.561525583267212,104,104,1,P1,0.9516827076614329,0.8008070543459144,0.8762448810036736
cows,1,sam2video,sensor_noise,0,1.0,1.0955315828323364,1.2997575998306274,1,104,0.9742667448352916,0.8883388698453152,0.9313028073403034,0,0,0.0,0,0,0,106,0,16.465381622314453,104,104,1,P1,0.9742667448352916,0.8883388698453152,0.9313028073403034
cows,1,sam2video,sensor_noise,0,2.0,2.0,2.599515199661255,1,104,0.9732188070773836,0.8826672481350217,0.9279430276062026,0,0,0.0,0,0,0,106,0,16.521195650100708,104,104,1,P1,0.9732188070773836,0.8826672481350217,0.9279430276062026
cows,1,sam2video,sensor_noise,0,3.0,3.0,3.899272918701172,1,104,0.9707997940228201,0.8742778857744617,0.9225388398986409,0,0,0.0,0,0,0,106,0,16.538904190063477,104,104,1,P1,0.9707997940228201,0.8742778857744617,0.9225388398986409
cows,1,sam2video,sensor_noise,0,4.0,3.9752352237701416,5.0,1,104,0.9687091191038646,0.8671418191251732,0.9179254691145189,0,0,0.0,0,0,0,106,0,16.214388847351074,104,104,1,P1,0.9687091191038646,0.8671418191251732,0.9179254691145189
cows,1,sam2video,sensor_noise,0,5.0,4.522342205047607,5.0,1,104,0.9667535974628882,0.8610811417334525,0.9139173695981704,0,0,0.0,0,0,0,106,0,16.227614402770996,104,104,1,P1,0.9667535974628882,0.8610811417334525,0.9139173695981704
cows,1,sam2video,C1_fog_noise,1,1.0,1.0955315828323364,1.2997575998306274,1,104,0.9733988063759103,0.883562567808198,0.9284806870920541,0,0,0.0,0,0,0,106,0,16.125003814697266,104,104,1,P1,0.9733988063759103,0.883562567808198,0.9284806870920541
cows,1,sam2video,C1_fog_noise,1,2.0,2.0,2.599515199661255,1,104,0.9623175144360303,0.8456193660434046,0.9039684402397175,0,0,0.0,0,0,0,106,0,16.13826322555542,104,104,1,P1,0.9623175144360303,0.8456193660434046,0.9039684402397175
cows,1,sam2video,C1_fog_noise,1,3.0,3.0,3.899272918701172,1,104,0.9134788225111521,0.7055794951462714,0.8095291588287117,0,0,0.0,0,0,0,106,0,16.36793613433838,104,104,1,P1,0.9134788225111521,0.7055794951462714,0.8095291588287117
cows,1,sam2video,C1_fog_noise,1,4.0,3.9752352237701416,5.0,1,104,0.8033609546911826,0.5055673306487914,0.6544641426699871,0,0,0.0,0,0,0,106,0,16.47523832321167,104,104,1,P1,0.8033609546911826,0.5055673306487914,0.6544641426699871
cows,1,sam2video,C1_fog_noise,1,5.0,4.522342205047607,5.0,1,104,0.7624997854198724,0.39401460031837965,0.578257192869126,0,0,0.0,0,0,0,106,0,16.61440920829773,104,104,1,P1,0.7624997854198724,0.39401460031837965,0.578257192869126
dance-twirl,1,sam2video,fog,0,1.0,1.0955114364624023,1.2993566989898682,1,90,0.9468856060343759,0.8291947935419695,0.8880401997881726,0,0,0.0,0,0,0,92,0,13.97168493270874,90,90,1,P1,0.9468856060343759,0.8291947935419695,0.8880401997881726
dance-twirl,1,sam2video,fog,0,2.0,1.9999998807907104,2.5987133979797363,1,90,0.9441278419690854,0.8216462988240542,0.8828870703965698,0,0,0.0,0,0,0,92,0,14.108616828918457,90,90,1,P1,0.9441278419690854,0.8216462988240542,0.8828870703965698
dance-twirl,1,sam2video,fog,0,3.0,3.0,3.8980700969696045,1,90,0.9341026301587768,0.7944029279423587,0.8642527790505677,0,0,0.0,0,0,0,92,0,14.015711545944214,90,90,1,P1,0.9341026301587768,0.7944029279423587,0.8642527790505677
dance-twirl,1,sam2video,fog,0,4.0,3.975200653076172,5.0,1,90,0.9060499193941695,0.7273028845885148,0.8166764019913422,0,0,0.0,0,0,0,92,0,14.224286317825317,90,90,1,P1,0.9060499193941695,0.7273028845885148,0.8166764019913422
dance-twirl,1,sam2video,fog,0,5.0,4.522442817687988,5.0,1,90,0.8878899889517666,0.6826576322408465,0.7852738105963066,0,0,0.0,0,0,0,92,0,14.179682731628418,90,90,1,P1,0.8878899889517666,0.6826576322408465,0.7852738105963066
dance-twirl,1,sam2video,sensor_noise,0,1.0,1.0955114364624023,1.2993566989898682,1,90,0.9467508989295793,0.8285451377956273,0.8876480183626033,0,0,0.0,0,0,0,92,0,13.981858730316162,90,90,1,P1,0.9467508989295793,0.8285451377956273,0.8876480183626033
dance-twirl,1,sam2video,sensor_noise,0,2.0,1.9999998807907104,2.5987133979797363,1,90,0.9443282192963676,0.8209999142719492,0.8826640667841583,0,0,0.0,0,0,0,92,0,14.121134996414185,90,90,1,P1,0.9443282192963676,0.8209999142719492,0.8826640667841583
dance-twirl,1,sam2video,sensor_noise,0,3.0,3.0,3.8980700969696045,1,90,0.940646721824916,0.8086587375285555,0.8746527296767358,0,0,0.0,0,0,0,92,0,13.982750415802002,90,90,1,P1,0.940646721824916,0.8086587375285555,0.8746527296767358
dance-twirl,1,sam2video,sensor_noise,0,4.0,3.975200653076172,5.0,1,90,0.9354323299443177,0.7952036918233771,0.8653180108838474,0,0,0.0,0,0,0,92,0,13.942660808563232,90,90,1,P1,0.9354323299443177,0.7952036918233771,0.8653180108838474
dance-twirl,1,sam2video,sensor_noise,0,5.0,4.522442817687988,5.0,1,90,0.9324078383234545,0.7883794381906637,0.8603936382570592,0,0,0.0,0,0,0,92,0,14.015814304351807,90,90,1,P1,0.9324078383234545,0.7883794381906637,0.8603936382570592
dance-twirl,1,sam2video,C1_fog_noise,1,1.0,1.0955114364624023,1.2993566989898682,1,90,0.9454747928039264,0.823603636912034,0.8845392148579803,0,0,0.0,0,0,0,92,0,14.062912940979004,90,90,1,P1,0.9454747928039264,0.823603636912034,0.8845392148579803
dance-twirl,1,sam2video,C1_fog_noise,1,2.0,1.9999998807907104,2.5987133979797363,1,90,0.9235087964934127,0.7610692716121943,0.8422890340528035,0,0,0.0,0,0,0,92,0,14.031335353851318,90,90,1,P1,0.9235087964934127,0.7610692716121943,0.8422890340528035
dance-twirl,1,sam2video,C1_fog_noise,1,3.0,3.0,3.8980700969696045,1,90,0.8295270679653003,0.5914981719657422,0.7105126199655212,0,0,0.0,0,0,0,92,0,13.97859811782837,90,90,1,P1,0.8295270679653003,0.5914981719657422,0.7105126199655212
dance-twirl,1,sam2video,C1_fog_noise,1,4.0,3.975200653076172,5.0,1,90,0.5784737486017707,0.3718009654245463,0.4751373570131585,0,0,0.0,0,0,0,92,0,14.094788312911987,90,90,1,P1,0.5784737486017707,0.3718009654245463,0.4751373570131585
dance-twirl,1,sam2video,C1_fog_noise,1,5.0,4.522442817687988,5.0,1,90,0.4393439812355042,0.25036833713219375,0.344856159183849,0,0,0.0,0,0,0,92,0,14.05291199684143,90,90,1,P1,0.4393439812355042,0.25036833713219375,0.344856159183849
dog,1,sam2video,fog,0,1.0,1.095325231552124,1.2989258766174316,1,60,0.9641223009578115,0.8062323742423277,0.8851773376000696,0,0,0.0,0,0,0,62,0,9.296570539474487,60,60,1,P1,0.9641223009578115,0.8062323742423277,0.8851773376000696
dog,1,sam2video,fog,0,2.0,2.000000238418579,2.5978517532348633,1,60,0.959221191280527,0.7854523692299696,0.8723367802552483,0,0,0.0,0,0,0,62,0,9.37111234664917,60,60,1,P1,0.959221191280527,0.7854523692299696,0.8723367802552483
dog,1,sam2video,fog,0,3.0,2.999999761581421,3.896777629852295,1,60,0.9470842398913687,0.7354258754143671,0.8412550576528679,0,0,0.0,0,0,0,62,0,9.398455381393433,60,60,1,P1,0.9470842398913687,0.7354258754143671,0.8412550576528679
dog,1,sam2video,fog,0,4.0,3.9751169681549072,5.0,1,60,0.9115511659206785,0.642298540425419,0.7769248531730488,0,0,0.0,0,0,0,62,0,9.298149347305298,60,60,1,P1,0.9115511659206785,0.642298540425419,0.7769248531730488
dog,1,sam2video,fog,0,5.0,4.523374080657959,5.0,1,60,0.8879075459777966,0.5864718695897241,0.7371897077837604,0,0,0.0,0,0,0,62,0,9.312736749649048,60,60,1,P1,0.8879075459777966,0.5864718695897241,0.7371897077837604
dog,1,sam2video,sensor_noise,0,1.0,1.095325231552124,1.2989258766174316,1,60,0.9649865307078909,0.8117425380197353,0.8883645343638131,0,0,0.0,0,0,0,62,0,9.512247800827026,60,60,1,P1,0.9649865307078909,0.8117425380197353,0.8883645343638131
dog,1,sam2video,sensor_noise,0,2.0,2.000000238418579,2.5978517532348633,1,60,0.962186256670192,0.796915256192982,0.879550756431587,0,0,0.0,0,0,0,62,0,9.347052574157715,60,60,1,P1,0.962186256670192,0.796915256192982,0.879550756431587
dog,1,sam2video,sensor_noise,0,3.0,2.999999761581421,3.896777629852295,1,60,0.9583496247757785,0.7794203714440907,0.8688849981099346,0,0,0.0,0,0,0,62,0,9.3973228931427,60,60,1,P1,0.9583496247757785,0.7794203714440907,0.8688849981099346
dog,1,sam2video,sensor_noise,0,4.0,3.9751169681549072,5.0,1,60,0.955362019755842,0.765494977838376,0.8604284987971089,0,0,0.0,0,0,0,62,0,9.328146696090698,60,60,1,P1,0.955362019755842,0.765494977838376,0.8604284987971089
dog,1,sam2video,sensor_noise,0,5.0,4.523374080657959,5.0,1,60,0.9532942158540327,0.756997906906831,0.8551460613804318,0,0,0.0,0,0,0,62,0,9.491276979446411,60,60,1,P1,0.9532942158540327,0.756997906906831,0.8551460613804318
dog,1,sam2video,C1_fog_noise,1,1.0,1.095325231552124,1.2989258766174316,1,60,0.9623444890538966,0.7985094551528236,0.8804269721033601,0,0,0.0,0,0,0,62,0,9.339007377624512,60,60,1,P1,0.9623444890538966,0.7985094551528236,0.8804269721033601
dog,1,sam2video,C1_fog_noise,1,2.0,2.000000238418579,2.5978517532348633,1,60,0.9400683681191325,0.7154628706279257,0.8277656193735291,0,0,0.0,0,0,0,62,0,9.482730388641357,60,60,1,P1,0.9400683681191325,0.7154628706279257,0.8277656193735291
dog,1,sam2video,C1_fog_noise,1,3.0,2.999999761581421,3.896777629852295,1,60,0.818673323670401,0.5160867580199979,0.6673800408451995,0,0,0.0,0,0,0,62,0,9.329710245132446,60,60,1,P1,0.818673323670401,0.5160867580199979,0.6673800408451995
dog,1,sam2video,C1_fog_noise,1,4.0,3.9751169681549072,5.0,1,60,0.4928985930534738,0.2829170403260635,0.38790781668976865,0,0,0.0,0,0,0,62,0,9.637703895568848,60,60,1,P1,0.4928985930534738,0.2829170403260635,0.38790781668976865
dog,1,sam2video,C1_fog_noise,1,5.0,4.523374080657959,5.0,1,60,0.36186465418085306,0.1792766627429767,0.27057065846191486,0,0,0.0,0,0,0,62,0,9.47542929649353,60,60,1,P1,0.36186465418085306,0.1792766627429767,0.27057065846191486
dogs-jump,1,sam2video,fog,0,1.0,1.095472812652588,1.2994437217712402,1,66,0.9221764463672618,0.8084886389939873,0.8653325426806245,0,0,0.0,0,0,0,68,0,10.283416271209717,66,66,1,P1,0.9221764463672618,0.8084886389939873,0.8653325426806245
dogs-jump,2,sam2video,fog,0,1.0,1.095472812652588,1.2994437217712402,1,66,0.9503713462252799,0.8401844971520068,0.8952779216886433,0,0,0.0,0,0,0,68,0,10.634450435638428,66,66,1,P1,0.9503713462252799,0.8401844971520068,0.8952779216886433
dogs-jump,3,sam2video,fog,0,1.0,1.095472812652588,1.2994437217712402,1,66,0.9512699341088915,0.8908944385277421,0.9210821863183167,0,0,0.0,0,0,0,68,0,11.453766107559204,66,66,1,P1,0.9512699341088915,0.8908944385277421,0.9210821863183167
dogs-jump,1,sam2video,fog,0,2.0,2.0,2.5988874435424805,1,66,0.9110630737230011,0.7893585807894034,0.8502108272562022,0,0,0.0,0,0,0,68,0,10.437732696533203,66,66,1,P1,0.9110630737230011,0.7893585807894034,0.8502108272562022
dogs-jump,2,sam2video,fog,0,2.0,2.0,2.5988874435424805,1,66,0.9442463213821546,0.8192366023376733,0.881741461859914,0,0,0.0,0,0,0,68,0,10.255864143371582,66,66,1,P1,0.9442463213821546,0.8192366023376733,0.881741461859914
dogs-jump,3,sam2video,fog,0,2.0,2.0,2.5988874435424805,1,66,0.9446785171433874,0.8811986240960312,0.9129385706197093,0,0,0.0,0,0,0,68,0,10.408065795898438,66,66,1,P1,0.9446785171433874,0.8811986240960312,0.9129385706197093
dogs-jump,1,sam2video,fog,0,3.0,3.000000238418579,3.8983314037323,1,66,0.8869379150506785,0.74856032456496,0.8177491198078193,0,0,0.0,0,0,0,68,0,10.339353322982788,66,66,1,P1,0.8869379150506785,0.74856032456496,0.8177491198078193
dogs-jump,2,sam2video,fog,0,3.0,3.000000238418579,3.8983314037323,1,66,0.9249951369360198,0.7699677347103724,0.8474814358231961,0,0,0.0,0,0,0,68,0,10.336412191390991,66,66,1,P1,0.9249951369360198,0.7699677347103724,0.8474814358231961
dogs-jump,3,sam2video,fog,0,3.0,3.000000238418579,3.8983314037323,1,66,0.9306106109054311,0.864105013803648,0.8973578123545396,0,0,0.0,0,0,0,68,0,10.338308095932007,66,66,1,P1,0.9306106109054311,0.864105013803648,0.8973578123545396
dogs-jump,1,sam2video,fog,0,4.0,3.9751174449920654,5.0,1,66,0.8555866288546066,0.6929727687884127,0.7742796988215097,0,0,0.0,0,0,0,68,0,10.347518682479858,66,66,1,P1,0.8555866288546066,0.6929727687884127,0.7742796988215097
dogs-jump,2,sam2video,fog,0,4.0,3.9751174449920654,5.0,1,66,0.8852820853894537,0.6933185861491242,0.7893003357692889,0,0,0.0,0,0,0,68,0,10.337723970413208,66,66,1,P1,0.8852820853894537,0.6933185861491242,0.7893003357692889
dogs-jump,3,sam2video,fog,0,4.0,3.9751174449920654,5.0,1,66,0.9064886045179084,0.8316802453395977,0.869084424928753,0,0,0.0,0,0,0,68,0,10.24932861328125,66,66,1,P1,0.9064886045179084,0.8316802453395977,0.869084424928753
dogs-jump,1,sam2video,fog,0,5.0,4.522635459899902,5.0,1,66,0.8485075578694142,0.6650534321581865,0.7567804950138004,0,0,0.0,0,0,0,68,0,10.356484651565552,66,66,1,P1,0.8485075578694142,0.6650534321581865,0.7567804950138004
dogs-jump,2,sam2video,fog,0,5.0,4.522635459899902,5.0,1,66,0.8562022830478381,0.6466392182119216,0.7514207506298798,0,0,0.0,0,0,0,68,0,10.342203855514526,66,66,1,P1,0.8562022830478381,0.6466392182119216,0.7514207506298798
dogs-jump,3,sam2video,fog,0,5.0,4.522635459899902,5.0,1,66,0.8990127589521129,0.8228443989445781,0.8609285789483454,0,0,0.0,0,0,0,68,0,10.340686082839966,66,66,1,P1,0.8990127589521129,0.8228443989445781,0.8609285789483454
dogs-jump,1,sam2video,sensor_noise,0,1.0,1.095472812652588,1.2994437217712402,1,66,0.925956627080382,0.8132306982255546,0.8695936626529683,0,0,0.0,0,0,0,68,0,10.38609504699707,66,66,1,P1,0.925956627080382,0.8132306982255546,0.8695936626529683
dogs-jump,2,sam2video,sensor_noise,0,1.0,1.095472812652588,1.2994437217712402,1,66,0.9518373788540011,0.8450833142646256,0.8984603465593133,0,0,0.0,0,0,0,68,0,10.331109523773193,66,66,1,P1,0.9518373788540011,0.8450833142646256,0.8984603465593133
dogs-jump,3,sam2video,sensor_noise,0,1.0,1.095472812652588,1.2994437217712402,1,66,0.9550023284528919,0.8981092667430293,0.9265557975979606,0,0,0.0,0,0,0,68,0,10.406701564788818,66,66,1,P1,0.9550023284528919,0.8981092667430293,0.9265557975979606
dogs-jump,1,sam2video,sensor_noise,0,2.0,2.0,2.5988874435424805,1,66,0.9223920378842781,0.8058743262219538,0.864133182053116,0,0,0.0,0,0,0,68,0,10.317615032196045,66,66,1,P1,0.9223920378842781,0.8058743262219538,0.864133182053116
dogs-jump,2,sam2video,sensor_noise,0,2.0,2.0,2.5988874435424805,1,66,0.947647864723572,0.8328296491478199,0.890238756935696,0,0,0.0,0,0,0,68,0,10.391022443771362,66,66,1,P1,0.947647864723572,0.8328296491478199,0.890238756935696
dogs-jump,3,sam2video,sensor_noise,0,2.0,2.0,2.5988874435424805,1,66,0.9508745292417196,0.8905057874529597,0.9206901583473397,0,0,0.0,0,0,0,68,0,10.37212610244751,66,66,1,P1,0.9508745292417196,0.8905057874529597,0.9206901583473397
dogs-jump,1,sam2video,sensor_noise,0,3.0,3.000000238418579,3.8983314037323,1,66,0.9159747683679746,0.7896219971987363,0.8527983827833554,0,0,0.0,0,0,0,68,0,10.46363115310669,66,66,1,P1,0.9159747683679746,0.7896219971987363,0.8527983827833554
dogs-jump,2,sam2video,sensor_noise,0,3.0,3.000000238418579,3.8983314037323,1,66,0.9428425841606873,0.8187287096329126,0.8807856468968,0,0,0.0,0,0,0,68,0,10.362054586410522,66,66,1,P1,0.9428425841606873,0.8187287096329126,0.8807856468968
dogs-jump,3,sam2video,sensor_noise,0,3.0,3.000000238418579,3.8983314037323,1,66,0.9451279456986434,0.8815361721544441,0.9133320589265438,0,0,0.0,0,0,0,68,0,10.348239421844482,66,66,1,P1,0.9451279456986434,0.8815361721544441,0.9133320589265438
dogs-jump,1,sam2video,sensor_noise,0,4.0,3.9751174449920654,5.0,1,66,0.9018391767253024,0.7685872549443794,0.8352132158348409,0,0,0.0,0,0,0,68,0,10.381208419799805,66,66,1,P1,0.9018391767253024,0.7685872549443794,0.8352132158348409
dogs-jump,2,sam2video,sensor_noise,0,4.0,3.9751174449920654,5.0,1,66,0.9338610897209286,0.7970428061414745,0.8654519479312015,0,0,0.0,0,0,0,68,0,10.423460483551025,66,66,1,P1,0.9338610897209286,0.7970428061414745,0.8654519479312015
dogs-jump,3,sam2video,sensor_noise,0,4.0,3.9751174449920654,5.0,1,66,0.9354864178844192,0.8671110240912676,0.9012987209878434,0,0,0.0,0,0,0,68,0,10.66957688331604,66,66,1,P1,0.9354864178844192,0.8671110240912676,0.9012987209878434
dogs-jump,1,sam2video,sensor_noise,0,5.0,4.522635459899902,5.0,1,66,0.8987405557150948,0.7595663276253748,0.8291534416702349,0,0,0.0,0,0,0,68,0,10.39610767364502,66,66,1,P1,0.8987405557150948,0.7595663276253748,0.8291534416702349
dogs-jump,2,sam2video,sensor_noise,0,5.0,4.522635459899902,5.0,1,66,0.9290222965937049,0.7875209494953335,0.8582716230445192,0,0,0.0,0,0,0,68,0,10.350582122802734,66,66,1,P1,0.9290222965937049,0.7875209494953335,0.8582716230445192
dogs-jump,3,sam2video,sensor_noise,0,5.0,4.522635459899902,5.0,1,66,0.9339780029487932,0.8647733180304157,0.8993756604896044,0,0,0.0,0,0,0,68,0,10.316253423690796,66,66,1,P1,0.9339780029487932,0.8647733180304157,0.8993756604896044
dogs-jump,1,sam2video,C1_fog_noise,1,1.0,1.095472812652588,1.2994437217712402,1,66,0.9152619638077935,0.8000238031929416,0.8576428835003675,0,0,0.0,0,0,0,68,0,10.370614051818848,66,66,1,P1,0.9152619638077935,0.8000238031929416,0.8576428835003675
dogs-jump,2,sam2video,C1_fog_noise,1,1.0,1.095472812652588,1.2994437217712402,1,66,0.9481025106358287,0.8330243205430103,0.8905634155894195,0,0,0.0,0,0,0,68,0,10.368749618530273,66,66,1,P1,0.9481025106358287,0.8330243205430103,0.8905634155894195
dogs-jump,3,sam2video,C1_fog_noise,1,1.0,1.095472812652588,1.2994437217712402,1,66,0.9528011383066088,0.8921885624287236,0.9224948503676662,0,0,0.0,0,0,0,68,0,10.395852327346802,66,66,1,P1,0.9528011383066088,0.8921885624287236,0.9224948503676662
dogs-jump,1,sam2video,C1_fog_noise,1,2.0,2.0,2.5988874435424805,1,66,0.8619627451453182,0.7148684660198455,0.788415605582582,0,0,0.0,0,0,0,68,0,10.288068532943726,66,66,1,P1,0.8619627451453182,0.7148684660198455,0.788415605582582
dogs-jump,2,sam2video,C1_fog_noise,1,2.0,2.0,2.5988874435424805,1,66,0.9101868205330186,0.7310276831006222,0.8206072518168204,0,0,0.0,0,0,0,68,0,10.366965055465698,66,66,1,P1,0.9101868205330186,0.7310276831006222,0.8206072518168204
dogs-jump,3,sam2video,C1_fog_noise,1,2.0,2.0,2.5988874435424805,1,66,0.9164933992856013,0.842291991122488,0.8793926952040446,0,0,0.0,0,0,0,68,0,10.425001621246338,66,66,1,P1,0.9164933992856013,0.842291991122488,0.8793926952040446
dogs-jump,1,sam2video,C1_fog_noise,1,3.0,3.000000238418579,3.8983314037323,1,66,0.7636401561262649,0.5919598009444269,0.6777999785353459,0,0,0.0,0,0,0,68,0,10.327858924865723,66,66,1,P1,0.7636401561262649,0.5919598009444269,0.6777999785353459
dogs-jump,2,sam2video,C1_fog_noise,1,3.0,3.000000238418579,3.8983314037323,1,66,0.8209720544323152,0.5740695432439038,0.6975207988381096,0,0,0.0,0,0,0,68,0,10.26985239982605,66,66,1,P1,0.8209720544323152,0.5740695432439038,0.6975207988381096
dogs-jump,3,sam2video,C1_fog_noise,1,3.0,3.000000238418579,3.8983314037323,1,66,0.8421372104531237,0.7518429826595555,0.7969900965563397,0,0,0.0,0,0,0,68,0,10.377050399780273,66,66,1,P1,0.8421372104531237,0.7518429826595555,0.7969900965563397
dogs-jump,1,sam2video,C1_fog_noise,1,4.0,3.9751174449920654,5.0,1,66,0.33293350592919163,0.2706706252979052,0.3018020656135484,0,0,0.0,0,0,0,68,0,10.404075145721436,66,66,1,P1,0.33293350592919163,0.2706706252979052,0.3018020656135484
dogs-jump,2,sam2video,C1_fog_noise,1,4.0,3.9751174449920654,5.0,1,66,0.2269694400722459,0.17326190408861253,0.2001156720804292,0,0,0.0,0,0,0,68,0,10.29922342300415,66,66,1,P1,0.2269694400722459,0.17326190408861253,0.2001156720804292
dogs-jump,3,sam2video,C1_fog_noise,1,4.0,3.9751174449920654,5.0,1,66,0.6534913785602424,0.5710135454980334,0.6122524620291379,0,0,0.0,0,0,0,68,0,10.27824592590332,66,66,1,P1,0.6534913785602424,0.5710135454980334,0.6122524620291379
dogs-jump,1,sam2video,C1_fog_noise,1,5.0,4.522635459899902,5.0,1,66,0.26246325272377713,0.2024248332388512,0.23244404298131416,0,0,0.0,0,0,0,68,0,10.293129444122314,66,66,1,P1,0.26246325272377713,0.2024248332388512,0.23244404298131416
dogs-jump,2,sam2video,C1_fog_noise,1,5.0,4.522635459899902,5.0,1,66,0.15574593157702935,0.11980246523438633,0.13777419840570784,0,0,0.0,0,0,0,68,0,10.316113233566284,66,66,1,P1,0.15574593157702935,0.11980246523438633,0.13777419840570784
dogs-jump,3,sam2video,C1_fog_noise,1,5.0,4.522635459899902,5.0,1,66,0.611636224660549,0.5124540081036538,0.5620451163821014,0,0,0.0,0,0,0,68,0,10.29352331161499,66,66,1,P1,0.611636224660549,0.5124540081036538,0.5620451163821014
drift-chicane,1,sam2video,fog,0,1.0,1.0956943035125732,1.2999013662338257,1,52,0.9241202118295075,0.7963874159753299,0.8602538139024187,0,0,0.0,0,0,0,54,0,8.086758852005005,52,52,1,P1,0.9241202118295075,0.7963874159753299,0.8602538139024187
drift-chicane,1,sam2video,fog,0,2.0,2.000000238418579,2.5998027324676514,1,52,0.9230509372912761,0.7924164211701936,0.8577336792307348,0,0,0.0,0,0,0,54,0,8.106077909469604,52,52,1,P1,0.9230509372912761,0.7924164211701936,0.8577336792307348
drift-chicane,1,sam2video,fog,0,3.0,2.999999761581421,3.8997039794921875,1,52,0.9165084423998446,0.7718829356737923,0.8441956890368185,0,0,0.0,0,0,0,54,0,8.10546326637268,52,52,1,P1,0.9165084423998446,0.7718829356737923,0.8441956890368185
drift-chicane,1,sam2video,fog,0,4.0,3.9748661518096924,5.0,1,52,0.8745526839282755,0.7093273460455959,0.7919400149869357,0,0,0.0,0,0,0,54,0,8.053935766220093,52,52,1,P1,0.8745526839282755,0.7093273460455959,0.7919400149869357
drift-chicane,1,sam2video,fog,0,5.0,4.521529197692871,5.0,1,52,0.8846222796057478,0.7004137119334111,0.7925179957695794,0,0,0.0,0,0,0,54,0,8.083314180374146,52,52,1,P1,0.8846222796057478,0.7004137119334111,0.7925179957695794
drift-chicane,1,sam2video,sensor_noise,0,1.0,1.0956943035125732,1.2999013662338257,1,52,0.9262123730000209,0.8004150881136582,0.8633137305568396,0,0,0.0,0,0,0,54,0,8.045064687728882,52,52,1,P1,0.9262123730000209,0.8004150881136582,0.8633137305568396
drift-chicane,1,sam2video,sensor_noise,0,2.0,2.000000238418579,2.5998027324676514,1,52,0.9240869356436505,0.7948773955462324,0.8594821655949414,0,0,0.0,0,0,0,54,0,8.065648555755615,52,52,1,P1,0.9240869356436505,0.7948773955462324,0.8594821655949414
drift-chicane,1,sam2video,sensor_noise,0,3.0,2.999999761581421,3.8997039794921875,1,52,0.9203933118198127,0.7843691771434403,0.8523812444816266,0,0,0.0,0,0,0,54,0,8.345292806625366,52,52,1,P1,0.9203933118198127,0.7843691771434403,0.8523812444816266
drift-chicane,1,sam2video,sensor_noise,0,4.0,3.9748661518096924,5.0,1,52,0.9171021967775927,0.7729680030483128,0.8450350999129528,0,0,0.0,0,0,0,54,0,8.252591609954834,52,52,1,P1,0.9171021967775927,0.7729680030483128,0.8450350999129528
drift-chicane,1,sam2video,sensor_noise,0,5.0,4.521529197692871,5.0,1,52,0.9120781890332823,0.7587379042143235,0.835408046623803,0,0,0.0,0,0,0,54,0,8.196958541870117,52,52,1,P1,0.9120781890332823,0.7587379042143235,0.835408046623803
drift-chicane,1,sam2video,C1_fog_noise,1,1.0,1.0956943035125732,1.2999013662338257,1,52,0.9254125535148248,0.7977065000886091,0.8615595268017169,0,0,0.0,0,0,0,54,0,8.36205267906189,52,52,1,P1,0.9254125535148248,0.7977065000886091,0.8615595268017169
drift-chicane,1,sam2video,C1_fog_noise,1,2.0,2.000000238418579,2.5998027324676514,1,52,0.9077420057880004,0.7466221885893568,0.8271820971886785,0,0,0.0,0,0,0,54,0,8.061320066452026,52,52,1,P1,0.9077420057880004,0.7466221885893568,0.8271820971886785
drift-chicane,1,sam2video,C1_fog_noise,1,3.0,2.999999761581421,3.8997039794921875,1,52,0.7462923895069283,0.5376547939544463,0.6419735917306872,0,0,0.0,0,0,0,54,0,8.297457456588745,52,52,1,P1,0.7462923895069283,0.5376547939544463,0.6419735917306872
drift-chicane,1,sam2video,C1_fog_noise,1,4.0,3.9748661518096924,5.0,1,52,0.11114588469685115,0.08786040295449972,0.09950314382567543,0,0,0.0,0,0,0,54,0,8.072904825210571,52,52,1,P1,0.11114588469685115,0.08786040295449972,0.09950314382567543
drift-chicane,1,sam2video,C1_fog_noise,1,5.0,4.521529197692871,5.0,1,52,0.054608165019539356,0.04293041202077514,0.048769288520157245,0,0,0.0,0,0,0,54,0,7.982121706008911,52,52,1,P1,0.054608165019539356,0.04293041202077514,0.048769288520157245
drift-straight,1,sam2video,fog,0,1.0,1.095554232597351,1.299994945526123,1,50,0.968838641601699,0.809387462777014,0.8891130521893564,0,0,0.0,0,0,0,52,0,7.724535942077637,50,50,1,P1,0.968838641601699,0.809387462777014,0.8891130521893564
drift-straight,1,sam2video,fog,0,2.0,2.0,2.599989891052246,1,50,0.9652167790614193,0.7912295975824906,0.8782231883219549,0,0,0.0,0,0,0,52,0,7.727031946182251,50,50,1,P1,0.9652167790614193,0.7912295975824906,0.8782231883219549
drift-straight,1,sam2video,fog,0,3.0,3.0,3.899984836578369,1,50,0.9585148982143462,0.7579622169129274,0.8582385575636369,0,0,0.0,0,0,0,52,0,7.723424911499023,50,50,1,P1,0.9585148982143462,0.7579622169129274,0.8582385575636369
drift-straight,1,sam2video,fog,0,4.0,3.9748945236206055,5.0,1,50,0.9394016524375055,0.6937813724674935,0.8165915124524995,0,0,0.0,0,0,0,52,0,7.76749324798584,50,50,1,P1,0.9394016524375055,0.6937813724674935,0.8165915124524995
drift-straight,1,sam2video,fog,0,5.0,4.522229194641113,5.0,1,50,0.9223233016570137,0.6560218362134387,0.7891725689352262,0,0,0.0,0,0,0,52,0,7.732894420623779,50,50,1,P1,0.9223233016570137,0.6560218362134387,0.7891725689352262
drift-straight,1,sam2video,sensor_noise,0,1.0,1.095554232597351,1.299994945526123,1,50,0.9687010409873362,0.8099030919472532,0.8893020664672947,0,0,0.0,0,0,0,52,0,7.723162651062012,50,50,1,P1,0.9687010409873362,0.8099030919472532,0.8893020664672947
drift-straight,1,sam2video,sensor_noise,0,2.0,2.0,2.599989891052246,1,50,0.9673361244409705,0.8052369407252945,0.8862865325831325,0,0,0.0,0,0,0,52,0,7.765752553939819,50,50,1,P1,0.9673361244409705,0.8052369407252945,0.8862865325831325
drift-straight,1,sam2video,sensor_noise,0,3.0,3.0,3.899984836578369,1,50,0.9645065636388405,0.7906343561586069,0.8775704598987237,0,0,0.0,0,0,0,52,0,7.71706748008728,50,50,1,P1,0.9645065636388405,0.7906343561586069,0.8775704598987237
drift-straight,1,sam2video,sensor_noise,0,4.0,3.9748945236206055,5.0,1,50,0.9621556384315408,0.7777180527877395,0.8699368456096401,0,0,0.0,0,0,0,52,0,7.754028558731079,50,50,1,P1,0.9621556384315408,0.7777180527877395,0.8699368456096401
drift-straight,1,sam2video,sensor_noise,0,5.0,4.522229194641113,5.0,1,50,0.9599309419630955,0.7677572091896211,0.8638440755763583,0,0,0.0,0,0,0,52,0,7.795830965042114,50,50,1,P1,0.9599309419630955,0.7677572091896211,0.8638440755763583
drift-straight,1,sam2video,C1_fog_noise,1,1.0,1.095554232597351,1.299994945526123,1,50,0.9669121054220373,0.8000756736471698,0.8834938895346036,0,0,0.0,0,0,0,52,0,7.776660442352295,50,50,1,P1,0.9669121054220373,0.8000756736471698,0.8834938895346036
drift-straight,1,sam2video,C1_fog_noise,1,2.0,2.0,2.599989891052246,1,50,0.9527954031897166,0.7400843347775763,0.8464398689836464,0,0,0.0,0,0,0,52,0,7.750921726226807,50,50,1,P1,0.9527954031897166,0.7400843347775763,0.8464398689836464
drift-straight,1,sam2video,C1_fog_noise,1,3.0,3.0,3.899984836578369,1,50,0.8789785423474705,0.5853722691933971,0.7321754057704338,0,0,0.0,0,0,0,52,0,7.814794301986694,50,50,1,P1,0.8789785423474705,0.5853722691933971,0.7321754057704338
drift-straight,1,sam2video,C1_fog_noise,1,4.0,3.9748945236206055,5.0,1,50,0.5915688548394846,0.33372432160329524,0.46264658822138993,0,0,0.0,0,0,0,52,0,7.731480360031128,50,50,1,P1,0.5915688548394846,0.33372432160329524,0.46264658822138993
drift-straight,1,sam2video,C1_fog_noise,1,5.0,4.522229194641113,5.0,1,50,0.15596720677416032,0.09494121778482223,0.12545421227949127,0,0,0.0,0,0,0,52,0,7.767030239105225,50,50,1,P1,0.15596720677416032,0.09494121778482223,0.12545421227949127
goat,1,sam2video,fog,0,1.0,1.0954726934432983,1.2997480630874634,1,90,0.9296597275254308,0.7265393671590101,0.8280995473422205,0,0,0.0,0,0,0,92,0,14.016668796539307,90,90,1,P1,0.9296597275254308,0.7265393671590101,0.8280995473422205
goat,1,sam2video,fog,0,2.0,2.0,2.5994961261749268,1,90,0.9244656005674027,0.7095412750447547,0.8170034378060786,0,0,0.0,0,0,0,92,0,14.148566722869873,90,90,1,P1,0.9244656005674027,0.7095412750447547,0.8170034378060786
goat,1,sam2video,fog,0,3.0,3.0,3.8992443084716797,1,90,0.9095258184210934,0.6649748273811814,0.7872503229011374,0,0,0.0,0,0,0,92,0,13.954100131988525,90,90,1,P1,0.9095258184210934,0.6649748273811814,0.7872503229011374
goat,1,sam2video,fog,0,4.0,3.975283145904541,5.0,1,90,0.883709543029807,0.594721579510221,0.739215561270014,0,0,0.0,0,0,0,92,0,13.983762502670288,90,90,1,P1,0.883709543029807,0.594721579510221,0.739215561270014
goat,1,sam2video,fog,0,5.0,4.522636890411377,5.0,1,90,0.8658478155910888,0.549186513715449,0.707517164653269,0,0,0.0,0,0,0,92,0,14.050438165664673,90,90,1,P1,0.8658478155910888,0.549186513715449,0.707517164653269
goat,1,sam2video,sensor_noise,0,1.0,1.0954726934432983,1.2997480630874634,1,90,0.9312630707250527,0.7329555582771917,0.8321093145011222,0,0,0.0,0,0,0,92,0,14.181823968887329,90,90,1,P1,0.9312630707250527,0.7329555582771917,0.8321093145011222
goat,1,sam2video,sensor_noise,0,2.0,2.0,2.5994961261749268,1,90,0.9258212457782256,0.7148882757222138,0.8203547607502197,0,0,0.0,0,0,0,92,0,14.031466245651245,90,90,1,P1,0.9258212457782256,0.7148882757222138,0.8203547607502197
goat,1,sam2video,sensor_noise,0,3.0,3.0,3.8992443084716797,1,90,0.9175749592466955,0.6876857455504268,0.8026303523985612,0,0,0.0,0,0,0,92,0,13.996770858764648,90,90,1,P1,0.9175749592466955,0.6876857455504268,0.8026303523985612
goat,1,sam2video,sensor_noise,0,4.0,3.975283145904541,5.0,1,90,0.9083298713656107,0.6586673375131616,0.7834986044393861,0,0,0.0,0,0,0,92,0,14.057754039764404,90,90,1,P1,0.9083298713656107,0.6586673375131616,0.7834986044393861
goat,1,sam2video,sensor_noise,0,5.0,4.522636890411377,5.0,1,90,0.902887539546753,0.6445121858937968,0.7736998627202749,0,0,0.0,0,0,0,92,0,14.05445671081543,90,90,1,P1,0.902887539546753,0.6445121858937968,0.7736998627202749
goat,1,sam2video,C1_fog_noise,1,1.0,1.0954726934432983,1.2997480630874634,1,90,0.9276028565672821,0.7196083478198622,0.8236056021935722,0,0,0.0,0,0,0,92,0,13.922247648239136,90,90,1,P1,0.9276028565672821,0.7196083478198622,0.8236056021935722
goat,1,sam2video,C1_fog_noise,1,2.0,2.0,2.5994961261749268,1,90,0.8864978325531617,0.5975036507986007,0.7420007416758811,0,0,0.0,0,0,0,92,0,14.0734281539917,90,90,1,P1,0.8864978325531617,0.5975036507986007,0.7420007416758811
goat,1,sam2video,C1_fog_noise,1,3.0,3.0,3.8992443084716797,1,90,0.7470459678977281,0.40385000954106853,0.5754479887193984,0,0,0.0,0,0,0,92,0,13.992708206176758,90,90,1,P1,0.7470459678977281,0.40385000954106853,0.5754479887193984
goat,1,sam2video,C1_fog_noise,1,4.0,3.975283145904541,5.0,1,90,0.5108153388418601,0.24007411831114986,0.375444728576505,0,0,0.0,0,0,0,92,0,13.98967695236206,90,90,1,P1,0.5108153388418601,0.24007411831114986,0.375444728576505
goat,1,sam2video,C1_fog_noise,1,5.0,4.522636890411377,5.0,1,90,0.22593185236574398,0.08959326798014258,0.15776256017294327,0,0,0.0,0,0,0,92,0,14.172826290130615,90,90,1,P1,0.22593185236574398,0.08959326798014258,0.15776256017294327
gold-fish,1,sam2video,fog,0,1.0,1.095465064048767,1.2998311519622803,1,78,0.9255609501246482,0.7789841577896777,0.852272553957163,0,0,0.0,0,0,0,80,0,12.161618709564209,78,78,1,P1,0.9255609501246482,0.7789841577896777,0.852272553957163
gold-fish,2,sam2video,fog,0,1.0,1.095465064048767,1.2998311519622803,1,78,0.9215815726205093,0.8279169278115786,0.8747492502160439,0,0,0.0,0,0,0,80,0,12.15870451927185,78,78,1,P1,0.9215815726205093,0.8279169278115786,0.8747492502160439
gold-fish,3,sam2video,fog,0,1.0,1.095465064048767,1.2998311519622803,1,78,0.9182227977772931,0.7959510960256357,0.8570869469014644,0,0,0.0,0,0,0,80,0,12.250658750534058,78,78,1,P1,0.9182227977772931,0.7959510960256357,0.8570869469014644
gold-fish,4,sam2video,fog,0,1.0,1.095465064048767,1.2998311519622803,1,78,0.9467349051074885,0.856863363238591,0.9017991341730398,0,0,0.0,0,0,0,80,0,12.381454944610596,78,78,1,P1,0.9467349051074885,0.856863363238591,0.9017991341730398
gold-fish,5,sam2video,fog,0,1.0,1.095465064048767,1.2998311519622803,1,78,0.9506151329808373,0.8112909308926801,0.8809530319367587,0,0,0.0,0,0,0,80,0,12.198996543884277,78,78,1,P1,0.9506151329808373,0.8112909308926801,0.8809530319367587
gold-fish,1,sam2video,fog,0,2.0,2.000000238418579,2.5996623039245605,1,78,0.9171662725830018,0.7593101135179794,0.8382381930504905,0,0,0.0,0,0,0,80,0,12.469170093536377,78,78,1,P1,0.9171662725830018,0.7593101135179794,0.8382381930504905
gold-fish,2,sam2video,fog,0,2.0,2.000000238418579,2.5996623039245605,1,78,0.9011977778296003,0.8002443579638234,0.8507210678967119,0,0,0.0,0,0,0,80,0,12.459918737411499,78,78,1,P1,0.9011977778296003,0.8002443579638234,0.8507210678967119
gold-fish,3,sam2video,fog,0,2.0,2.000000238418579,2.5996623039245605,1,78,0.8978146058648971,0.7633563335324269,0.8305854696986621,0,0,0.0,0,0,0,80,0,12.414689064025879,78,78,1,P1,0.8978146058648971,0.7633563335324269,0.8305854696986621
gold-fish,4,sam2video,fog,0,2.0,2.000000238418579,2.5996623039245605,1,78,0.9395330382663997,0.8385492961081302,0.8890411671872649,0,0,0.0,0,0,0,80,0,12.142683506011963,78,78,1,P1,0.9395330382663997,0.8385492961081302,0.8890411671872649
gold-fish,5,sam2video,fog,0,2.0,2.000000238418579,2.5996623039245605,1,78,0.9365754130577107,0.7837504905814993,0.860162951819605,0,0,0.0,0,0,0,80,0,12.142098426818848,78,78,1,P1,0.9365754130577107,0.7837504905814993,0.860162951819605
gold-fish,1,sam2video,fog,0,3.0,2.999999761581421,3.899493455886841,1,78,0.8854783793597358,0.7007868414497564,0.7931326104047461,0,0,0.0,0,0,0,80,0,12.174481630325317,78,78,1,P1,0.8854783793597358,0.7007868414497564,0.7931326104047461
gold-fish,2,sam2video,fog,0,3.0,2.999999761581421,3.899493455886841,1,78,0.854535521589136,0.7455631715092773,0.8000493465492067,0,0,0.0,0,0,0,80,0,12.226950883865356,78,78,1,P1,0.854535521589136,0.7455631715092773,0.8000493465492067
gold-fish,3,sam2video,fog,0,3.0,2.999999761581421,3.899493455886841,1,78,0.8607879182544088,0.7109242543261832,0.785856086290296,0,0,0.0,0,0,0,80,0,12.29955267906189,78,78,1,P1,0.8607879182544088,0.7109242543261832,0.785856086290296
gold-fish,4,sam2video,fog,0,3.0,2.999999761581421,3.899493455886841,1,78,0.9072837208062234,0.7682835968257533,0.8377836588159884,0,0,0.0,0,0,0,80,0,12.259431838989258,78,78,1,P1,0.9072837208062234,0.7682835968257533,0.8377836588159884
gold-fish,5,sam2video,fog,0,3.0,2.999999761581421,3.899493455886841,1,78,0.9082267859945927,0.7001667227386377,0.8041967543666152,0,0,0.0,0,0,0,80,0,12.271151781082153,78,78,1,P1,0.9082267859945927,0.7001667227386377,0.8041967543666152
gold-fish,1,sam2video,fog,0,4.0,3.9752306938171387,5.0,1,78,0.8023547510429088,0.583980450914839,0.6931676009788739,0,0,0.0,0,0,0,80,0,12.27051568031311,78,78,1,P1,0.8023547510429088,0.583980450914839,0.6931676009788739
gold-fish,2,sam2video,fog,0,4.0,3.9752306938171387,5.0,1,78,0.7794945189463385,0.6372724006467366,0.7083834597965375,0,0,0.0,0,0,0,80,0,12.34263014793396,78,78,1,P1,0.7794945189463385,0.6372724006467366,0.7083834597965375
gold-fish,3,sam2video,fog,0,4.0,3.9752306938171387,5.0,1,78,0.8075196615584814,0.6133373390343865,0.7104285002964339,0,0,0.0,0,0,0,80,0,12.29181432723999,78,78,1,P1,0.8075196615584814,0.6133373390343865,0.7104285002964339
gold-fish,4,sam2video,fog,0,4.0,3.9752306938171387,5.0,1,78,0.8479106709638372,0.6668551927796129,0.7573829318717251,0,0,0.0,0,0,0,80,0,12.238362073898315,78,78,1,P1,0.8479106709638372,0.6668551927796129,0.7573829318717251
gold-fish,5,sam2video,fog,0,4.0,3.9752306938171387,5.0,1,78,0.8569920490475664,0.5774901187329786,0.7172410838902725,0,0,0.0,0,0,0,80,0,12.278415203094482,78,78,1,P1,0.8569920490475664,0.5774901187329786,0.7172410838902725
gold-fish,1,sam2video,fog,0,5.0,4.522674560546875,5.0,1,78,0.7736403220651821,0.5330075444188844,0.6533239332420333,0,0,0.0,0,0,0,80,0,12.26561188697815,78,78,1,P1,0.7736403220651821,0.5330075444188844,0.6533239332420333
gold-fish,2,sam2video,fog,0,5.0,4.522674560546875,5.0,1,78,0.7562387363154945,0.5896603489725143,0.6729495426440044,0,0,0.0,0,0,0,80,0,12.346357583999634,78,78,1,P1,0.7562387363154945,0.5896603489725143,0.6729495426440044
gold-fish,3,sam2video,fog,0,5.0,4.522674560546875,5.0,1,78,0.7702486747574372,0.5493898061749324,0.6598192404661848,0,0,0.0,0,0,0,80,0,12.30592966079712,78,78,1,P1,0.7702486747574372,0.5493898061749324,0.6598192404661848
gold-fish,4,sam2video,fog,0,5.0,4.522674560546875,5.0,1,78,0.81298854997637,0.6068769750178179,0.7099327624970939,0,0,0.0,0,0,0,80,0,12.24048137664795,78,78,1,P1,0.81298854997637,0.6068769750178179,0.7099327624970939
gold-fish,5,sam2video,fog,0,5.0,4.522674560546875,5.0,1,78,0.821639516141205,0.4803189524126273,0.6509792342769162,0,0,0.0,0,0,0,80,0,12.320230960845947,78,78,1,P1,0.821639516141205,0.4803189524126273,0.6509792342769162
gold-fish,1,sam2video,sensor_noise,0,1.0,1.095465064048767,1.2998311519622803,1,78,0.925377365478684,0.7768718806170363,0.8511246230478602,0,0,0.0,0,0,0,80,0,12.349743604660034,78,78,1,P1,0.925377365478684,0.7768718806170363,0.8511246230478602
gold-fish,2,sam2video,sensor_noise,0,1.0,1.095465064048767,1.2998311519622803,1,78,0.9209289950454231,0.825548694532969,0.8732388447891961,0,0,0.0,0,0,0,80,0,12.209295511245728,78,78,1,P1,0.9209289950454231,0.825548694532969,0.8732388447891961
gold-fish,3,sam2video,sensor_noise,0,1.0,1.095465064048767,1.2998311519622803,1,78,0.9303007846874436,0.8074447482875989,0.8688727664875213,0,0,0.0,0,0,0,80,0,12.191149950027466,78,78,1,P1,0.9303007846874436,0.8074447482875989,0.8688727664875213
gold-fish,4,sam2video,sensor_noise,0,1.0,1.095465064048767,1.2998311519622803,1,78,0.9457745769843715,0.8551897976399305,0.900482187312151,0,0,0.0,0,0,0,80,0,12.252930402755737,78,78,1,P1,0.9457745769843715,0.8551897976399305,0.900482187312151
gold-fish,5,sam2video,sensor_noise,0,1.0,1.095465064048767,1.2998311519622803,1,78,0.9554542725104258,0.8234574209464319,0.8894558467284288,0,0,0.0,0,0,0,80,0,12.371004104614258,78,78,1,P1,0.9554542725104258,0.8234574209464319,0.8894558467284288
gold-fish,1,sam2video,sensor_noise,0,2.0,2.000000238418579,2.5996623039245605,1,78,0.920674232254461,0.7663846715147384,0.8435294518845997,0,0,0.0,0,0,0,80,0,12.16972827911377,78,78,1,P1,0.920674232254461,0.7663846715147384,0.8435294518845997
gold-fish,2,sam2video,sensor_noise,0,2.0,2.000000238418579,2.5996623039245605,1,78,0.9133646817459132,0.8133580496139415,0.8633613656799274,0,0,0.0,0,0,0,80,0,12.155965566635132,78,78,1,P1,0.9133646817459132,0.8133580496139415,0.8633613656799274
gold-fish,3,sam2video,sensor_noise,0,2.0,2.000000238418579,2.5996623039245605,1,78,0.9234988344244011,0.7922462704821677,0.8578725524532844,0,0,0.0,0,0,0,80,0,12.390716314315796,78,78,1,P1,0.9234988344244011,0.7922462704821677,0.8578725524532844
gold-fish,4,sam2video,sensor_noise,0,2.0,2.000000238418579,2.5996623039245605,1,78,0.9421461976224254,0.8454529554338726,0.893799576528149,0,0,0.0,0,0,0,80,0,12.557769060134888,78,78,1,P1,0.9421461976224254,0.8454529554338726,0.893799576528149
gold-fish,5,sam2video,sensor_noise,0,2.0,2.000000238418579,2.5996623039245605,1,78,0.9511361024101913,0.8077003242155492,0.8794182133128703,0,0,0.0,0,0,0,80,0,12.332146644592285,78,78,1,P1,0.9511361024101913,0.8077003242155492,0.8794182133128703
gold-fish,1,sam2video,sensor_noise,0,3.0,2.999999761581421,3.899493455886841,1,78,0.9139481245791736,0.7526591694263295,0.8333036470027515,0,0,0.0,0,0,0,80,0,12.240118265151978,78,78,1,P1,0.9139481245791736,0.7526591694263295,0.8333036470027515
gold-fish,2,sam2video,sensor_noise,0,3.0,2.999999761581421,3.899493455886841,1,78,0.9004701665183885,0.7978920008927813,0.8491810837055849,0,0,0.0,0,0,0,80,0,12.22139286994934,78,78,1,P1,0.9004701665183885,0.7978920008927813,0.8491810837055849
gold-fish,3,sam2video,sensor_noise,0,3.0,2.999999761581421,3.899493455886841,1,78,0.9010015774894783,0.7673531546870386,0.8341773660882584,0,0,0.0,0,0,0,80,0,12.233250141143799,78,78,1,P1,0.9010015774894783,0.7673531546870386,0.8341773660882584
gold-fish,4,sam2video,sensor_noise,0,3.0,2.999999761581421,3.899493455886841,1,78,0.9382776756612617,0.833117995689772,0.8856978356755169,0,0,0.0,0,0,0,80,0,12.234622716903687,78,78,1,P1,0.9382776756612617,0.833117995689772,0.8856978356755169
gold-fish,5,sam2video,sensor_noise,0,3.0,2.999999761581421,3.899493455886841,1,78,0.94238797508808,0.7897524098743234,0.8660701924812018,0,0,0.0,0,0,0,80,0,12.237635850906372,78,78,1,P1,0.94238797508808,0.7897524098743234,0.8660701924812018
gold-fish,1,sam2video,sensor_noise,0,4.0,3.9752306938171387,5.0,1,78,0.908175361318533,0.7388639805893493,0.8235196709539412,0,0,0.0,0,0,0,80,0,12.381408452987671,78,78,1,P1,0.908175361318533,0.7388639805893493,0.8235196709539412
gold-fish,2,sam2video,sensor_noise,0,4.0,3.9752306938171387,5.0,1,78,0.8903165340074978,0.7845715076431653,0.8374440208253315,0,0,0.0,0,0,0,80,0,12.285688161849976,78,78,1,P1,0.8903165340074978,0.7845715076431653,0.8374440208253315
gold-fish,3,sam2video,sensor_noise,0,4.0,3.9752306938171387,5.0,1,78,0.8913085389988473,0.7536140715617723,0.8224613052803098,0,0,0.0,0,0,0,80,0,12.306942462921143,78,78,1,P1,0.8913085389988473,0.7536140715617723,0.8224613052803098
gold-fish,4,sam2video,sensor_noise,0,4.0,3.9752306938171387,5.0,1,78,0.9333099431723824,0.8196629984588959,0.8764864708156391,0,0,0.0,0,0,0,80,0,12.261921644210815,78,78,1,P1,0.9333099431723824,0.8196629984588959,0.8764864708156391
gold-fish,5,sam2video,sensor_noise,0,4.0,3.9752306938171387,5.0,1,78,0.9351601134718356,0.7685988647912892,0.8518794891315624,0,0,0.0,0,0,0,80,0,12.2600417137146,78,78,1,P1,0.9351601134718356,0.7685988647912892,0.8518794891315624
gold-fish,1,sam2video,sensor_noise,0,5.0,4.522674560546875,5.0,1,78,0.9047312867338742,0.7303932700450794,0.8175622783894767,0,0,0.0,0,0,0,80,0,12.186978816986084,78,78,1,P1,0.9047312867338742,0.7303932700450794,0.8175622783894767
gold-fish,2,sam2video,sensor_noise,0,5.0,4.522674560546875,5.0,1,78,0.8891700151953591,0.7818444464579979,0.8355072308266784,0,0,0.0,0,0,0,80,0,12.380883693695068,78,78,1,P1,0.8891700151953591,0.7818444464579979,0.8355072308266784
gold-fish,3,sam2video,sensor_noise,0,5.0,4.522674560546875,5.0,1,78,0.8873449523573052,0.7464025382071948,0.81687374528225,0,0,0.0,0,0,0,80,0,12.23214054107666,78,78,1,P1,0.8873449523573052,0.7464025382071948,0.81687374528225
gold-fish,4,sam2video,sensor_noise,0,5.0,4.522674560546875,5.0,1,78,0.9301639611864172,0.8128853007597348,0.871524630973076,0,0,0.0,0,0,0,80,0,12.214241743087769,78,78,1,P1,0.9301639611864172,0.8128853007597348,0.871524630973076
gold-fish,5,sam2video,sensor_noise,0,5.0,4.522674560546875,5.0,1,78,0.9320982163390608,0.7595245025230017,0.8458113594310313,0,0,0.0,0,0,0,80,0,12.233323812484741,78,78,1,P1,0.9320982163390608,0.7595245025230017,0.8458113594310313
gold-fish,1,sam2video,C1_fog_noise,1,1.0,1.095465064048767,1.2998311519622803,1,78,0.9213891304450578,0.7655572848494786,0.8434732076472682,0,0,0.0,0,0,0,80,0,12.292460441589355,78,78,1,P1,0.9213891304450578,0.7655572848494786,0.8434732076472682
gold-fish,2,sam2video,C1_fog_noise,1,1.0,1.095465064048767,1.2998311519622803,1,78,0.9126286039282792,0.8123129054449664,0.8624707546866228,0,0,0.0,0,0,0,80,0,12.244888305664062,78,78,1,P1,0.9126286039282792,0.8123129054449664,0.8624707546866228
gold-fish,3,sam2video,C1_fog_noise,1,1.0,1.095465064048767,1.2998311519622803,1,78,0.9156115347854051,0.7874044629000259,0.8515079988427154,0,0,0.0,0,0,0,80,0,12.239738941192627,78,78,1,P1,0.9156115347854051,0.7874044629000259,0.8515079988427154
gold-fish,4,sam2video,C1_fog_noise,1,1.0,1.095465064048767,1.2998311519622803,1,78,0.9443063560194568,0.8481670211564583,0.8962366885879576,0,0,0.0,0,0,0,80,0,12.184987306594849,78,78,1,P1,0.9443063560194568,0.8481670211564583,0.8962366885879576
gold-fish,5,sam2video,C1_fog_noise,1,1.0,1.095465064048767,1.2998311519622803,1,78,0.9452129018829769,0.7979914442318625,0.8716021730574197,0,0,0.0,0,0,0,80,0,12.235102415084839,78,78,1,P1,0.9452129018829769,0.7979914442318625,0.8716021730574197
gold-fish,1,sam2video,C1_fog_noise,1,2.0,2.000000238418579,2.5996623039245605,1,78,0.8838133245319847,0.6807455108701753,0.78227941770108,0,0,0.0,0,0,0,80,0,12.34738278388977,78,78,1,P1,0.8838133245319847,0.6807455108701753,0.78227941770108
gold-fish,2,sam2video,C1_fog_noise,1,2.0,2.000000238418579,2.5996623039245605,1,78,0.8748050385377945,0.7520975466630394,0.8134512926004169,0,0,0.0,0,0,0,80,0,12.266896724700928,78,78,1,P1,0.8748050385377945,0.7520975466630394,0.8134512926004169
gold-fish,3,sam2video,C1_fog_noise,1,2.0,2.000000238418579,2.5996623039245605,1,78,0.8664426272932095,0.7063399715717653,0.7863912994324874,0,0,0.0,0,0,0,80,0,12.246008157730103,78,78,1,P1,0.8664426272932095,0.7063399715717653,0.7863912994324874
gold-fish,4,sam2video,C1_fog_noise,1,2.0,2.000000238418579,2.5996623039245605,1,78,0.9011757155383399,0.753566001892677,0.8273708587155084,0,0,0.0,0,0,0,80,0,12.31897234916687,78,78,1,P1,0.9011757155383399,0.753566001892677,0.8273708587155084
gold-fish,5,sam2video,C1_fog_noise,1,2.0,2.000000238418579,2.5996623039245605,1,78,0.9121486869382652,0.6956772274544201,0.8039129571963426,0,0,0.0,0,0,0,80,0,12.278922080993652,78,78,1,P1,0.9121486869382652,0.6956772274544201,0.8039129571963426
gold-fish,1,sam2video,C1_fog_noise,1,3.0,2.999999761581421,3.899493455886841,1,78,0.7725759316849327,0.5011539415659322,0.6368649366254324,0,0,0.0,0,0,0,80,0,12.255297660827637,78,78,1,P1,0.7725759316849327,0.5011539415659322,0.6368649366254324
gold-fish,2,sam2video,C1_fog_noise,1,3.0,2.999999761581421,3.899493455886841,1,78,0.7836169463902292,0.6210306025506123,0.7023237744704207,0,0,0.0,0,0,0,80,0,12.401633262634277,78,78,1,P1,0.7836169463902292,0.6210306025506123,0.7023237744704207
gold-fish,3,sam2video,C1_fog_noise,1,3.0,2.999999761581421,3.899493455886841,1,78,0.7756996216676683,0.5529127686063479,0.6643061951370081,0,0,0.0,0,0,0,80,0,12.255690813064575,78,78,1,P1,0.7756996216676683,0.5529127686063479,0.6643061951370081
gold-fish,4,sam2video,C1_fog_noise,1,3.0,2.999999761581421,3.899493455886841,1,78,0.795195821058072,0.5683959962427002,0.6817959086503861,0,0,0.0,0,0,0,80,0,12.232012033462524,78,78,1,P1,0.795195821058072,0.5683959962427002,0.6817959086503861
gold-fish,5,sam2video,C1_fog_noise,1,3.0,2.999999761581421,3.899493455886841,1,78,0.7876352916336798,0.4202584493266154,0.6039468704801476,0,0,0.0,0,0,0,80,0,12.371573448181152,78,78,1,P1,0.7876352916336798,0.4202584493266154,0.6039468704801476
gold-fish,1,sam2video,C1_fog_noise,1,4.0,3.9752306938171387,5.0,1,78,0.586735991067912,0.31523046031537105,0.4509832256916415,0,0,0.0,0,0,0,80,0,12.363640069961548,78,78,1,P1,0.586735991067912,0.31523046031537105,0.4509832256916415
gold-fish,2,sam2video,C1_fog_noise,1,4.0,3.9752306938171387,5.0,1,78,0.519649421601057,0.39100447752579937,0.4553269495634282,0,0,0.0,0,0,0,80,0,12.543683528900146,78,78,1,P1,0.519649421601057,0.39100447752579937,0.4553269495634282
gold-fish,3,sam2video,C1_fog_noise,1,4.0,3.9752306938171387,5.0,1,78,0.5339908800764841,0.3331837287065713,0.4335873043915277,0,0,0.0,0,0,0,80,0,12.382707595825195,78,78,1,P1,0.5339908800764841,0.3331837287065713,0.4335873043915277
gold-fish,4,sam2video,C1_fog_noise,1,4.0,3.9752306938171387,5.0,1,78,0.6962553079384897,0.42057965252239,0.5584174802304398,0,0,0.0,0,0,0,80,0,12.345800161361694,78,78,1,P1,0.6962553079384897,0.42057965252239,0.5584174802304398
gold-fish,5,sam2video,C1_fog_noise,1,4.0,3.9752306938171387,5.0,1,78,0.6534948560780703,0.24483474319898674,0.4491647996385285,0,0,0.0,0,0,0,80,0,12.310058116912842,78,78,1,P1,0.6534948560780703,0.24483474319898674,0.4491647996385285
gold-fish,1,sam2video,C1_fog_noise,1,5.0,4.522674560546875,5.0,1,78,0.46318386826815544,0.21660246588279103,0.33989316707547323,0,0,0.0,0,0,0,80,0,12.241008996963501,78,78,1,P1,0.46318386826815544,0.21660246588279103,0.33989316707547323
gold-fish,2,sam2video,C1_fog_noise,1,5.0,4.522674560546875,5.0,1,78,0.2756158178797548,0.21477701900644228,0.24519641844309853,0,0,0.0,0,0,0,80,0,12.330981016159058,78,78,1,P1,0.2756158178797548,0.21477701900644228,0.24519641844309853
gold-fish,3,sam2video,C1_fog_noise,1,5.0,4.522674560546875,5.0,1,78,0.472445548311846,0.24694382876988527,0.3596946885408656,0,0,0.0,0,0,0,80,0,12.313377380371094,78,78,1,P1,0.472445548311846,0.24694382876988527,0.3596946885408656
gold-fish,4,sam2video,C1_fog_noise,1,5.0,4.522674560546875,5.0,1,78,0.6258744251218645,0.3402110495522,0.4830427373370323,0,0,0.0,0,0,0,80,0,12.316208839416504,78,78,1,P1,0.6258744251218645,0.3402110495522,0.4830427373370323
gold-fish,5,sam2video,C1_fog_noise,1,5.0,4.522674560546875,5.0,1,78,0.5851779125395972,0.18086278441485537,0.38302034847722627,0,0,0.0,0,0,0,80,0,12.32123064994812,78,78,1,P1,0.5851779125395972,0.18086278441485537,0.38302034847722627
horsejump-high,1,sam2video,fog,0,1.0,1.0954457521438599,1.2990961074829102,1,50,0.9029501543714907,0.8172822147153211,0.860116184543406,0,0,0.0,0,0,0,52,0,7.881845474243164,50,50,1,P1,0.9029501543714907,0.8172822147153211,0.860116184543406
horsejump-high,2,sam2video,fog,0,1.0,1.0954457521438599,1.2990961074829102,1,50,0.8592447472704718,0.8206958680484097,0.8399703076594407,0,0,0.0,0,0,0,52,0,7.856483697891235,50,50,1,P1,0.8592447472704718,0.8206958680484097,0.8399703076594407
horsejump-high,1,sam2video,fog,0,2.0,2.0,2.5981922149658203,1,50,0.8991828140167477,0.8109284694933825,0.8550556417550651,0,0,0.0,0,0,0,52,0,7.849128723144531,50,50,1,P1,0.8991828140167477,0.8109284694933825,0.8550556417550651
horsejump-high,2,sam2video,fog,0,2.0,2.0,2.5981922149658203,1,50,0.8564518662546692,0.8174990059379212,0.8369754360962952,0,0,0.0,0,0,0,52,0,7.9053955078125,50,50,1,P1,0.8564518662546692,0.8174990059379212,0.8369754360962952
horsejump-high,1,sam2video,fog,0,3.0,3.0,3.8972883224487305,1,50,0.8914857095379405,0.7958820682352444,0.8436838888865925,0,0,0.0,0,0,0,52,0,7.852970838546753,50,50,1,P1,0.8914857095379405,0.7958820682352444,0.8436838888865925
horsejump-high,2,sam2video,fog,0,3.0,3.0,3.8972883224487305,1,50,0.8456555815585333,0.8019629894683278,0.8238092855134305,0,0,0.0,0,0,0,52,0,7.876258373260498,50,50,1,P1,0.8456555815585333,0.8019629894683278,0.8238092855134305
horsejump-high,1,sam2video,fog,0,4.0,3.9755685329437256,5.0,1,50,0.8754365628487044,0.7640951820431345,0.8197658724459195,0,0,0.0,0,0,0,52,0,7.841919422149658,50,50,1,P1,0.8754365628487044,0.7640951820431345,0.8197658724459195
horsejump-high,2,sam2video,fog,0,4.0,3.9755685329437256,5.0,1,50,0.8203726032308496,0.767150624796654,0.7937616140137518,0,0,0.0,0,0,0,52,0,7.934051036834717,50,50,1,P1,0.8203726032308496,0.767150624796654,0.7937616140137518
horsejump-high,1,sam2video,fog,0,5.0,4.522771835327148,5.0,1,50,0.8645516937616601,0.7448864159693427,0.8047190548655014,0,0,0.0,0,0,0,52,0,7.826341152191162,50,50,1,P1,0.8645516937616601,0.7448864159693427,0.8047190548655014
horsejump-high,2,sam2video,fog,0,5.0,4.522771835327148,5.0,1,50,0.8070829251259675,0.7440204315309841,0.7755516783284757,0,0,0.0,0,0,0,52,0,7.841594696044922,50,50,1,P1,0.8070829251259675,0.7440204315309841,0.7755516783284757
horsejump-high,1,sam2video,sensor_noise,0,1.0,1.0954457521438599,1.2990961074829102,1,50,0.9053045993976181,0.8206239964682562,0.8629642979329372,0,0,0.0,0,0,0,52,0,7.879209518432617,50,50,1,P1,0.9053045993976181,0.8206239964682562,0.8629642979329372
horsejump-high,2,sam2video,sensor_noise,0,1.0,1.0954457521438599,1.2990961074829102,1,50,0.8599722083268749,0.821905680977228,0.8409389446520514,0,0,0.0,0,0,0,52,0,7.847525596618652,50,50,1,P1,0.8599722083268749,0.821905680977228,0.8409389446520514
horsejump-high,1,sam2video,sensor_noise,0,2.0,2.0,2.5981922149658203,1,50,0.9022726755304952,0.8151749823662792,0.8587238289483872,0,0,0.0,0,0,0,52,0,7.858945608139038,50,50,1,P1,0.9022726755304952,0.8151749823662792,0.8587238289483872
horsejump-high,2,sam2video,sensor_noise,0,2.0,2.0,2.5981922149658203,1,50,0.8589109307078908,0.820333972081224,0.8396224513945574,0,0,0.0,0,0,0,52,0,8.004778146743774,50,50,1,P1,0.8589109307078908,0.820333972081224,0.8396224513945574
horsejump-high,1,sam2video,sensor_noise,0,3.0,3.0,3.8972883224487305,1,50,0.8982615343113463,0.8076386196951701,0.8529500770032582,0,0,0.0,0,0,0,52,0,7.81127142906189,50,50,1,P1,0.8982615343113463,0.8076386196951701,0.8529500770032582
horsejump-high,2,sam2video,sensor_noise,0,3.0,3.0,3.8972883224487305,1,50,0.8531388146009644,0.8119931381431009,0.8325659763720327,0,0,0.0,0,0,0,52,0,7.891079902648926,50,50,1,P1,0.8531388146009644,0.8119931381431009,0.8325659763720327
horsejump-high,1,sam2video,sensor_noise,0,4.0,3.9755685329437256,5.0,1,50,0.8937107688198445,0.7992333782993998,0.8464720735596221,0,0,0.0,0,0,0,52,0,7.823500394821167,50,50,1,P1,0.8937107688198445,0.7992333782993998,0.8464720735596221
horsejump-high,2,sam2video,sensor_noise,0,4.0,3.9755685329437256,5.0,1,50,0.8466258628642968,0.8027214577271732,0.824673660295735,0,0,0.0,0,0,0,52,0,7.8554277420043945,50,50,1,P1,0.8466258628642968,0.8027214577271732,0.824673660295735
horsejump-high,1,sam2video,sensor_noise,0,5.0,4.522771835327148,5.0,1,50,0.8914171046983796,0.7941110826434422,0.8427640936709109,0,0,0.0,0,0,0,52,0,7.822514295578003,50,50,1,P1,0.8914171046983796,0.7941110826434422,0.8427640936709109
horsejump-high,2,sam2video,sensor_noise,0,5.0,4.522771835327148,5.0,1,50,0.8435035634585681,0.7980258754915499,0.820764719475059,0,0,0.0,0,0,0,52,0,7.769582509994507,50,50,1,P1,0.8435035634585681,0.7980258754915499,0.820764719475059
horsejump-high,1,sam2video,C1_fog_noise,1,1.0,1.0954457521438599,1.2990961074829102,1,50,0.9025424995296274,0.8150614656574363,0.8588019825935318,0,0,0.0,0,0,0,52,0,7.9510931968688965,50,50,1,P1,0.9025424995296274,0.8150614656574363,0.8588019825935318
horsejump-high,2,sam2video,C1_fog_noise,1,1.0,1.0954457521438599,1.2990961074829102,1,50,0.8578252492475812,0.8189124939755665,0.8383688716115738,0,0,0.0,0,0,0,52,0,7.938343286514282,50,50,1,P1,0.8578252492475812,0.8189124939755665,0.8383688716115738
horsejump-high,1,sam2video,C1_fog_noise,1,2.0,2.0,2.5981922149658203,1,50,0.8779166651616499,0.7740194304721559,0.8259680478169029,0,0,0.0,0,0,0,52,0,7.7608911991119385,50,50,1,P1,0.8779166651616499,0.7740194304721559,0.8259680478169029
horsejump-high,2,sam2video,C1_fog_noise,1,2.0,2.0,2.5981922149658203,1,50,0.8253661809957029,0.7714883661701119,0.7984272735829074,0,0,0.0,0,0,0,52,0,7.874831438064575,50,50,1,P1,0.8253661809957029,0.7714883661701119,0.7984272735829074
horsejump-high,1,sam2video,C1_fog_noise,1,3.0,3.0,3.8972883224487305,1,50,0.8052059311063898,0.668554778778174,0.736880354942282,0,0,0.0,0,0,0,52,0,7.919436454772949,50,50,1,P1,0.8052059311063898,0.668554778778174,0.736880354942282
horsejump-high,2,sam2video,C1_fog_noise,1,3.0,3.0,3.8972883224487305,1,50,0.7288186323047731,0.6383974284461231,0.6836080303754482,0,0,0.0,0,0,0,52,0,7.893969774246216,50,50,1,P1,0.7288186323047731,0.6383974284461231,0.6836080303754482
horsejump-high,1,sam2video,C1_fog_noise,1,4.0,3.9755685329437256,5.0,1,50,0.6810578446534842,0.5190410639584392,0.6000494543059617,0,0,0.0,0,0,0,52,0,7.7458086013793945,50,50,1,P1,0.6810578446534842,0.5190410639584392,0.6000494543059617
horsejump-high,2,sam2video,C1_fog_noise,1,4.0,3.9755685329437256,5.0,1,50,0.5397227486501821,0.4514696894146676,0.49559621903242485,0,0,0.0,0,0,0,52,0,7.749377012252808,50,50,1,P1,0.5397227486501821,0.4514696894146676,0.49559621903242485
horsejump-high,1,sam2video,C1_fog_noise,1,5.0,4.522771835327148,5.0,1,50,0.5934786833321659,0.4391905511064028,0.5163346172192844,0,0,0.0,0,0,0,52,0,7.736225366592407,50,50,1,P1,0.5934786833321659,0.4391905511064028,0.5163346172192844
horsejump-high,2,sam2video,C1_fog_noise,1,5.0,4.522771835327148,5.0,1,50,0.43615005163462983,0.36299486763853017,0.39957245963658,0,0,0.0,0,0,0,52,0,7.838502883911133,50,50,1,P1,0.43615005163462983,0.36299486763853017,0.39957245963658
india,1,sam2video,fog,0,1.0,1.0942825078964233,1.299896001815796,1,62,0.9214105820240558,0.7125871071578519,0.8169988445909538,0,0,0.0,0,0,0,83,0,12.94946837425232,62,81,1,P1,0.9214105820240558,0.7125871071578519,0.8169988445909538
india,2,sam2video,fog,0,1.0,1.0942825078964233,1.299896001815796,1,67,0.7180612294427571,0.5788272429216437,0.6484442361822004,0,0,0.0,0,0,0,83,0,13.041018962860107,67,81,1,P1,0.7180612294427571,0.5788272429216437,0.6484442361822004
india,3,sam2video,fog,0,1.0,1.0942825078964233,1.299896001815796,1,71,0.8799395566584364,0.7012237278331972,0.7905816422458167,0,0,0.0,0,0,0,83,0,13.080461502075195,71,81,1,P1,0.8799395566584364,0.7012237278331972,0.7905816422458167
india,1,sam2video,fog,0,2.0,1.9926557540893555,2.599792003631592,1,62,0.9181772798898717,0.6928246228825096,0.8055009513861906,0,0,0.0,0,0,0,83,0,13.074885129928589,62,81,1,P1,0.9181772798898717,0.6928246228825096,0.8055009513861906
india,2,sam2video,fog,0,2.0,1.9926557540893555,2.599792003631592,1,67,0.7139072504292936,0.5633639566695464,0.6386356035494201,0,0,0.0,0,0,0,83,0,13.050994396209717,67,81,1,P1,0.7139072504292936,0.5633639566695464,0.6386356035494201
india,3,sam2video,fog,0,2.0,1.9926557540893555,2.599792003631592,1,72,0.8745228057,0.6880244263,0.781273616,0,0,0.0,0,0,0,83,0,13.10031008720398,71,81,1.014084507,P1,0.8623766556612773,0.6784685315290457,0.7704225935951615
india,1,sam2video,fog,0,3.0,2.988983631134033,3.8996880054473877,1,62,0.9038640588935456,0.6456254835959387,0.7747447712447422,0,0,0.0,0,0,0,83,0,13.045539379119873,62,81,1,P1,0.9038640588935456,0.6456254835959387,0.7747447712447422
india,2,sam2video,fog,0,3.0,2.988983631134033,3.8996880054473877,1,67,0.6996117801163708,0.5236291165883761,0.6116204483523735,0,0,0.0,0,0,0,83,0,13.283486366271973,67,81,1,P1,0.6996117801163708,0.5236291165883761,0.6116204483523735
india,3,sam2video,fog,0,3.0,2.988983631134033,3.8996880054473877,1,71,0.8473528334540139,0.6484833671848261,0.74791810031942,0,0,0.0,0,0,0,83,0,13.365556716918945,71,81,1,P1,0.8473528334540139,0.6484833671848261,0.74791810031942
india,1,sam2video,fog,0,4.0,3.9609005451202393,5.0,1,62,0.8911285518229585,0.5927014752096709,0.7419150135163146,0,0,0.0,0,0,0,83,0,13.13331389427185,62,81,1,P1,0.8911285518229585,0.5927014752096709,0.7419150135163146
india,2,sam2video,fog,0,4.0,3.9609005451202393,5.0,1,67,0.6761676289344282,0.45754353339288595,0.5668555811636571,0,0,0.0,0,0,0,83,0,13.10994815826416,67,81,1,P1,0.6761676289344282,0.45754353339288595,0.5668555811636571
india,3,sam2video,fog,0,4.0,3.9609005451202393,5.0,1,71,0.8097432347062541,0.5900097623166146,0.6998764985114343,0,0,0.0,0,0,0,83,0,12.986173152923584,71,81,1,P1,0.8097432347062541,0.5900097623166146,0.6998764985114343
india,1,sam2video,fog,0,5.0,4.510227680206299,5.0,1,62,0.8707590640825121,0.5470892486011323,0.7089241563418223,0,0,0.0,0,0,0,83,0,12.952777862548828,62,81,1,P1,0.8707590640825121,0.5470892486011323,0.7089241563418223
india,2,sam2video,fog,0,5.0,4.510227680206299,5.0,1,68,0.6496712242,0.4225068628,0.5360890435,0,0,0.0,0,0,0,83,0,13.111423254013062,67,81,1.014925373,P1,0.6401172356289081,0.41629352656025104,0.5282053810945796
india,3,sam2video,fog,0,5.0,4.510227680206299,5.0,1,71,0.8013859784989148,0.5683569826248424,0.6848714805618785,0,0,0.0,0,0,0,83,0,12.906538248062134,71,81,1,P1,0.8013859784989148,0.5683569826248424,0.6848714805618785
india,1,sam2video,sensor_noise,0,1.0,1.0942825078964233,1.299896001815796,1,62,0.9269047925028531,0.7174889189748707,0.8221968557388619,0,0,0.0,0,0,0,83,0,13.063622951507568,62,81,1,P1,0.9269047925028531,0.7174889189748707,0.8221968557388619
india,2,sam2video,sensor_noise,0,1.0,1.0942825078964233,1.299896001815796,1,67,0.7166778214617843,0.5780465528837735,0.6473621871727788,0,0,0.0,0,0,0,83,0,13.229373693466187,67,81,1,P1,0.7166778214617843,0.5780465528837735,0.6473621871727788
india,3,sam2video,sensor_noise,0,1.0,1.0942825078964233,1.299896001815796,1,72,0.8908888826,0.7117565395,0.801322711,0,0,0.0,0,0,0,83,0,13.107526302337646,71,81,1.014084507,P1,0.878515425876823,0.7018710320097745,0.7901932289432987
india,1,sam2video,sensor_noise,0,2.0,1.9926557540893555,2.599792003631592,1,62,0.9218957652141869,0.7005267573801945,0.8112112612971907,0,0,0.0,0,0,0,83,0,12.817556619644165,62,81,1,P1,0.9218957652141869,0.7005267573801945,0.8112112612971907
india,2,sam2video,sensor_noise,0,2.0,1.9926557540893555,2.599792003631592,1,67,0.7146967513251745,0.5698101375532644,0.6422534444392194,0,0,0.0,0,0,0,83,0,12.895518779754639,67,81,1,P1,0.7146967513251745,0.5698101375532644,0.6422534444392194
india,3,sam2video,sensor_noise,0,2.0,1.9926557540893555,2.599792003631592,1,71,0.8867748717539989,0.7023477201380359,0.7945612959460174,0,0,0.0,0,0,0,83,0,12.973464250564575,71,81,1,P1,0.8867748717539989,0.7023477201380359,0.7945612959460174
india,1,sam2video,sensor_noise,0,3.0,2.988983631134033,3.8996880054473877,1,62,0.9158131307855425,0.6800027578819028,0.7979079443337227,0,0,0.0,0,0,0,83,0,12.788363218307495,62,81,1,P1,0.9158131307855425,0.6800027578819028,0.7979079443337227
india,2,sam2video,sensor_noise,0,3.0,2.988983631134033,3.8996880054473877,1,67,0.7118465372881171,0.5590805742035495,0.6354635557458332,0,0,0.0,0,0,0,83,0,12.67531156539917,67,81,1,P1,0.7118465372881171,0.5590805742035495,0.6354635557458332
india,3,sam2video,sensor_noise,0,3.0,2.988983631134033,3.8996880054473877,1,71,0.8758945593890576,0.6863195561132855,0.7811070577511716,0,0,0.0,0,0,0,83,0,12.745150566101074,71,81,1,P1,0.8758945593890576,0.6863195561132855,0.7811070577511716
india,1,sam2video,sensor_noise,0,4.0,3.9609005451202393,5.0,1,62,0.910978578584189,0.6599333429908576,0.7854559607875233,0,0,0.0,0,0,0,83,0,13.183984279632568,62,81,1,P1,0.910978578584189,0.6599333429908576,0.7854559607875233
india,2,sam2video,sensor_noise,0,4.0,3.9609005451202393,5.0,1,67,0.7053884959855496,0.5413172352898399,0.6233528656376948,0,0,0.0,0,0,0,83,0,12.71518588066101,67,81,1,P1,0.7053884959855496,0.5413172352898399,0.6233528656376948
india,3,sam2video,sensor_noise,0,4.0,3.9609005451202393,5.0,1,71,0.8667376268789062,0.6742342448150899,0.770485935846998,0,0,0.0,0,0,0,83,0,12.71037769317627,71,81,1,P1,0.8667376268789062,0.6742342448150899,0.770485935846998
india,1,sam2video,sensor_noise,0,5.0,4.510227680206299,5.0,1,62,0.9054022359256085,0.6478532336812881,0.7766277348034483,0,0,0.0,0,0,0,83,0,12.659478902816772,62,81,1,P1,0.9054022359256085,0.6478532336812881,0.7766277348034483
india,2,sam2video,sensor_noise,0,5.0,4.510227680206299,5.0,1,67,0.6946675749356569,0.5290580592654143,0.6118628171005356,0,0,0.0,0,0,0,83,0,12.794447660446167,67,81,1,P1,0.6946675749356569,0.5290580592654143,0.6118628171005356
india,3,sam2video,sensor_noise,0,5.0,4.510227680206299,5.0,1,71,0.86564954667804,0.6702379109777118,0.7679437288278759,0,0,0.0,0,0,0,83,0,12.790920972824097,71,81,1,P1,0.86564954667804,0.6702379109777118,0.7679437288278759
india,1,sam2video,C1_fog_noise,1,1.0,1.0942825078964233,1.299896001815796,1,62,0.9226795910098751,0.7037803841974062,0.8132299876036406,0,0,0.0,0,0,0,83,0,12.434237003326416,62,81,1,P1,0.9226795910098751,0.7037803841974062,0.8132299876036406
india,2,sam2video,C1_fog_noise,1,1.0,1.0942825078964233,1.299896001815796,1,67,0.7161845228253713,0.5714777250082392,0.6438311239168053,0,0,0.0,0,0,0,83,0,12.738144874572754,67,81,1,P1,0.7161845228253713,0.5714777250082392,0.6438311239168053
india,3,sam2video,C1_fog_noise,1,1.0,1.0942825078964233,1.299896001815796,1,71,0.8665461523914307,0.6823178658941187,0.7744320091427748,0,0,0.0,0,0,0,83,0,12.642285585403442,71,81,1,P1,0.8665461523914307,0.6823178658941187,0.7744320091427748
india,1,sam2video,C1_fog_noise,1,2.0,1.9926557540893555,2.599792003631592,1,63,0.894110894,0.6189887656,0.7565498298,0,0,0.0,0,0,0,83,0,12.399631977081299,62,81,1.016129032,P1,0.8799186575938412,0.6091635471329984,0.7445411023634199
india,2,sam2video,C1_fog_noise,1,2.0,1.9926557540893555,2.599792003631592,1,67,0.6969285329373435,0.5047421590706973,0.6008353460040203,0,0,0.0,0,0,0,83,0,12.409279823303223,67,81,1,P1,0.6969285329373435,0.5047421590706973,0.6008353460040203
india,3,sam2video,C1_fog_noise,1,2.0,1.9926557540893555,2.599792003631592,1,71,0.8486455172948704,0.6391098044811871,0.7438776608880288,0,0,0.0,0,0,0,83,0,12.658303260803223,71,81,1,P1,0.8486455172948704,0.6391098044811871,0.7438776608880288
india,1,sam2video,C1_fog_noise,1,3.0,2.988983631134033,3.8996880054473877,1,62,0.7976650294647946,0.43695092480996517,0.6173079771373798,0,0,0.0,0,0,0,83,0,12.659436464309692,62,81,1,P1,0.7976650294647946,0.43695092480996517,0.6173079771373798
india,2,sam2video,C1_fog_noise,1,3.0,2.988983631134033,3.8996880054473877,1,67,0.6207664550329717,0.3788248908622468,0.49979567294760924,0,0,0.0,0,0,0,83,0,12.735223770141602,67,81,1,P1,0.6207664550329717,0.3788248908622468,0.49979567294760924
india,3,sam2video,C1_fog_noise,1,3.0,2.988983631134033,3.8996880054473877,1,71,0.6613696887697321,0.44606891052254083,0.5537192996461364,0,0,0.0,0,0,0,83,0,12.712001085281372,71,81,1,P1,0.6613696887697321,0.44606891052254083,0.5537192996461364
india,1,sam2video,C1_fog_noise,1,4.0,3.9609005451202393,5.0,1,62,0.46965024182105297,0.24072972610624213,0.35518998396364754,0,0,0.0,0,0,0,83,0,12.730335712432861,62,81,1,P1,0.46965024182105297,0.24072972610624213,0.35518998396364754
india,2,sam2video,C1_fog_noise,1,4.0,3.9609005451202393,5.0,1,67,0.3807057641880018,0.21975197819580786,0.30022887119190483,0,0,0.0,0,0,0,83,0,12.84603500366211,67,81,1,P1,0.3807057641880018,0.21975197819580786,0.30022887119190483
india,3,sam2video,C1_fog_noise,1,4.0,3.9609005451202393,5.0,1,71,0.4213586312096456,0.2769355087777758,0.3491470699937107,0,0,0.0,0,0,0,83,0,13.639989137649536,71,81,1,P1,0.4213586312096456,0.2769355087777758,0.3491470699937107
india,1,sam2video,C1_fog_noise,1,5.0,4.510227680206299,5.0,1,62,0.3369661987320714,0.14500509238715872,0.24098564555961505,0,0,0.0,0,0,0,83,0,12.759880542755127,62,81,1,P1,0.3369661987320714,0.14500509238715872,0.24098564555961505
india,2,sam2video,C1_fog_noise,1,5.0,4.510227680206299,5.0,1,67,0.17555280030838738,0.09434884013209333,0.13495082022024035,0,0,0.0,0,0,0,83,0,12.736570119857788,67,81,1,P1,0.17555280030838738,0.09434884013209333,0.13495082022024035
india,3,sam2video,C1_fog_noise,1,5.0,4.510227680206299,5.0,1,71,0.2850717809923158,0.16757724441359906,0.22632451270295742,0,0,0.0,0,0,0,83,0,12.944893836975098,71,81,1,P1,0.2850717809923158,0.16757724441359906,0.22632451270295742
judo,1,sam2video,fog,0,1.0,1.095299482345581,1.2989660501480103,1,34,0.9137307688905738,0.8058971271208969,0.8598139480057354,0,0,0.0,0,0,0,36,0,5.416409492492676,34,34,1,P1,0.9137307688905738,0.8058971271208969,0.8598139480057354
judo,2,sam2video,fog,0,1.0,1.095299482345581,1.2989660501480103,1,34,0.8733261350895566,0.693880522766904,0.7836033289282303,0,0,0.0,0,0,0,36,0,5.286932706832886,34,34,1,P1,0.8733261350895566,0.693880522766904,0.7836033289282303
judo,1,sam2video,fog,0,2.0,2.0,2.5979321002960205,1,34,0.8955831349009217,0.7801090223942857,0.8378460786476036,0,0,0.0,0,0,0,36,0,5.33754563331604,34,34,1,P1,0.8955831349009217,0.7801090223942857,0.8378460786476036
judo,2,sam2video,fog,0,2.0,2.0,2.5979321002960205,1,34,0.8482279621110268,0.6556730687064665,0.7519505154087467,0,0,0.0,0,0,0,36,0,5.319884538650513,34,34,1,P1,0.8482279621110268,0.6556730687064665,0.7519505154087467
judo,1,sam2video,fog,0,3.0,3.0,3.8968982696533203,1,34,0.8509491462198575,0.7217798215525271,0.7863644838861923,0,0,0.0,0,0,0,36,0,5.290076732635498,34,34,1,P1,0.8509491462198575,0.7217798215525271,0.7863644838861923
judo,2,sam2video,fog,0,3.0,3.0,3.8968982696533203,1,34,0.8144820224940469,0.5946792795597126,0.7045806510268797,0,0,0.0,0,0,0,36,0,5.2976508140563965,34,34,1,P1,0.8144820224940469,0.5946792795597126,0.7045806510268797
judo,1,sam2video,fog,0,4.0,3.974936008453369,5.0,1,34,0.8158192206201613,0.6703078511251943,0.7430635358726778,0,0,0.0,0,0,0,36,0,5.296790838241577,34,34,1,P1,0.8158192206201613,0.6703078511251943,0.7430635358726778
judo,2,sam2video,fog,0,4.0,3.974936008453369,5.0,1,34,0.7650649289244649,0.5181369040772532,0.641600916500859,0,0,0.0,0,0,0,36,0,5.315006494522095,34,34,1,P1,0.7650649289244649,0.5181369040772532,0.641600916500859
judo,1,sam2video,fog,0,5.0,4.523502826690674,5.0,1,34,0.7978660676371357,0.6449706663966929,0.7214183670169143,0,0,0.0,0,0,0,36,0,5.266596078872681,34,34,1,P1,0.7978660676371357,0.6449706663966929,0.7214183670169143
judo,2,sam2video,fog,0,5.0,4.523502826690674,5.0,1,34,0.7380512080063775,0.4792126778868986,0.608631942946638,0,0,0.0,0,0,0,36,0,5.301354885101318,34,34,1,P1,0.7380512080063775,0.4792126778868986,0.608631942946638
judo,1,sam2video,sensor_noise,0,1.0,1.095299482345581,1.2989660501480103,1,34,0.9252498976803271,0.8119951349348532,0.8686225163075901,0,0,0.0,0,0,0,36,0,5.277484893798828,34,34,1,P1,0.9252498976803271,0.8119951349348532,0.8686225163075901
judo,2,sam2video,sensor_noise,0,1.0,1.095299482345581,1.2989660501480103,1,34,0.872046467815261,0.6940360239555003,0.7830412458853806,0,0,0.0,0,0,0,36,0,5.303868770599365,34,34,1,P1,0.872046467815261,0.6940360239555003,0.7830412458853806
judo,1,sam2video,sensor_noise,0,2.0,2.0,2.5979321002960205,1,34,0.8925655920204909,0.7717354844836303,0.8321505382520606,0,0,0.0,0,0,0,36,0,5.301909685134888,34,34,1,P1,0.8925655920204909,0.7717354844836303,0.8321505382520606
judo,2,sam2video,sensor_noise,0,2.0,2.0,2.5979321002960205,1,34,0.8584982205490599,0.6755845403862653,0.7670413804676626,0,0,0.0,0,0,0,36,0,5.321345806121826,34,34,1,P1,0.8584982205490599,0.6755845403862653,0.7670413804676626
judo,1,sam2video,sensor_noise,0,3.0,3.0,3.8968982696533203,1,34,0.861936950354843,0.7394302194274559,0.8006835848911494,0,0,0.0,0,0,0,36,0,5.263282299041748,34,34,1,P1,0.861936950354843,0.7394302194274559,0.8006835848911494
judo,2,sam2video,sensor_noise,0,3.0,3.0,3.8968982696533203,1,34,0.844514868483535,0.6557200413655546,0.7501174549245448,0,0,0.0,0,0,0,36,0,5.295853137969971,34,34,1,P1,0.844514868483535,0.6557200413655546,0.7501174549245448
judo,1,sam2video,sensor_noise,0,4.0,3.974936008453369,5.0,1,34,0.8493877361761865,0.7207266277574655,0.785057181966826,0,0,0.0,0,0,0,36,0,5.349993705749512,34,34,1,P1,0.8493877361761865,0.7207266277574655,0.785057181966826
judo,2,sam2video,sensor_noise,0,4.0,3.974936008453369,5.0,1,34,0.8329362301516169,0.6349887128411055,0.7339624714963612,0,0,0.0,0,0,0,36,0,5.453073978424072,34,34,1,P1,0.8329362301516169,0.6349887128411055,0.7339624714963612
judo,1,sam2video,sensor_noise,0,5.0,4.523502826690674,5.0,1,34,0.8445218626786943,0.712555122592621,0.7785384926356577,0,0,0.0,0,0,0,36,0,5.404709815979004,34,34,1,P1,0.8445218626786943,0.712555122592621,0.7785384926356577
judo,2,sam2video,sensor_noise,0,5.0,4.523502826690674,5.0,1,34,0.8295832405534312,0.6230407460018427,0.726311993277637,0,0,0.0,0,0,0,36,0,5.648215055465698,34,34,1,P1,0.8295832405534312,0.6230407460018427,0.726311993277637
judo,1,sam2video,C1_fog_noise,1,1.0,1.095299482345581,1.2989660501480103,1,34,0.9000188070991526,0.7805091528248864,0.8402639799620195,0,0,0.0,0,0,0,36,0,5.305562734603882,34,34,1,P1,0.9000188070991526,0.7805091528248864,0.8402639799620195
judo,2,sam2video,C1_fog_noise,1,1.0,1.095299482345581,1.2989660501480103,1,34,0.8623329018086977,0.67526424658748,0.7687985741980888,0,0,0.0,0,0,0,36,0,5.309312582015991,34,34,1,P1,0.8623329018086977,0.67526424658748,0.7687985741980888
judo,1,sam2video,C1_fog_noise,1,2.0,2.0,2.5979321002960205,1,34,0.8330041734772976,0.6933975470545761,0.7632008602659368,0,0,0.0,0,0,0,36,0,5.2947468757629395,34,34,1,P1,0.8330041734772976,0.6933975470545761,0.7632008602659368
judo,2,sam2video,C1_fog_noise,1,2.0,2.0,2.5979321002960205,1,34,0.8159434990226304,0.5800369975701971,0.6979902482964138,0,0,0.0,0,0,0,36,0,5.313950061798096,34,34,1,P1,0.8159434990226304,0.5800369975701971,0.6979902482964138
judo,1,sam2video,C1_fog_noise,1,3.0,3.0,3.8968982696533203,1,34,0.7848059563182757,0.6037576171894355,0.6942817867538555,0,0,0.0,0,0,0,36,0,5.267821550369263,34,34,1,P1,0.7848059563182757,0.6037576171894355,0.6942817867538555
judo,2,sam2video,C1_fog_noise,1,3.0,3.0,3.8968982696533203,1,34,0.7138615993796775,0.44400804932211896,0.5789348243508983,0,0,0.0,0,0,0,36,0,5.481197357177734,34,34,1,P1,0.7138615993796775,0.44400804932211896,0.5789348243508983
judo,1,sam2video,C1_fog_noise,1,4.0,3.974936008453369,5.0,1,34,0.6862710556465567,0.44298391187128155,0.5646274837589191,0,0,0.0,0,0,0,36,0,5.559250354766846,34,34,1,P1,0.6862710556465567,0.44298391187128155,0.5646274837589191
judo,2,sam2video,C1_fog_noise,1,4.0,3.974936008453369,5.0,1,34,0.5950006390647262,0.3078294982297729,0.45141506864724956,0,0,0.0,0,0,0,36,0,5.315417289733887,34,34,1,P1,0.5950006390647262,0.3078294982297729,0.45141506864724956
judo,1,sam2video,C1_fog_noise,1,5.0,4.523502826690674,5.0,1,34,0.6051020107243376,0.34784434302659706,0.4764731768754673,0,0,0.0,0,0,0,36,0,5.3028669357299805,34,34,1,P1,0.6051020107243376,0.34784434302659706,0.4764731768754673
judo,2,sam2video,C1_fog_noise,1,5.0,4.523502826690674,5.0,1,34,0.5179976709430324,0.2500778613605962,0.3840377661518143,0,0,0.0,0,0,0,36,0,5.297591209411621,34,34,1,P1,0.5179976709430324,0.2500778613605962,0.3840377661518143
kite-surf,1,sam2video,fog,0,1.0,1.0955525636672974,1.2979332208633423,1,50,0.4309990367519604,0.41872529891766175,0.42486216783481107,0,0,0.0,0,0,0,52,0,7.889943599700928,50,50,1,P1,0.4309990367519604,0.41872529891766175,0.42486216783481107
kite-surf,2,sam2video,fog,0,1.0,1.0955525636672974,1.2979332208633423,1,38,0.4381876011401367,0.5689378266064612,0.503562713873299,0,0,0.0,0,0,0,52,0,7.822035312652588,38,50,1,P1,0.4381876011401367,0.5689378266064612,0.503562713873299
kite-surf,3,sam2video,fog,0,1.0,1.0955525636672974,1.2979332208633423,1,50,0.8289927317290301,0.7862070003771504,0.8075998660530903,0,0,0.0,0,0,0,52,0,7.795756816864014,50,50,1,P1,0.8289927317290301,0.7862070003771504,0.8075998660530903
kite-surf,1,sam2video,fog,0,2.0,1.9999998807907104,2.5958664417266846,1,50,0.41822984850055195,0.397052650197104,0.40764124934882795,0,0,0.0,0,0,0,52,0,7.78157377243042,50,50,1,P1,0.41822984850055195,0.397052650197104,0.40764124934882795
kite-surf,2,sam2video,fog,0,2.0,1.9999998807907104,2.5958664417266846,1,38,0.41923886865368354,0.5282129787114673,0.47372592368257543,0,0,0.0,0,0,0,52,0,7.948364496231079,38,50,1,P1,0.41923886865368354,0.5282129787114673,0.47372592368257543
kite-surf,3,sam2video,fog,0,2.0,1.9999998807907104,2.5958664417266846,1,50,0.812363220691917,0.7704573094499781,0.7914102650709476,0,0,0.0,0,0,0,52,0,7.899412155151367,50,50,1,P1,0.812363220691917,0.7704573094499781,0.7914102650709476
kite-surf,1,sam2video,fog,0,3.0,3.0,3.8937995433807373,1,50,0.35992008865600056,0.34753271455195334,0.35372640160397695,0,0,0.0,0,0,0,52,0,7.81540060043335,50,50,1,P1,0.35992008865600056,0.34753271455195334,0.35372640160397695
kite-surf,2,sam2video,fog,0,3.0,3.0,3.8937995433807373,1,38,0.40070165058781126,0.5052326032196643,0.4529671269037378,0,0,0.0,0,0,0,52,0,7.859354257583618,38,50,1,P1,0.40070165058781126,0.5052326032196643,0.4529671269037378
kite-surf,3,sam2video,fog,0,3.0,3.0,3.8937995433807373,1,50,0.7747848111218432,0.7355120580816222,0.7551484346017328,0,0,0.0,0,0,0,52,0,8.086551666259766,50,50,1,P1,0.7747848111218432,0.7355120580816222,0.7551484346017328
kite-surf,1,sam2video,fog,0,4.0,3.9755043983459473,5.0,1,50,0.3204326453560913,0.311064678434586,0.3157486618953387,0,0,0.0,0,0,0,52,0,7.787444114685059,50,50,1,P1,0.3204326453560913,0.311064678434586,0.3157486618953387
kite-surf,2,sam2video,fog,0,4.0,3.9755043983459473,5.0,1,38,0.3691380006065459,0.474033153933219,0.42158557726988244,0,0,0.0,0,0,0,52,0,7.800273418426514,38,50,1,P1,0.3691380006065459,0.474033153933219,0.42158557726988244
kite-surf,3,sam2video,fog,0,4.0,3.9755043983459473,5.0,1,50,0.7341617402056981,0.6838407147826395,0.7090012274941688,0,0,0.0,0,0,0,52,0,7.811796188354492,50,50,1,P1,0.7341617402056981,0.6838407147826395,0.7090012274941688
kite-surf,1,sam2video,fog,0,5.0,4.5222368240356445,5.0,1,50,0.30591454908097665,0.2953285105347738,0.30062152980787527,0,0,0.0,0,0,0,52,0,7.921169996261597,50,50,1,P1,0.30591454908097665,0.2953285105347738,0.30062152980787527
kite-surf,2,sam2video,fog,0,5.0,4.5222368240356445,5.0,1,38,0.3216435871359929,0.41659837699414193,0.3691209820650674,0,0,0.0,0,0,0,52,0,7.787742614746094,38,50,1,P1,0.3216435871359929,0.41659837699414193,0.3691209820650674
kite-surf,3,sam2video,fog,0,5.0,4.5222368240356445,5.0,1,50,0.6948109402155854,0.638140116821421,0.6664755285185032,0,0,0.0,0,0,0,52,0,7.8179686069488525,50,50,1,P1,0.6948109402155854,0.638140116821421,0.6664755285185032
kite-surf,1,sam2video,sensor_noise,0,1.0,1.0955525636672974,1.2979332208633423,1,50,0.42964845480465913,0.4169964221333794,0.4233224384690193,0,0,0.0,0,0,0,52,0,7.781340599060059,50,50,1,P1,0.42964845480465913,0.4169964221333794,0.4233224384690193
kite-surf,2,sam2video,sensor_noise,0,1.0,1.0955525636672974,1.2979332208633423,1,38,0.3878046918766744,0.50945344318821,0.44862906753244214,0,0,0.0,0,0,0,52,0,7.765982389450073,38,50,1,P1,0.3878046918766744,0.50945344318821,0.44862906753244214
kite-surf,3,sam2video,sensor_noise,0,1.0,1.0955525636672974,1.2979332208633423,1,50,0.8234618299091497,0.7817232699908572,0.8025925499500035,0,0,0.0,0,0,0,52,0,7.756148338317871,50,50,1,P1,0.8234618299091497,0.7817232699908572,0.8025925499500035
kite-surf,1,sam2video,sensor_noise,0,2.0,1.9999998807907104,2.5958664417266846,1,50,0.4164747686179058,0.3855282091682446,0.4010014888930752,0,0,0.0,0,0,0,52,0,7.79167628288269,50,50,1,P1,0.4164747686179058,0.3855282091682446,0.4010014888930752
kite-surf,2,sam2video,sensor_noise,0,2.0,1.9999998807907104,2.5958664417266846,1,38,0.3660962067509053,0.4802874095612393,0.42319180815607227,0,0,0.0,0,0,0,52,0,7.788864850997925,38,50,1,P1,0.3660962067509053,0.4802874095612393,0.42319180815607227
kite-surf,3,sam2video,sensor_noise,0,2.0,1.9999998807907104,2.5958664417266846,1,50,0.811883609373326,0.7726445923613565,0.7922641008673412,0,0,0.0,0,0,0,52,0,7.790929794311523,50,50,1,P1,0.811883609373326,0.7726445923613565,0.7922641008673412
kite-surf,1,sam2video,sensor_noise,0,3.0,3.0,3.8937995433807373,1,50,0.40648374533878956,0.3739674464278583,0.39022559588332395,0,0,0.0,0,0,0,52,0,7.775533437728882,50,50,1,P1,0.40648374533878956,0.3739674464278583,0.39022559588332395
kite-surf,2,sam2video,sensor_noise,0,3.0,3.0,3.8937995433807373,1,38,0.31887963713139317,0.41657521136233255,0.3677274242468629,0,0,0.0,0,0,0,52,0,7.761841297149658,38,50,1,P1,0.31887963713139317,0.41657521136233255,0.3677274242468629
kite-surf,3,sam2video,sensor_noise,0,3.0,3.0,3.8937995433807373,1,50,0.7755668065496681,0.7440672998927699,0.759817053221219,0,0,0.0,0,0,0,52,0,7.734311580657959,50,50,1,P1,0.7755668065496681,0.7440672998927699,0.759817053221219
kite-surf,1,sam2video,sensor_noise,0,4.0,3.9755043983459473,5.0,1,50,0.3806945417191202,0.37184726325623024,0.37627090248767525,0,0,0.0,0,0,0,52,0,7.7991533279418945,50,50,1,P1,0.3806945417191202,0.37184726325623024,0.37627090248767525
kite-surf,2,sam2video,sensor_noise,0,4.0,3.9755043983459473,5.0,1,38,0.31802623057956625,0.4140532512815767,0.36603974093057146,0,0,0.0,0,0,0,52,0,7.780697822570801,38,50,1,P1,0.31802623057956625,0.4140532512815767,0.36603974093057146
kite-surf,3,sam2video,sensor_noise,0,4.0,3.9755043983459473,5.0,1,50,0.7306438485802791,0.711735107786946,0.7211894781836126,0,0,0.0,0,0,0,52,0,7.855227708816528,50,50,1,P1,0.7306438485802791,0.711735107786946,0.7211894781836126
kite-surf,1,sam2video,sensor_noise,0,5.0,4.5222368240356445,5.0,1,50,0.3574982830104931,0.3693138968765717,0.3634060899435324,0,0,0.0,0,0,0,52,0,7.858766794204712,50,50,1,P1,0.3574982830104931,0.3693138968765717,0.3634060899435324
kite-surf,2,sam2video,sensor_noise,0,5.0,4.5222368240356445,5.0,1,38,0.31575436044861754,0.4115109414723614,0.36363265096048947,0,0,0.0,0,0,0,52,0,7.877031564712524,38,50,1,P1,0.31575436044861754,0.4115109414723614,0.36363265096048947
kite-surf,3,sam2video,sensor_noise,0,5.0,4.5222368240356445,5.0,1,50,0.6934061719893685,0.6966987239725754,0.6950524479809719,0,0,0.0,0,0,0,52,0,7.790079832077026,50,50,1,P1,0.6934061719893685,0.6966987239725754,0.6950524479809719
kite-surf,1,sam2video,C1_fog_noise,1,1.0,1.0955525636672974,1.2979332208633423,1,50,0.4244257522408232,0.4011440007431316,0.41278487649197737,0,0,0.0,0,0,0,52,0,7.794115781784058,50,50,1,P1,0.4244257522408232,0.4011440007431316,0.41278487649197737
kite-surf,2,sam2video,C1_fog_noise,1,1.0,1.0955525636672974,1.2979332208633423,1,38,0.39048214924869723,0.5117359153532405,0.4511090323009689,0,0,0.0,0,0,0,52,0,7.779078483581543,38,50,1,P1,0.39048214924869723,0.5117359153532405,0.4511090323009689
kite-surf,3,sam2video,C1_fog_noise,1,1.0,1.0955525636672974,1.2979332208633423,1,50,0.8147024423583576,0.774930494305078,0.7948164683317178,0,0,0.0,0,0,0,52,0,7.780255317687988,50,50,1,P1,0.8147024423583576,0.774930494305078,0.7948164683317178
kite-surf,1,sam2video,C1_fog_noise,1,2.0,1.9999998807907104,2.5958664417266846,1,50,0.3534131719653684,0.3459214634787742,0.3496673177220713,0,0,0.0,0,0,0,52,0,7.781151056289673,50,50,1,P1,0.3534131719653684,0.3459214634787742,0.3496673177220713
kite-surf,2,sam2video,C1_fog_noise,1,2.0,1.9999998807907104,2.5958664417266846,1,38,0.3562335090947046,0.4753955591343123,0.4158145341145084,0,0,0.0,0,0,0,52,0,8.3483567237854,38,50,1,P1,0.3562335090947046,0.4753955591343123,0.4158145341145084
kite-surf,3,sam2video,C1_fog_noise,1,2.0,1.9999998807907104,2.5958664417266846,1,50,0.7631199230057252,0.7142953472810406,0.7387076351433829,0,0,0.0,0,0,0,52,0,7.763852596282959,50,50,1,P1,0.7631199230057252,0.7142953472810406,0.7387076351433829
kite-surf,1,sam2video,C1_fog_noise,1,3.0,3.0,3.8937995433807373,1,50,0.29268412897080137,0.3172905366254251,0.30498733279811324,0,0,0.0,0,0,0,52,0,7.767590761184692,50,50,1,P1,0.29268412897080137,0.3172905366254251,0.30498733279811324
kite-surf,2,sam2video,C1_fog_noise,1,3.0,3.0,3.8937995433807373,1,42,0.2473484289,0.3549574047,0.3011529168,0,0,0.0,0,0,0,52,0,7.80167555809021,38,50,1.105263158,P1,0.22379143563789583,0.3211519376114912,0.2724716866246935
kite-surf,3,sam2video,C1_fog_noise,1,3.0,3.0,3.8937995433807373,1,50,0.6570083120126491,0.5956659612285077,0.6263371366205783,0,0,0.0,0,0,0,52,0,7.823467969894409,50,50,1,P1,0.6570083120126491,0.5956659612285077,0.6263371366205783
kite-surf,1,sam2video,C1_fog_noise,1,4.0,3.9755043983459473,5.0,1,50,0.22738375301183697,0.2977394213699008,0.26256158719086886,0,0,0.0,0,0,0,52,0,7.877511024475098,50,50,1,P1,0.22738375301183697,0.2977394213699008,0.26256158719086886
kite-surf,2,sam2video,C1_fog_noise,1,4.0,3.9755043983459473,5.0,1,44,0.1311781775,0.1851907733,0.1581844754,0,0,0.0,0,0,0,52,0,7.874629735946655,38,50,1.157894737,P1,0.11329024421539798,0.15993748603853583,0.1366138651269669
kite-surf,3,sam2video,C1_fog_noise,1,4.0,3.9755043983459473,5.0,1,50,0.42549850056311583,0.38943102897480975,0.40746476476896276,0,0,0.0,0,0,0,52,0,7.9690022468566895,50,50,1,P1,0.42549850056311583,0.38943102897480975,0.40746476476896276
kite-surf,1,sam2video,C1_fog_noise,1,5.0,4.5222368240356445,5.0,1,50,0.16732331968667608,0.23555034527664404,0.20143683248166006,0,0,0.0,0,0,0,52,0,7.845189094543457,50,50,1,P1,0.16732331968667608,0.23555034527664404,0.20143683248166006
kite-surf,2,sam2video,C1_fog_noise,1,5.0,4.5222368240356445,5.0,1,38,0.037076304795420956,0.04750755030710238,0.04229192755126167,0,0,0.0,0,0,0,52,0,7.958684206008911,38,50,1,P1,0.037076304795420956,0.04750755030710238,0.04229192755126167
kite-surf,3,sam2video,C1_fog_noise,1,5.0,4.5222368240356445,5.0,1,50,0.3718280491258333,0.31304157813415584,0.34243481362999456,0,0,0.0,0,0,0,52,0,7.9526073932647705,50,50,1,P1,0.3718280491258333,0.31304157813415584,0.34243481362999456
lab-coat,1,sam2video,fog,0,1.0,1.099408507347107,1.2986416816711426,1,47,0.0439376366448035,0.1109263061477568,0.07743197139628015,0,0,0.0,0,0,0,49,0,7.5449182987213135,47,47,1,P1,0.0439376366448035,0.1109263061477568,0.07743197139628015
lab-coat,2,sam2video,fog,0,1.0,1.099408507347107,1.2986416816711426,1,47,0.02127659574468085,0.02127659574468085,0.02127659574468085,0,0,0.0,0,0,0,49,0,7.4502952098846436,47,47,1,P1,0.02127659574468085,0.02127659574468085,0.02127659574468085
lab-coat,3,sam2video,fog,0,1.0,1.099408507347107,1.2986416816711426,1,47,0.9717398788499659,0.7833575350766554,0.8775487069633107,0,0,0.0,0,0,0,49,0,7.488141059875488,47,47,1,P1,0.9717398788499659,0.7833575350766554,0.8775487069633107
lab-coat,4,sam2video,fog,0,1.0,1.099408507347107,1.2986416816711426,1,47,0.9541082948259317,0.6860367195665718,0.8200725071962518,0,0,0.0,0,0,0,49,0,7.497666358947754,47,47,1,P1,0.9541082948259317,0.6860367195665718,0.8200725071962518
lab-coat,5,sam2video,fog,0,1.0,1.099408507347107,1.2986416816711426,1,47,0.943066560588146,0.7616156498336182,0.852341105210882,0,0,0.0,0,0,0,49,0,7.643534898757935,47,47,1,P1,0.943066560588146,0.7616156498336182,0.852341105210882
lab-coat,1,sam2video,fog,0,2.0,2.011909246444702,2.597283363342285,1,47,0.18692640494551893,0.2916918325074433,0.2393091187264811,0,0,0.0,0,0,0,49,0,7.489957332611084,47,47,1,P1,0.18692640494551893,0.2916918325074433,0.2393091187264811
lab-coat,2,sam2video,fog,0,2.0,2.011909246444702,2.597283363342285,1,47,0.02127659574468085,0.02127659574468085,0.02127659574468085,0,0,0.0,0,0,0,49,0,7.911456108093262,47,47,1,P1,0.02127659574468085,0.02127659574468085,0.02127659574468085
lab-coat,3,sam2video,fog,0,2.0,2.011909246444702,2.597283363342285,1,47,0.9673317264262944,0.7429976565842679,0.8551646915052811,0,0,0.0,0,0,0,49,0,7.659377574920654,47,47,1,P1,0.9673317264262944,0.7429976565842679,0.8551646915052811
lab-coat,4,sam2video,fog,0,2.0,2.011909246444702,2.597283363342285,1,47,0.9517459739018339,0.6670045933013976,0.8093752836016157,0,0,0.0,0,0,0,49,0,7.710493087768555,47,47,1,P1,0.9517459739018339,0.6670045933013976,0.8093752836016157
lab-coat,5,sam2video,fog,0,2.0,2.011909246444702,2.597283363342285,1,47,0.9385416181216891,0.7522967135744406,0.8454191658480649,0,0,0.0,0,0,0,49,0,7.657812595367432,47,47,1,P1,0.9385416181216891,0.7522967135744406,0.8454191658480649
lab-coat,1,sam2video,fog,0,3.0,3.017864465713501,3.8959248065948486,1,47,0.4713845714229649,0.5845812903253781,0.5279829308741715,0,0,0.0,0,0,0,49,0,7.640809774398804,47,47,1,P1,0.4713845714229649,0.5845812903253781,0.5279829308741715
lab-coat,2,sam2video,fog,0,3.0,3.017864465713501,3.8959248065948486,1,47,0.02127659574468085,0.02127659574468085,0.02127659574468085,0,0,0.0,0,0,0,49,0,7.516228199005127,47,47,1,P1,0.02127659574468085,0.02127659574468085,0.02127659574468085
lab-coat,3,sam2video,fog,0,3.0,3.017864465713501,3.8959248065948486,1,47,0.9553292805177387,0.6978464605715945,0.8265878705446665,0,0,0.0,0,0,0,49,0,7.297743320465088,47,47,1,P1,0.9553292805177387,0.6978464605715945,0.8265878705446665
lab-coat,4,sam2video,fog,0,3.0,3.017864465713501,3.8959248065948486,1,47,0.9429793375178481,0.6252184339750622,0.7840988857464551,0,0,0.0,0,0,0,49,0,7.3345959186553955,47,47,1,P1,0.9429793375178481,0.6252184339750622,0.7840988857464551
lab-coat,5,sam2video,fog,0,3.0,3.017864465713501,3.8959248065948486,1,47,0.9319627642449362,0.7253920895239063,0.8286774268844213,0,0,0.0,0,0,0,49,0,7.297283172607422,47,47,1,P1,0.9319627642449362,0.7253920895239063,0.8286774268844213
lab-coat,1,sam2video,fog,0,4.0,3.996807098388672,5.0,1,47,0.41764720475632544,0.5258696234088955,0.4717584140826105,0,0,0.0,0,0,0,49,0,7.309349775314331,47,47,1,P1,0.41764720475632544,0.5258696234088955,0.4717584140826105
lab-coat,2,sam2video,fog,0,4.0,3.996807098388672,5.0,1,47,0.02127659574468085,0.02127659574468085,0.02127659574468085,0,0,0.0,0,0,0,49,0,7.304029941558838,47,47,1,P1,0.02127659574468085,0.02127659574468085,0.02127659574468085
lab-coat,3,sam2video,fog,0,4.0,3.996807098388672,5.0,1,47,0.9513777033731254,0.6684584166638692,0.8099180600184973,0,0,0.0,0,0,0,49,0,7.332206726074219,47,47,1,P1,0.9513777033731254,0.6684584166638692,0.8099180600184973
lab-coat,4,sam2video,fog,0,4.0,3.996807098388672,5.0,1,47,0.9341950086929592,0.5762002318007166,0.7551976202468379,0,0,0.0,0,0,0,49,0,7.379566669464111,47,47,1,P1,0.9341950086929592,0.5762002318007166,0.7551976202468379
lab-coat,5,sam2video,fog,0,4.0,3.996807098388672,5.0,1,47,0.9206173636071314,0.6814120118719303,0.8010146877395309,0,0,0.0,0,0,0,49,0,7.449566125869751,47,47,1,P1,0.9206173636071314,0.6814120118719303,0.8010146877395309
lab-coat,1,sam2video,fog,0,5.0,4.532731533050537,5.0,1,47,0.3961632219764324,0.4996591567458898,0.4479111893611611,0,0,0.0,0,0,0,49,0,7.384073495864868,47,47,1,P1,0.3961632219764324,0.4996591567458898,0.4479111893611611
lab-coat,2,sam2video,fog,0,5.0,4.532731533050537,5.0,1,47,0.02127659574468085,0.02127659574468085,0.02127659574468085,0,0,0.0,0,0,0,49,0,7.416232109069824,47,47,1,P1,0.02127659574468085,0.02127659574468085,0.02127659574468085
lab-coat,3,sam2video,fog,0,5.0,4.532731533050537,5.0,1,47,0.9435976184144813,0.6395005249947754,0.7915490717046283,0,0,0.0,0,0,0,49,0,7.358879804611206,47,47,1,P1,0.9435976184144813,0.6395005249947754,0.7915490717046283
lab-coat,4,sam2video,fog,0,5.0,4.532731533050537,5.0,1,47,0.9286344689596876,0.5502502207280601,0.7394423448438738,0,0,0.0,0,0,0,49,0,7.478708028793335,47,47,1,P1,0.9286344689596876,0.5502502207280601,0.7394423448438738
lab-coat,5,sam2video,fog,0,5.0,4.532731533050537,5.0,1,47,0.9141475781759739,0.6530230335823852,0.7835853058791795,0,0,0.0,0,0,0,49,0,7.683763265609741,47,47,1,P1,0.9141475781759739,0.6530230335823852,0.7835853058791795
lab-coat,1,sam2video,sensor_noise,0,1.0,1.099408507347107,1.2986416816711426,1,47,0.09795694634596341,0.18370358740719234,0.14083026687657788,0,0,0.0,0,0,0,49,0,7.61658239364624,47,47,1,P1,0.09795694634596341,0.18370358740719234,0.14083026687657788
lab-coat,2,sam2video,sensor_noise,0,1.0,1.099408507347107,1.2986416816711426,1,47,0.02127659574468085,0.02127659574468085,0.02127659574468085,0,0,0.0,0,0,0,49,0,7.517372131347656,47,47,1,P1,0.02127659574468085,0.02127659574468085,0.02127659574468085
lab-coat,3,sam2video,sensor_noise,0,1.0,1.099408507347107,1.2986416816711426,1,47,0.9713590638095198,0.7762443791446041,0.8738017214770619,0,0,0.0,0,0,0,49,0,7.761270523071289,47,47,1,P1,0.9713590638095198,0.7762443791446041,0.8738017214770619
lab-coat,4,sam2video,sensor_noise,0,1.0,1.099408507347107,1.2986416816711426,1,47,0.9548916314697613,0.6936596721255597,0.8242756517976605,0,0,0.0,0,0,0,49,0,7.644641876220703,47,47,1,P1,0.9548916314697613,0.6936596721255597,0.8242756517976605
lab-coat,5,sam2video,sensor_noise,0,1.0,1.099408507347107,1.2986416816711426,1,47,0.9383210484426779,0.7514594523625324,0.8448902504026052,0,0,0.0,0,0,0,49,0,7.956735849380493,47,47,1,P1,0.9383210484426779,0.7514594523625324,0.8448902504026052
lab-coat,1,sam2video,sensor_noise,0,2.0,2.011909246444702,2.597283363342285,1,47,0.4768983229925514,0.5774185520105546,0.527158437501553,0,0,0.0,0,0,0,49,0,7.595185995101929,47,47,1,P1,0.4768983229925514,0.5774185520105546,0.527158437501553
lab-coat,2,sam2video,sensor_noise,0,2.0,2.011909246444702,2.597283363342285,1,47,0.02127659574468085,0.02127659574468085,0.02127659574468085,0,0,0.0,0,0,0,49,0,7.505335807800293,47,47,1,P1,0.02127659574468085,0.02127659574468085,0.02127659574468085
lab-coat,3,sam2video,sensor_noise,0,2.0,2.011909246444702,2.597283363342285,1,47,0.9692993626421103,0.7662504143922876,0.867774888517199,0,0,0.0,0,0,0,49,0,7.479636192321777,47,47,1,P1,0.9692993626421103,0.7662504143922876,0.867774888517199
lab-coat,4,sam2video,sensor_noise,0,2.0,2.011909246444702,2.597283363342285,1,47,0.949861523161936,0.6666556522494069,0.8082585877056714,0,0,0.0,0,0,0,49,0,7.592896938323975,47,47,1,P1,0.949861523161936,0.6666556522494069,0.8082585877056714
lab-coat,5,sam2video,sensor_noise,0,2.0,2.011909246444702,2.597283363342285,1,47,0.9394615444162723,0.7525877178190137,0.8460246311176429,0,0,0.0,0,0,0,49,0,7.493943691253662,47,47,1,P1,0.9394615444162723,0.7525877178190137,0.8460246311176429
lab-coat,1,sam2video,sensor_noise,0,3.0,3.017864465713501,3.8959248065948486,1,47,0.4580183214819328,0.5747246873465583,0.5163715044142456,0,0,0.0,0,0,0,49,0,7.46478796005249,47,47,1,P1,0.4580183214819328,0.5747246873465583,0.5163715044142456
lab-coat,2,sam2video,sensor_noise,0,3.0,3.017864465713501,3.8959248065948486,1,47,0.02127659574468085,0.02127659574468085,0.02127659574468085,0,0,0.0,0,0,0,49,0,7.546992540359497,47,47,1,P1,0.02127659574468085,0.02127659574468085,0.02127659574468085
lab-coat,3,sam2video,sensor_noise,0,3.0,3.017864465713501,3.8959248065948486,1,47,0.9684153174500603,0.7652596741800867,0.8668374958150735,0,0,0.0,0,0,0,49,0,7.539947271347046,47,47,1,P1,0.9684153174500603,0.7652596741800867,0.8668374958150735
lab-coat,4,sam2video,sensor_noise,0,3.0,3.017864465713501,3.8959248065948486,1,47,0.9490296228741162,0.6616986954618749,0.8053641591679955,0,0,0.0,0,0,0,49,0,7.538429498672485,47,47,1,P1,0.9490296228741162,0.6616986954618749,0.8053641591679955
lab-coat,5,sam2video,sensor_noise,0,3.0,3.017864465713501,3.8959248065948486,1,47,0.9361937304218805,0.7436796154138312,0.8399366729178559,0,0,0.0,0,0,0,49,0,7.643996000289917,47,47,1,P1,0.9361937304218805,0.7436796154138312,0.8399366729178559
lab-coat,1,sam2video,sensor_noise,0,4.0,3.996807098388672,5.0,1,47,0.45874721110225525,0.5784257884184005,0.5185864997603279,0,0,0.0,0,0,0,49,0,7.48838472366333,47,47,1,P1,0.45874721110225525,0.5784257884184005,0.5185864997603279
lab-coat,2,sam2video,sensor_noise,0,4.0,3.996807098388672,5.0,1,47,0.02127659574468085,0.02127659574468085,0.02127659574468085,0,0,0.0,0,0,0,49,0,7.558488130569458,47,47,1,P1,0.02127659574468085,0.02127659574468085,0.02127659574468085
lab-coat,3,sam2video,sensor_noise,0,4.0,3.996807098388672,5.0,1,47,0.9670158717038261,0.758644028184642,0.862829949944234,0,0,0.0,0,0,0,49,0,7.4091503620147705,47,47,1,P1,0.9670158717038261,0.758644028184642,0.862829949944234
lab-coat,4,sam2video,sensor_noise,0,4.0,3.996807098388672,5.0,1,47,0.9490698203771419,0.6545001099532498,0.8017849651651958,0,0,0.0,0,0,0,49,0,7.714532136917114,47,47,1,P1,0.9490698203771419,0.6545001099532498,0.8017849651651958
lab-coat,5,sam2video,sensor_noise,0,4.0,3.996807098388672,5.0,1,47,0.9340237078402712,0.735506933926591,0.8347653208834311,0,0,0.0,0,0,0,49,0,7.724116325378418,47,47,1,P1,0.9340237078402712,0.735506933926591,0.8347653208834311
lab-coat,1,sam2video,sensor_noise,0,5.0,4.532731533050537,5.0,1,47,0.4714968366404975,0.5923456299230728,0.5319212332817852,0,0,0.0,0,0,0,49,0,7.66323447227478,47,47,1,P1,0.4714968366404975,0.5923456299230728,0.5319212332817852
lab-coat,2,sam2video,sensor_noise,0,5.0,4.532731533050537,5.0,1,47,0.02127659574468085,0.02127659574468085,0.02127659574468085,0,0,0.0,0,0,0,49,0,7.706060886383057,47,47,1,P1,0.02127659574468085,0.02127659574468085,0.02127659574468085
lab-coat,3,sam2video,sensor_noise,0,5.0,4.532731533050537,5.0,1,47,0.9659663737927535,0.7521314525237047,0.8590489131582291,0,0,0.0,0,0,0,49,0,7.645168781280518,47,47,1,P1,0.9659663737927535,0.7521314525237047,0.8590489131582291
lab-coat,4,sam2video,sensor_noise,0,5.0,4.532731533050537,5.0,1,47,0.9485976119045264,0.6488740136921389,0.7987358127983326,0,0,0.0,0,0,0,49,0,7.555494785308838,47,47,1,P1,0.9485976119045264,0.6488740136921389,0.7987358127983326
lab-coat,5,sam2video,sensor_noise,0,5.0,4.532731533050537,5.0,1,47,0.9331392823851279,0.730015554593212,0.83157741848917,0,0,0.0,0,0,0,49,0,7.582899570465088,47,47,1,P1,0.9331392823851279,0.730015554593212,0.83157741848917
lab-coat,1,sam2video,C1_fog_noise,1,1.0,1.099408507347107,1.2986416816711426,1,47,0.45209052906866737,0.5575027849559718,0.5047966570123196,0,0,0.0,0,0,0,49,0,7.56039023399353,47,47,1,P1,0.45209052906866737,0.5575027849559718,0.5047966570123196
lab-coat,2,sam2video,C1_fog_noise,1,1.0,1.099408507347107,1.2986416816711426,1,47,0.02127659574468085,0.02127659574468085,0.02127659574468085,0,0,0.0,0,0,0,49,0,7.668295621871948,47,47,1,P1,0.02127659574468085,0.02127659574468085,0.02127659574468085
lab-coat,3,sam2video,C1_fog_noise,1,1.0,1.099408507347107,1.2986416816711426,1,47,0.968740695756227,0.7556179857158773,0.8621793407360522,0,0,0.0,0,0,0,49,0,7.597525119781494,47,47,1,P1,0.968740695756227,0.7556179857158773,0.8621793407360522
lab-coat,4,sam2video,C1_fog_noise,1,1.0,1.099408507347107,1.2986416816711426,1,47,0.9493758953572906,0.6672702728103281,0.8083230840838094,0,0,0.0,0,0,0,49,0,7.7919275760650635,47,47,1,P1,0.9493758953572906,0.6672702728103281,0.8083230840838094
lab-coat,5,sam2video,C1_fog_noise,1,1.0,1.099408507347107,1.2986416816711426,1,47,0.9364223259983823,0.7498403726335303,0.8431313493159562,0,0,0.0,0,0,0,49,0,7.5861570835113525,47,47,1,P1,0.9364223259983823,0.7498403726335303,0.8431313493159562
lab-coat,1,sam2video,C1_fog_noise,1,2.0,2.011909246444702,2.597283363342285,1,47,0.42785185932794767,0.5623948685830406,0.4951233639554941,0,0,0.0,0,0,0,49,0,7.572034597396851,47,47,1,P1,0.42785185932794767,0.5623948685830406,0.4951233639554941
lab-coat,2,sam2video,C1_fog_noise,1,2.0,2.011909246444702,2.597283363342285,1,47,0.02127659574468085,0.02127659574468085,0.02127659574468085,0,0,0.0,0,0,0,49,0,7.731560707092285,47,47,1,P1,0.02127659574468085,0.02127659574468085,0.02127659574468085
lab-coat,3,sam2video,C1_fog_noise,1,2.0,2.011909246444702,2.597283363342285,1,47,0.9626441084696468,0.7220222214135713,0.842333164941609,0,0,0.0,0,0,0,49,0,7.603127956390381,47,47,1,P1,0.9626441084696468,0.7220222214135713,0.842333164941609
lab-coat,4,sam2video,C1_fog_noise,1,2.0,2.011909246444702,2.597283363342285,1,47,0.9404810295608126,0.6082126075892479,0.7743468185750302,0,0,0.0,0,0,0,49,0,7.530479192733765,47,47,1,P1,0.9404810295608126,0.6082126075892479,0.7743468185750302
lab-coat,5,sam2video,C1_fog_noise,1,2.0,2.011909246444702,2.597283363342285,1,47,0.9262961944357117,0.7047261679675086,0.8155111812016101,0,0,0.0,0,0,0,49,0,7.1433727741241455,47,47,1,P1,0.9262961944357117,0.7047261679675086,0.8155111812016101
lab-coat,1,sam2video,C1_fog_noise,1,3.0,3.017864465713501,3.8959248065948486,1,47,0.021985627023068423,0.03972662571944565,0.030856126371257037,0,0,0.0,0,0,0,49,0,7.093020677566528,47,47,1,P1,0.021985627023068423,0.03972662571944565,0.030856126371257037
lab-coat,2,sam2video,C1_fog_noise,1,3.0,3.017864465713501,3.8959248065948486,1,47,0.021347750599834462,0.0255145986509259,0.02343117462538018,0,0,0.0,0,0,0,49,0,7.080697059631348,47,47,1,P1,0.021347750599834462,0.0255145986509259,0.02343117462538018
lab-coat,3,sam2video,C1_fog_noise,1,3.0,3.017864465713501,3.8959248065948486,1,47,0.9226597757804043,0.5911977186284807,0.7569287472044425,0,0,0.0,0,0,0,49,0,7.118788003921509,47,47,1,P1,0.9226597757804043,0.5911977186284807,0.7569287472044425
lab-coat,4,sam2video,C1_fog_noise,1,3.0,3.017864465713501,3.8959248065948486,1,47,0.9053977817531531,0.48018505560737706,0.6927914186802651,0,0,0.0,0,0,0,49,0,7.135110855102539,47,47,1,P1,0.9053977817531531,0.48018505560737706,0.6927914186802651
lab-coat,5,sam2video,C1_fog_noise,1,3.0,3.017864465713501,3.8959248065948486,1,47,0.8956911184488056,0.6046597652678044,0.750175441858305,0,0,0.0,0,0,0,49,0,7.1148457527160645,47,47,1,P1,0.8956911184488056,0.6046597652678044,0.750175441858305
lab-coat,1,sam2video,C1_fog_noise,1,4.0,3.996807098388672,5.0,1,47,0.021843834625825193,0.03099890812404676,0.026421371374935977,0,0,0.0,0,0,0,49,0,7.1209869384765625,47,47,1,P1,0.021843834625825193,0.03099890812404676,0.026421371374935977
lab-coat,2,sam2video,C1_fog_noise,1,4.0,3.996807098388672,5.0,1,47,0.021379071725422437,0.026403322357995047,0.023891197041708744,0,0,0.0,0,0,0,49,0,7.186825275421143,47,47,1,P1,0.021379071725422437,0.026403322357995047,0.023891197041708744
lab-coat,3,sam2video,C1_fog_noise,1,4.0,3.996807098388672,5.0,1,47,0.6478787185293596,0.3028907633781021,0.47538474095373084,0,0,0.0,0,0,0,49,0,7.2414937019348145,47,47,1,P1,0.6478787185293596,0.3028907633781021,0.47538474095373084
lab-coat,4,sam2video,C1_fog_noise,1,4.0,3.996807098388672,5.0,1,47,0.5787341745211503,0.2032050468239456,0.39096961067254793,0,0,0.0,0,0,0,49,0,7.279547691345215,47,47,1,P1,0.5787341745211503,0.2032050468239456,0.39096961067254793
lab-coat,5,sam2video,C1_fog_noise,1,4.0,3.996807098388672,5.0,1,47,0.6859279885471666,0.3664995080020066,0.5262137482745866,0,0,0.0,0,0,0,49,0,7.553577184677124,47,47,1,P1,0.6859279885471666,0.3664995080020066,0.5262137482745866
lab-coat,1,sam2video,C1_fog_noise,1,5.0,4.532731533050537,5.0,1,47,0.021540796116593118,0.026121947903029977,0.023831372009811547,0,0,0.0,0,0,0,49,0,7.60629677772522,47,47,1,P1,0.021540796116593118,0.026121947903029977,0.023831372009811547
lab-coat,2,sam2video,C1_fog_noise,1,5.0,4.532731533050537,5.0,1,47,0.02127659574468085,0.02127659574468085,0.02127659574468085,0,0,0.0,0,0,0,49,0,7.621867418289185,47,47,1,P1,0.02127659574468085,0.02127659574468085,0.02127659574468085
lab-coat,3,sam2video,C1_fog_noise,1,5.0,4.532731533050537,5.0,1,47,0.40974098784561613,0.16380688655628262,0.28677393720094935,0,0,0.0,0,0,0,49,0,7.621878385543823,47,47,1,P1,0.40974098784561613,0.16380688655628262,0.28677393720094935
lab-coat,4,sam2video,C1_fog_noise,1,5.0,4.532731533050537,5.0,1,47,0.3222887234757057,0.102987676286791,0.21263819988124835,0,0,0.0,0,0,0,49,0,7.57827353477478,47,47,1,P1,0.3222887234757057,0.102987676286791,0.21263819988124835
lab-coat,5,sam2video,C1_fog_noise,1,5.0,4.532731533050537,5.0,1,47,0.5959756629507492,0.28703208571428784,0.44150387433251853,0,0,0.0,0,0,0,49,0,7.560556411743164,47,47,1,P1,0.5959756629507492,0.28703208571428784,0.44150387433251853
libby,1,sam2video,fog,0,1.0,1.0978316068649292,1.2998371124267578,1,49,0.9198712188326625,0.8607168072548081,0.8902940130437353,0,0,0.0,0,0,0,51,0,7.9616780281066895,49,49,1,P1,0.9198712188326625,0.8607168072548081,0.8902940130437353
libby,1,sam2video,fog,0,2.0,2.008939027786255,2.5996742248535156,1,49,0.9138098126791434,0.8503458603307203,0.8820778365049319,0,0,0.0,0,0,0,51,0,7.857136011123657,49,49,1,P1,0.9138098126791434,0.8503458603307203,0.8820778365049319
libby,1,sam2video,fog,0,3.0,3.0134084224700928,3.8995115756988525,1,49,0.889011696634521,0.814122470012582,0.8515670833235515,0,0,0.0,0,0,0,51,0,7.9379401206970215,49,49,1,P1,0.889011696634521,0.814122470012582,0.8515670833235515
libby,1,sam2video,fog,0,4.0,3.993647575378418,5.0,1,49,0.8005543186983252,0.7245496229243481,0.7625519708113366,0,0,0.0,0,0,0,51,0,7.977259874343872,49,49,1,P1,0.8005543186983252,0.7245496229243481,0.7625519708113366
libby,1,sam2video,fog,0,5.0,4.533189296722412,5.0,1,49,0.7547869938192051,0.6694263419297893,0.7121066678744972,0,0,0.0,0,0,0,51,0,7.852298259735107,49,49,1,P1,0.7547869938192051,0.6694263419297893,0.7121066678744972
libby,1,sam2video,sensor_noise,0,1.0,1.0978316068649292,1.2998371124267578,1,49,0.9217069000430304,0.8641876285837531,0.8929472643133918,0,0,0.0,0,0,0,51,0,7.968462228775024,49,49,1,P1,0.9217069000430304,0.8641876285837531,0.8929472643133918
libby,1,sam2video,sensor_noise,0,2.0,2.008939027786255,2.5996742248535156,1,49,0.918349679859755,0.8578616253506502,0.8881056526052027,0,0,0.0,0,0,0,51,0,8.336465120315552,49,49,1,P1,0.918349679859755,0.8578616253506502,0.8881056526052027
libby,1,sam2video,sensor_noise,0,3.0,3.0134084224700928,3.8995115756988525,1,49,0.9112145114670435,0.8441801365395445,0.8776973240032939,0,0,0.0,0,0,0,51,0,7.685793876647949,49,49,1,P1,0.9112145114670435,0.8441801365395445,0.8776973240032939
libby,1,sam2video,sensor_noise,0,4.0,3.993647575378418,5.0,1,49,0.9009964806594284,0.8274324460754512,0.8642144633674398,0,0,0.0,0,0,0,51,0,7.711960554122925,49,49,1,P1,0.9009964806594284,0.8274324460754512,0.8642144633674398
libby,1,sam2video,sensor_noise,0,5.0,4.533189296722412,5.0,1,49,0.8977827382235846,0.8206660479373818,0.8592243930804833,0,0,0.0,0,0,0,51,0,7.698484897613525,49,49,1,P1,0.8977827382235846,0.8206660479373818,0.8592243930804833
libby,1,sam2video,C1_fog_noise,1,1.0,1.0978316068649292,1.2998371124267578,1,49,0.9193690425163547,0.860686883510736,0.8900279630135453,0,0,0.0,0,0,0,51,0,7.686718702316284,49,49,1,P1,0.9193690425163547,0.860686883510736,0.8900279630135453
libby,1,sam2video,C1_fog_noise,1,2.0,2.008939027786255,2.5996742248535156,1,49,0.8664352508952643,0.7807172201961124,0.8235762355456884,0,0,0.0,0,0,0,51,0,7.646890163421631,49,49,1,P1,0.8664352508952643,0.7807172201961124,0.8235762355456884
libby,1,sam2video,C1_fog_noise,1,3.0,3.0134084224700928,3.8995115756988525,1,49,0.6767007259221525,0.558613228491625,0.6176569772068887,0,0,0.0,0,0,0,51,0,7.6698315143585205,49,49,1,P1,0.6767007259221525,0.558613228491625,0.6176569772068887
libby,1,sam2video,C1_fog_noise,1,4.0,3.993647575378418,5.0,1,49,0.45120928041334396,0.3417903065129245,0.39649979346313424,0,0,0.0,0,0,0,51,0,7.695375442504883,49,49,1,P1,0.45120928041334396,0.3417903065129245,0.39649979346313424
libby,1,sam2video,C1_fog_noise,1,5.0,4.533189296722412,5.0,1,49,0.23749547514390568,0.2071120310707177,0.2223037531073117,0,0,0.0,0,0,0,51,0,7.746026992797852,49,49,1,P1,0.23749547514390568,0.2071120310707177,0.2223037531073117
loading,1,sam2video,fog,0,1.0,1.0955067873001099,1.299845814704895,1,50,0.9830662118906902,0.8752407915648008,0.9291535017277455,0,0,0.0,0,0,0,52,0,7.966578006744385,50,50,1,P1,0.9830662118906902,0.8752407915648008,0.9291535017277455
loading,2,sam2video,fog,0,1.0,1.0955067873001099,1.299845814704895,1,50,0.9336176489812776,0.8106083942632512,0.8721130216222643,0,0,0.0,0,0,0,52,0,7.855350494384766,50,50,1,P1,0.9336176489812776,0.8106083942632512,0.8721130216222643
loading,3,sam2video,fog,0,1.0,1.0955067873001099,1.299845814704895,1,50,0.9575007899477365,0.8688437674402804,0.9131722786940084,0,0,0.0,0,0,0,52,0,7.923756122589111,50,50,1,P1,0.9575007899477365,0.8688437674402804,0.9131722786940084
loading,1,sam2video,fog,0,2.0,2.0,2.59969162940979,1,50,0.980925001886143,0.8623222683919884,0.9216236351390656,0,0,0.0,0,0,0,52,0,7.837899446487427,50,50,1,P1,0.980925001886143,0.8623222683919884,0.9216236351390656
loading,2,sam2video,fog,0,2.0,2.0,2.59969162940979,1,50,0.9340567260344149,0.797025256400521,0.865540991217468,0,0,0.0,0,0,0,52,0,7.830212354660034,50,50,1,P1,0.9340567260344149,0.797025256400521,0.865540991217468
loading,3,sam2video,fog,0,2.0,2.0,2.59969162940979,1,50,0.9543808224710897,0.8600094685031924,0.907195145487141,0,0,0.0,0,0,0,52,0,7.836457014083862,50,50,1,P1,0.9543808224710897,0.8600094685031924,0.907195145487141
loading,1,sam2video,fog,0,3.0,3.0,3.8995375633239746,1,50,0.975096522315194,0.8253814728460318,0.9002389975806129,0,0,0.0,0,0,0,52,0,7.81027364730835,50,50,1,P1,0.975096522315194,0.8253814728460318,0.9002389975806129
loading,2,sam2video,fog,0,3.0,3.0,3.8995375633239746,1,50,0.9221965111303356,0.7636847301470061,0.8429406206386709,0,0,0.0,0,0,0,52,0,8.010479927062988,50,50,1,P1,0.9221965111303356,0.7636847301470061,0.8429406206386709
loading,3,sam2video,fog,0,3.0,3.0,3.8995375633239746,1,50,0.9454213804908942,0.8330470404092009,0.8892342104500475,0,0,0.0,0,0,0,52,0,7.85194206237793,50,50,1,P1,0.9454213804908942,0.8330470404092009,0.8892342104500475
loading,1,sam2video,fog,0,4.0,3.975006103515625,5.0,1,50,0.9622312556702322,0.7508384074077733,0.8565348315390027,0,0,0.0,0,0,0,52,0,7.844641923904419,50,50,1,P1,0.9622312556702322,0.7508384074077733,0.8565348315390027
loading,2,sam2video,fog,0,4.0,3.975006103515625,5.0,1,50,0.8885595561669888,0.7040762842760988,0.7963179202215438,0,0,0.0,0,0,0,52,0,7.869349241256714,50,50,1,P1,0.8885595561669888,0.7040762842760988,0.7963179202215438
loading,3,sam2video,fog,0,4.0,3.975006103515625,5.0,1,50,0.9105882380140435,0.7761598057082211,0.8433740218611323,0,0,0.0,0,0,0,52,0,7.966773271560669,50,50,1,P1,0.9105882380140435,0.7761598057082211,0.8433740218611323
loading,1,sam2video,fog,0,5.0,4.522466659545898,5.0,1,50,0.9530482229128913,0.7034692049484288,0.8282587139306601,0,0,0.0,0,0,0,52,0,8.011021852493286,50,50,1,P1,0.9530482229128913,0.7034692049484288,0.8282587139306601
loading,2,sam2video,fog,0,5.0,4.522466659545898,5.0,1,50,0.843868550352183,0.6442292483530969,0.74404889935264,0,0,0.0,0,0,0,52,0,8.0655038356781,50,50,1,P1,0.843868550352183,0.6442292483530969,0.74404889935264
loading,3,sam2video,fog,0,5.0,4.522466659545898,5.0,1,50,0.8992711053285934,0.7470205048932645,0.823145805110929,0,0,0.0,0,0,0,52,0,8.052549600601196,50,50,1,P1,0.8992711053285934,0.7470205048932645,0.823145805110929
loading,1,sam2video,sensor_noise,0,1.0,1.0955067873001099,1.299845814704895,1,50,0.9828549971837559,0.8734690958828858,0.9281620465333209,0,0,0.0,0,0,0,52,0,7.979569911956787,50,50,1,P1,0.9828549971837559,0.8734690958828858,0.9281620465333209
loading,2,sam2video,sensor_noise,0,1.0,1.0955067873001099,1.299845814704895,1,50,0.9325310364720195,0.8121977452426382,0.8723643908573289,0,0,0.0,0,0,0,52,0,8.077518463134766,50,50,1,P1,0.9325310364720195,0.8121977452426382,0.8723643908573289
loading,3,sam2video,sensor_noise,0,1.0,1.0955067873001099,1.299845814704895,1,50,0.9576077705029682,0.8686579346737617,0.913132852588365,0,0,0.0,0,0,0,52,0,8.026094198226929,50,50,1,P1,0.9576077705029682,0.8686579346737617,0.913132852588365
loading,1,sam2video,sensor_noise,0,2.0,2.0,2.59969162940979,1,50,0.9819111412501098,0.8675162082219023,0.9247136747360061,0,0,0.0,0,0,0,52,0,8.027188777923584,50,50,1,P1,0.9819111412501098,0.8675162082219023,0.9247136747360061
loading,2,sam2video,sensor_noise,0,2.0,2.0,2.59969162940979,1,50,0.930156361111333,0.7977005368268513,0.8639284489690922,0,0,0.0,0,0,0,52,0,8.02143120765686,50,50,1,P1,0.930156361111333,0.7977005368268513,0.8639284489690922
loading,3,sam2video,sensor_noise,0,2.0,2.0,2.59969162940979,1,50,0.9538993130067088,0.8581687320081858,0.9060340225074472,0,0,0.0,0,0,0,52,0,8.002464532852173,50,50,1,P1,0.9538993130067088,0.8581687320081858,0.9060340225074472
loading,1,sam2video,sensor_noise,0,3.0,3.0,3.8995375633239746,1,50,0.9799775954445746,0.8551600371560185,0.9175688163002966,0,0,0.0,0,0,0,52,0,8.022942543029785,50,50,1,P1,0.9799775954445746,0.8551600371560185,0.9175688163002966
loading,2,sam2video,sensor_noise,0,3.0,3.0,3.8995375633239746,1,50,0.9206751476987488,0.77576503809122,0.8482200928949843,0,0,0.0,0,0,0,52,0,8.019587278366089,50,50,1,P1,0.9206751476987488,0.77576503809122,0.8482200928949843
loading,3,sam2video,sensor_noise,0,3.0,3.0,3.8995375633239746,1,50,0.9492730314477312,0.844637868621398,0.8969554500345647,0,0,0.0,0,0,0,52,0,8.083478212356567,50,50,1,P1,0.9492730314477312,0.844637868621398,0.8969554500345647
loading,1,sam2video,sensor_noise,0,4.0,3.975006103515625,5.0,1,50,0.9782185933162748,0.8436446350008714,0.910931614158573,0,0,0.0,0,0,0,52,0,7.848675966262817,50,50,1,P1,0.9782185933162748,0.8436446350008714,0.910931614158573
loading,2,sam2video,sensor_noise,0,4.0,3.975006103515625,5.0,1,50,0.9104431414487109,0.7607723246878965,0.8356077330683036,0,0,0.0,0,0,0,52,0,7.882943153381348,50,50,1,P1,0.9104431414487109,0.7607723246878965,0.8356077330683036
loading,3,sam2video,sensor_noise,0,4.0,3.975006103515625,5.0,1,50,0.9445521261185925,0.8314005220818808,0.8879763241002366,0,0,0.0,0,0,0,52,0,7.888504266738892,50,50,1,P1,0.9445521261185925,0.8314005220818808,0.8879763241002366
loading,1,sam2video,sensor_noise,0,5.0,4.522466659545898,5.0,1,50,0.9774038186671133,0.8376806589064393,0.9075422387867763,0,0,0.0,0,0,0,52,0,7.958424806594849,50,50,1,P1,0.9774038186671133,0.8376806589064393,0.9075422387867763
loading,2,sam2video,sensor_noise,0,5.0,4.522466659545898,5.0,1,50,0.9081800604615906,0.7540257522612496,0.8311029063614201,0,0,0.0,0,0,0,52,0,7.828037977218628,50,50,1,P1,0.9081800604615906,0.7540257522612496,0.8311029063614201
loading,3,sam2video,sensor_noise,0,5.0,4.522466659545898,5.0,1,50,0.9428676824768047,0.8262010507556472,0.884534366616226,0,0,0.0,0,0,0,52,0,7.842726707458496,50,50,1,P1,0.9428676824768047,0.8262010507556472,0.884534366616226
loading,1,sam2video,C1_fog_noise,1,1.0,1.0955067873001099,1.299845814704895,1,50,0.9819358658448979,0.8675176244933555,0.9247267451691267,0,0,0.0,0,0,0,52,0,7.780004978179932,50,50,1,P1,0.9819358658448979,0.8675176244933555,0.9247267451691267
loading,2,sam2video,C1_fog_noise,1,1.0,1.0955067873001099,1.299845814704895,1,50,0.9350708927481683,0.8007292784945235,0.8679000856213459,0,0,0.0,0,0,0,52,0,7.7895355224609375,50,50,1,P1,0.9350708927481683,0.8007292784945235,0.8679000856213459
loading,3,sam2video,C1_fog_noise,1,1.0,1.0955067873001099,1.299845814704895,1,50,0.9551856121850716,0.8618207622334901,0.9085031872092808,0,0,0.0,0,0,0,52,0,7.876762628555298,50,50,1,P1,0.9551856121850716,0.8618207622334901,0.9085031872092808
loading,1,sam2video,C1_fog_noise,1,2.0,2.0,2.59969162940979,1,50,0.9697962521259391,0.7980194030767054,0.8839078276013222,0,0,0.0,0,0,0,52,0,7.866482496261597,50,50,1,P1,0.9697962521259391,0.7980194030767054,0.8839078276013222
loading,2,sam2video,C1_fog_noise,1,2.0,2.0,2.59969162940979,1,50,0.8934687752513439,0.7106834127500519,0.8020760940006979,0,0,0.0,0,0,0,52,0,7.8339316844940186,50,50,1,P1,0.8934687752513439,0.7106834127500519,0.8020760940006979
loading,3,sam2video,C1_fog_noise,1,2.0,2.0,2.59969162940979,1,50,0.925351784445717,0.797290237047738,0.8613210107467275,0,0,0.0,0,0,0,52,0,7.820491790771484,50,50,1,P1,0.925351784445717,0.797290237047738,0.8613210107467275
loading,1,sam2video,C1_fog_noise,1,3.0,3.0,3.8995375633239746,1,50,0.8731672129907051,0.5677514950366878,0.7204593540136964,0,0,0.0,0,0,0,52,0,7.822989225387573,50,50,1,P1,0.8731672129907051,0.5677514950366878,0.7204593540136964
loading,2,sam2video,C1_fog_noise,1,3.0,3.0,3.8995375633239746,1,50,0.6942963938021957,0.5313756383065643,0.61283601605438,0,0,0.0,0,0,0,52,0,7.770500421524048,50,50,1,P1,0.6942963938021957,0.5313756383065643,0.61283601605438
loading,3,sam2video,C1_fog_noise,1,3.0,3.0,3.8995375633239746,1,50,0.7762622537818856,0.6018604360450147,0.6890613449134502,0,0,0.0,0,0,0,52,0,7.794553756713867,50,50,1,P1,0.7762622537818856,0.6018604360450147,0.6890613449134502
loading,1,sam2video,C1_fog_noise,1,4.0,3.975006103515625,5.0,1,50,0.6721801452772567,0.323764301554768,0.4979722234160123,0,0,0.0,0,0,0,52,0,7.854065656661987,50,50,1,P1,0.6721801452772567,0.323764301554768,0.4979722234160123
loading,2,sam2video,C1_fog_noise,1,4.0,3.975006103515625,5.0,1,50,0.48283306307584184,0.3620558152904151,0.42244443918312846,0,0,0.0,0,0,0,52,0,7.898282289505005,50,50,1,P1,0.48283306307584184,0.3620558152904151,0.42244443918312846
loading,3,sam2video,C1_fog_noise,1,4.0,3.975006103515625,5.0,1,50,0.6127889799148721,0.38291241017028654,0.49785069504257934,0,0,0.0,0,0,0,52,0,7.781503200531006,50,50,1,P1,0.6127889799148721,0.38291241017028654,0.49785069504257934
loading,1,sam2video,C1_fog_noise,1,5.0,4.522466659545898,5.0,1,50,0.5781656399916781,0.20804405270478782,0.39310484634823295,0,0,0.0,0,0,0,52,0,7.865394592285156,50,50,1,P1,0.5781656399916781,0.20804405270478782,0.39310484634823295
loading,2,sam2video,C1_fog_noise,1,5.0,4.522466659545898,5.0,1,50,0.35269253644618975,0.2712724024376422,0.311982469441916,0,0,0.0,0,0,0,52,0,7.828240394592285,50,50,1,P1,0.35269253644618975,0.2712724024376422,0.311982469441916
loading,3,sam2video,C1_fog_noise,1,5.0,4.522466659545898,5.0,1,50,0.4434658933660564,0.23950742467768354,0.34148665902187,0,0,0.0,0,0,0,52,0,7.9102160930633545,50,50,1,P1,0.4434658933660564,0.23950742467768354,0.34148665902187
mbike-trick,1,sam2video,fog,0,1.0,1.094285249710083,1.299921989440918,1,79,0.8948030204757933,0.8083301141422943,0.8515665673090438,0,0,0.0,0,0,0,81,0,12.377649068832397,79,79,1,P1,0.8948030204757933,0.8083301141422943,0.8515665673090438
mbike-trick,2,sam2video,fog,0,1.0,1.094285249710083,1.299921989440918,1,79,0.8849477261248959,0.7053600670558584,0.7951538965903772,0,0,0.0,0,0,0,81,0,12.39193081855774,79,79,1,P1,0.8849477261248959,0.7053600670558584,0.7951538965903772
mbike-trick,1,sam2video,fog,0,2.0,1.9930821657180786,2.599843978881836,1,79,0.8842939125504193,0.7912259452872032,0.8377599289188113,0,0,0.0,0,0,0,81,0,12.47409963607788,79,79,1,P1,0.8842939125504193,0.7912259452872032,0.8377599289188113
mbike-trick,2,sam2video,fog,0,2.0,1.9930821657180786,2.599843978881836,1,79,0.8725738381863541,0.6828695003356694,0.7777216692610118,0,0,0.0,0,0,0,81,0,12.380337238311768,79,79,1,P1,0.8725738381863541,0.6828695003356694,0.7777216692610118
mbike-trick,1,sam2video,fog,0,3.0,2.9896240234375,3.899766206741333,1,79,0.8667047436595576,0.7632581569654454,0.8149814503125015,0,0,0.0,0,0,0,81,0,12.577431201934814,79,79,1,P1,0.8667047436595576,0.7632581569654454,0.8149814503125015
mbike-trick,2,sam2video,fog,0,3.0,2.9896240234375,3.899766206741333,1,79,0.854857669941867,0.6462419375349803,0.7505498037384236,0,0,0.0,0,0,0,81,0,12.384543895721436,79,79,1,P1,0.854857669941867,0.6462419375349803,0.7505498037384236
mbike-trick,1,sam2video,fog,0,4.0,3.9616475105285645,5.0,1,79,0.8357281644301582,0.7282781824484708,0.7820031734393145,0,0,0.0,0,0,0,81,0,12.358516454696655,79,79,1,P1,0.8357281644301582,0.7282781824484708,0.7820031734393145
mbike-trick,2,sam2video,fog,0,4.0,3.9616475105285645,5.0,1,79,0.8269727247773233,0.602216599006443,0.7145946618918831,0,0,0.0,0,0,0,81,0,12.546447038650513,79,79,1,P1,0.8269727247773233,0.602216599006443,0.7145946618918831
mbike-trick,1,sam2video,fog,0,5.0,4.511280536651611,5.0,1,79,0.816703489019655,0.6997091299989368,0.7582063095092959,0,0,0.0,0,0,0,81,0,12.445609092712402,79,79,1,P1,0.816703489019655,0.6997091299989368,0.7582063095092959
mbike-trick,2,sam2video,fog,0,5.0,4.511280536651611,5.0,1,79,0.8085475693707397,0.5723126633632896,0.6904301163670146,0,0,0.0,0,0,0,81,0,12.531476736068726,79,79,1,P1,0.8085475693707397,0.5723126633632896,0.6904301163670146
mbike-trick,1,sam2video,sensor_noise,0,1.0,1.094285249710083,1.299921989440918,1,79,0.8942737239115809,0.8099841081794856,0.8521289160455332,0,0,0.0,0,0,0,81,0,12.351216316223145,79,79,1,P1,0.8942737239115809,0.8099841081794856,0.8521289160455332
mbike-trick,2,sam2video,sensor_noise,0,1.0,1.094285249710083,1.299921989440918,1,79,0.8880486252588697,0.7079270541536827,0.7979878397062763,0,0,0.0,0,0,0,81,0,12.419044733047485,79,79,1,P1,0.8880486252588697,0.7079270541536827,0.7979878397062763
mbike-trick,1,sam2video,sensor_noise,0,2.0,1.9930821657180786,2.599843978881836,1,79,0.8805403516744422,0.7872315740821916,0.8338859628783168,0,0,0.0,0,0,0,81,0,12.517876148223877,79,79,1,P1,0.8805403516744422,0.7872315740821916,0.8338859628783168
mbike-trick,2,sam2video,sensor_noise,0,2.0,1.9930821657180786,2.599843978881836,1,79,0.882886905248159,0.6944056344295615,0.7886462698388603,0,0,0.0,0,0,0,81,0,12.503854274749756,79,79,1,P1,0.882886905248159,0.6944056344295615,0.7886462698388603
mbike-trick,1,sam2video,sensor_noise,0,3.0,2.9896240234375,3.899766206741333,1,79,0.8671236844813712,0.7666355249863658,0.8168796047338684,0,0,0.0,0,0,0,81,0,12.642769575119019,79,79,1,P1,0.8671236844813712,0.7666355249863658,0.8168796047338684
mbike-trick,2,sam2video,sensor_noise,0,3.0,2.9896240234375,3.899766206741333,1,79,0.8738214855815124,0.6789373180113133,0.7763794017964128,0,0,0.0,0,0,0,81,0,12.455010652542114,79,79,1,P1,0.8738214855815124,0.6789373180113133,0.7763794017964128
mbike-trick,1,sam2video,sensor_noise,0,4.0,3.9616475105285645,5.0,1,79,0.8566859452059581,0.7526011924668726,0.8046435688364153,0,0,0.0,0,0,0,81,0,12.541589975357056,79,79,1,P1,0.8566859452059581,0.7526011924668726,0.8046435688364153
mbike-trick,2,sam2video,sensor_noise,0,4.0,3.9616475105285645,5.0,1,79,0.8654280390990619,0.6626889495171514,0.7640584943081066,0,0,0.0,0,0,0,81,0,12.570337772369385,79,79,1,P1,0.8654280390990619,0.6626889495171514,0.7640584943081066
mbike-trick,1,sam2video,sensor_noise,0,5.0,4.511280536651611,5.0,1,79,0.8483468440325586,0.7393656827762595,0.7938562634044091,0,0,0.0,0,0,0,81,0,12.354463577270508,79,79,1,P1,0.8483468440325586,0.7393656827762595,0.7938562634044091
mbike-trick,2,sam2video,sensor_noise,0,5.0,4.511280536651611,5.0,1,79,0.8578929200325776,0.6509433986173607,0.7544181593249691,0,0,0.0,0,0,0,81,0,12.424376487731934,79,79,1,P1,0.8578929200325776,0.6509433986173607,0.7544181593249691
mbike-trick,1,sam2video,C1_fog_noise,1,1.0,1.094285249710083,1.299921989440918,1,79,0.8840351475897671,0.7887566030826455,0.8363958753362063,0,0,0.0,0,0,0,81,0,12.630736827850342,79,79,1,P1,0.8840351475897671,0.7887566030826455,0.8363958753362063
mbike-trick,2,sam2video,C1_fog_noise,1,1.0,1.094285249710083,1.299921989440918,1,79,0.8825683468721305,0.6946969905238921,0.7886326686980113,0,0,0.0,0,0,0,81,0,12.484764575958252,79,79,1,P1,0.8825683468721305,0.6946969905238921,0.7886326686980113
mbike-trick,1,sam2video,C1_fog_noise,1,2.0,1.9930821657180786,2.599843978881836,1,79,0.8361298420635362,0.7195348683329411,0.7778323551982387,0,0,0.0,0,0,0,81,0,12.382163524627686,79,79,1,P1,0.8361298420635362,0.7195348683329411,0.7778323551982387
mbike-trick,2,sam2video,C1_fog_noise,1,2.0,1.9930821657180786,2.599843978881836,1,79,0.8516061532367198,0.6295051798875361,0.740555666562128,0,0,0.0,0,0,0,81,0,12.490758657455444,79,79,1,P1,0.8516061532367198,0.6295051798875361,0.740555666562128
mbike-trick,1,sam2video,C1_fog_noise,1,3.0,2.9896240234375,3.899766206741333,1,79,0.6889725743427633,0.553931052838303,0.6214518135905331,0,0,0.0,0,0,0,81,0,12.520779848098755,79,79,1,P1,0.6889725743427633,0.553931052838303,0.6214518135905331
mbike-trick,2,sam2video,C1_fog_noise,1,3.0,2.9896240234375,3.899766206741333,1,79,0.6899669166364562,0.4645655251468819,0.577266220891669,0,0,0.0,0,0,0,81,0,12.43961215019226,79,79,1,P1,0.6899669166364562,0.4645655251468819,0.577266220891669
mbike-trick,1,sam2video,C1_fog_noise,1,4.0,3.9616475105285645,5.0,1,79,0.46156925695485124,0.37932417221616915,0.4204467145855102,0,0,0.0,0,0,0,81,0,12.540307521820068,79,79,1,P1,0.46156925695485124,0.37932417221616915,0.4204467145855102
mbike-trick,2,sam2video,C1_fog_noise,1,4.0,3.9616475105285645,5.0,1,79,0.4676489423102594,0.29768535472735724,0.38266714851880834,0,0,0.0,0,0,0,81,0,12.709623575210571,79,79,1,P1,0.4676489423102594,0.29768535472735724,0.38266714851880834
mbike-trick,1,sam2video,C1_fog_noise,1,5.0,4.511280536651611,5.0,1,79,0.335981350977914,0.2686203314502695,0.30230084121409173,0,0,0.0,0,0,0,81,0,12.334312677383423,79,79,1,P1,0.335981350977914,0.2686203314502695,0.30230084121409173
mbike-trick,2,sam2video,C1_fog_noise,1,5.0,4.511280536651611,5.0,1,79,0.2792670213158686,0.17474760949633833,0.22700731540610347,0,0,0.0,0,0,0,81,0,12.331021070480347,79,79,1,P1,0.2792670213158686,0.17474760949633833,0.22700731540610347
motocross-jump,1,sam2video,fog,0,1.0,1.095432996749878,1.2994645833969116,1,40,0.9310775844345389,0.8017392468252295,0.8664084156298841,0,0,0.0,0,0,0,42,0,6.2519848346710205,40,40,1,P1,0.9310775844345389,0.8017392468252295,0.8664084156298841
motocross-jump,2,sam2video,fog,0,1.0,1.095432996749878,1.2994645833969116,1,40,0.8791072643650484,0.6263527696524743,0.7527300170087614,0,0,0.0,0,0,0,42,0,6.317022800445557,40,40,1,P1,0.8791072643650484,0.6263527696524743,0.7527300170087614
motocross-jump,1,sam2video,fog,0,2.0,2.0,2.5989291667938232,1,40,0.9144615701035441,0.7647220373649596,0.8395918037342518,0,0,0.0,0,0,0,42,0,6.295991659164429,40,40,1,P1,0.9144615701035441,0.7647220373649596,0.8395918037342518
motocross-jump,2,sam2video,fog,0,2.0,2.0,2.5989291667938232,1,40,0.8836512136120043,0.6229410553484713,0.7532961344802378,0,0,0.0,0,0,0,42,0,6.286165952682495,40,40,1,P1,0.8836512136120043,0.6229410553484713,0.7532961344802378
motocross-jump,1,sam2video,fog,0,3.0,3.0,3.8983938694000244,1,40,0.8564030329588613,0.6904525057024239,0.7734277693306426,0,0,0.0,0,0,0,42,0,6.236133575439453,40,40,1,P1,0.8564030329588613,0.6904525057024239,0.7734277693306426
motocross-jump,2,sam2video,fog,0,3.0,3.0,3.8983938694000244,1,40,0.832323214178523,0.5503385330247692,0.6913308736016461,0,0,0.0,0,0,0,42,0,6.218112945556641,40,40,1,P1,0.832323214178523,0.5503385330247692,0.6913308736016461
motocross-jump,1,sam2video,fog,0,4.0,3.975623369216919,5.0,1,40,0.6246073002881571,0.5102384787646894,0.5674228895264233,0,0,0.0,0,0,0,42,0,6.30140233039856,40,40,1,P1,0.6246073002881571,0.5102384787646894,0.5674228895264233
motocross-jump,2,sam2video,fog,0,4.0,3.975623369216919,5.0,1,40,0.6052670907797998,0.40773991799241643,0.5065035043861081,0,0,0.0,0,0,0,42,0,6.30244779586792,40,40,1,P1,0.6052670907797998,0.40773991799241643,0.5065035043861081
motocross-jump,1,sam2video,fog,0,5.0,4.522834777832031,5.0,1,40,0.5370764617752254,0.440358740354762,0.48871760106499373,0,0,0.0,0,0,0,42,0,6.377625226974487,40,40,1,P1,0.5370764617752254,0.440358740354762,0.48871760106499373
motocross-jump,2,sam2video,fog,0,5.0,4.522834777832031,5.0,1,40,0.3692564083482407,0.24890819837054204,0.30908230335939135,0,0,0.0,0,0,0,42,0,6.299241542816162,40,40,1,P1,0.3692564083482407,0.24890819837054204,0.30908230335939135
motocross-jump,1,sam2video,sensor_noise,0,1.0,1.095432996749878,1.2994645833969116,1,40,0.9327741682307936,0.8040688519450476,0.8684215100879207,0,0,0.0,0,0,0,42,0,6.436124563217163,40,40,1,P1,0.9327741682307936,0.8040688519450476,0.8684215100879207
motocross-jump,2,sam2video,sensor_noise,0,1.0,1.095432996749878,1.2994645833969116,1,40,0.8735180850712595,0.6140917111483495,0.7438048981098044,0,0,0.0,0,0,0,42,0,6.543166399002075,40,40,1,P1,0.8735180850712595,0.6140917111483495,0.7438048981098044
motocross-jump,1,sam2video,sensor_noise,0,2.0,2.0,2.5989291667938232,1,40,0.9210478867507955,0.7867028215696854,0.8538753541602404,0,0,0.0,0,0,0,42,0,6.2243077754974365,40,40,1,P1,0.9210478867507955,0.7867028215696854,0.8538753541602404
motocross-jump,2,sam2video,sensor_noise,0,2.0,2.0,2.5989291667938232,1,40,0.8699397938047783,0.6009666315874751,0.7354532126961266,0,0,0.0,0,0,0,42,0,6.23482871055603,40,40,1,P1,0.8699397938047783,0.6009666315874751,0.7354532126961266
motocross-jump,1,sam2video,sensor_noise,0,3.0,3.0,3.8983938694000244,1,40,0.9155699846629292,0.7728353455063214,0.8442026650846253,0,0,0.0,0,0,0,42,0,6.203059911727905,40,40,1,P1,0.9155699846629292,0.7728353455063214,0.8442026650846253
motocross-jump,2,sam2video,sensor_noise,0,3.0,3.0,3.8983938694000244,1,40,0.8635084853263649,0.583181283888288,0.7233448846073265,0,0,0.0,0,0,0,42,0,6.222627878189087,40,40,1,P1,0.8635084853263649,0.583181283888288,0.7233448846073265
motocross-jump,1,sam2video,sensor_noise,0,4.0,3.975623369216919,5.0,1,40,0.9062394207178978,0.7532483363857411,0.8297438785518194,0,0,0.0,0,0,0,42,0,6.2398834228515625,40,40,1,P1,0.9062394207178978,0.7532483363857411,0.8297438785518194
motocross-jump,2,sam2video,sensor_noise,0,4.0,3.975623369216919,5.0,1,40,0.8548143985817959,0.5620737378666829,0.7084440682242394,0,0,0.0,0,0,0,42,0,6.3868396282196045,40,40,1,P1,0.8548143985817959,0.5620737378666829,0.7084440682242394
motocross-jump,1,sam2video,sensor_noise,0,5.0,4.522834777832031,5.0,1,40,0.8971700401495107,0.7403459860240018,0.8187580130867562,0,0,0.0,0,0,0,42,0,6.24199104309082,40,40,1,P1,0.8971700401495107,0.7403459860240018,0.8187580130867562
motocross-jump,2,sam2video,sensor_noise,0,5.0,4.522834777832031,5.0,1,40,0.8516308912559989,0.5587490870618119,0.7051899891589054,0,0,0.0,0,0,0,42,0,6.326542139053345,40,40,1,P1,0.8516308912559989,0.5587490870618119,0.7051899891589054
motocross-jump,1,sam2video,C1_fog_noise,1,1.0,1.095432996749878,1.2994645833969116,1,40,0.9186697555626988,0.7829941497095472,0.850831952636123,0,0,0.0,0,0,0,42,0,6.2244884967803955,40,40,1,P1,0.9186697555626988,0.7829941497095472,0.850831952636123
motocross-jump,2,sam2video,C1_fog_noise,1,1.0,1.095432996749878,1.2994645833969116,1,40,0.8974626729732881,0.6486501120808912,0.7730563925270897,0,0,0.0,0,0,0,42,0,6.205574035644531,40,40,1,P1,0.8974626729732881,0.6486501120808912,0.7730563925270897
motocross-jump,1,sam2video,C1_fog_noise,1,2.0,2.0,2.5989291667938232,1,40,0.7931566535997956,0.640621151905789,0.7168889027527923,0,0,0.0,0,0,0,42,0,6.246507406234741,40,40,1,P1,0.7931566535997956,0.640621151905789,0.7168889027527923
motocross-jump,2,sam2video,C1_fog_noise,1,2.0,2.0,2.5989291667938232,1,40,0.7882325040823074,0.5224229304275001,0.6553277172549037,0,0,0.0,0,0,0,42,0,6.267490863800049,40,40,1,P1,0.7882325040823074,0.5224229304275001,0.6553277172549037
motocross-jump,1,sam2video,C1_fog_noise,1,3.0,3.0,3.8983938694000244,1,40,0.37067822686293533,0.28433525819441524,0.3275067425286753,0,0,0.0,0,0,0,42,0,6.217958688735962,40,40,1,P1,0.37067822686293533,0.28433525819441524,0.3275067425286753
motocross-jump,2,sam2video,C1_fog_noise,1,3.0,3.0,3.8983938694000244,1,40,0.33668723595743366,0.22878096298404457,0.28273409947073913,0,0,0.0,0,0,0,42,0,6.214652061462402,40,40,1,P1,0.33668723595743366,0.22878096298404457,0.28273409947073913
motocross-jump,1,sam2video,C1_fog_noise,1,4.0,3.975623369216919,5.0,1,40,0.313860703257163,0.22857512711024083,0.2712179151837019,0,0,0.0,0,0,0,42,0,6.234003782272339,40,40,1,P1,0.313860703257163,0.22857512711024083,0.2712179151837019
motocross-jump,2,sam2video,C1_fog_noise,1,4.0,3.975623369216919,5.0,1,40,0.2146034578432217,0.13156580454381,0.17308463119351586,0,0,0.0,0,0,0,42,0,6.213096380233765,40,40,1,P1,0.2146034578432217,0.13156580454381,0.17308463119351586
motocross-jump,1,sam2video,C1_fog_noise,1,5.0,4.522834777832031,5.0,1,40,0.2320512495372752,0.1581685585646177,0.19510990405094647,0,0,0.0,0,0,0,42,0,6.199613094329834,40,40,1,P1,0.2320512495372752,0.1581685585646177,0.19510990405094647
motocross-jump,2,sam2video,C1_fog_noise,1,5.0,4.522834777832031,5.0,1,40,0.16143280710368813,0.10729257935452763,0.13436269322910788,0,0,0.0,0,0,0,42,0,6.273591756820679,40,40,1,P1,0.16143280710368813,0.10729257935452763,0.13436269322910788
paragliding-launch,1,sam2video,fog,0,1.0,1.0953563451766968,1.2999893426895142,1,80,0.8233878206664332,0.6357422353739958,0.7295650280202145,0,0,0.0,0,0,0,82,0,12.469786405563354,80,80,1,P1,0.8233878206664332,0.6357422353739958,0.7295650280202145
paragliding-launch,2,sam2video,fog,0,1.0,1.0953563451766968,1.2999893426895142,1,80,0.7017151964016051,0.7181665185975479,0.7099408574995765,0,0,0.0,0,0,0,82,0,12.4864342212677,80,80,1,P1,0.7017151964016051,0.7181665185975479,0.7099408574995765
paragliding-launch,3,sam2video,fog,0,1.0,1.0953563451766968,1.2999893426895142,1,80,0.17488899908513328,0.29772798796841127,0.23630849352677227,0,0,0.0,0,0,0,82,0,12.544013261795044,80,80,1,P1,0.17488899908513328,0.29772798796841127,0.23630849352677227
paragliding-launch,1,sam2video,fog,0,2.0,2.0,2.5999786853790283,1,80,0.8326376517541689,0.6478357490404143,0.7402367003972916,0,0,0.0,0,0,0,82,0,12.525501251220703,80,80,1,P1,0.8326376517541689,0.6478357490404143,0.7402367003972916
paragliding-launch,2,sam2video,fog,0,2.0,2.0,2.5999786853790283,1,80,0.7324902850603584,0.7290673549569485,0.7307788200086535,0,0,0.0,0,0,0,82,0,12.592759847640991,80,80,1,P1,0.7324902850603584,0.7290673549569485,0.7307788200086535
paragliding-launch,3,sam2video,fog,0,2.0,2.0,2.5999786853790283,1,80,0.16541387769589216,0.2837681959503945,0.22459103682314333,0,0,0.0,0,0,0,82,0,12.90290641784668,80,80,1,P1,0.16541387769589216,0.2837681959503945,0.22459103682314333
paragliding-launch,1,sam2video,fog,0,3.0,3.0,3.899968147277832,1,80,0.8119226926814296,0.6183357340582415,0.7151292133698355,0,0,0.0,0,0,0,82,0,12.863267421722412,80,80,1,P1,0.8119226926814296,0.6183357340582415,0.7151292133698355
paragliding-launch,2,sam2video,fog,0,3.0,3.0,3.899968147277832,1,80,0.7360330053892528,0.7001523981062746,0.7180927017477636,0,0,0.0,0,0,0,82,0,12.601849794387817,80,80,1,P1,0.7360330053892528,0.7001523981062746,0.7180927017477636
paragliding-launch,3,sam2video,fog,0,3.0,3.0,3.899968147277832,1,80,0.12690568479198316,0.20058664429550754,0.16374616454374535,0,0,0.0,0,0,0,82,0,12.665839672088623,80,80,1,P1,0.12690568479198316,0.20058664429550754,0.16374616454374535
paragliding-launch,1,sam2video,fog,0,4.0,3.975222110748291,5.0,1,80,0.7964540512397733,0.591215491353299,0.6938347712965361,0,0,0.0,0,0,0,82,0,12.684111595153809,80,80,1,P1,0.7964540512397733,0.591215491353299,0.6938347712965361
paragliding-launch,2,sam2video,fog,0,4.0,3.975222110748291,5.0,1,80,0.6684646795815335,0.6694011074577428,0.6689328935196381,0,0,0.0,0,0,0,82,0,12.594670534133911,80,80,1,P1,0.6684646795815335,0.6694011074577428,0.6689328935196381
paragliding-launch,3,sam2video,fog,0,4.0,3.975222110748291,5.0,1,80,0.11558285092293116,0.180345586605762,0.14796421876434657,0,0,0.0,0,0,0,82,0,12.546654462814331,80,80,1,P1,0.11558285092293116,0.180345586605762,0.14796421876434657
paragliding-launch,1,sam2video,fog,0,5.0,4.523218631744385,5.0,1,80,0.7873407414005287,0.5795706154103295,0.6834556784054291,0,0,0.0,0,0,0,82,0,12.627755403518677,80,80,1,P1,0.7873407414005287,0.5795706154103295,0.6834556784054291
paragliding-launch,2,sam2video,fog,0,5.0,4.523218631744385,5.0,1,80,0.6598676971646356,0.6544156688290004,0.657141682996818,0,0,0.0,0,0,0,82,0,12.795311689376831,80,80,1,P1,0.6598676971646356,0.6544156688290004,0.657141682996818
paragliding-launch,3,sam2video,fog,0,5.0,4.523218631744385,5.0,1,80,0.10789810907122144,0.16483086437520483,0.13636448672321314,0,0,0.0,0,0,0,82,0,12.754970073699951,80,80,1,P1,0.10789810907122144,0.16483086437520483,0.13636448672321314
paragliding-launch,1,sam2video,sensor_noise,0,1.0,1.0953563451766968,1.2999893426895142,1,80,0.8129587982064986,0.6216678850893186,0.7173133416479086,0,0,0.0,0,0,0,82,0,12.63285756111145,80,80,1,P1,0.8129587982064986,0.6216678850893186,0.7173133416479086
paragliding-launch,2,sam2video,sensor_noise,0,1.0,1.0953563451766968,1.2999893426895142,1,80,0.7097185515077516,0.7220787504208406,0.7158986509642962,0,0,0.0,0,0,0,82,0,12.585193395614624,80,80,1,P1,0.7097185515077516,0.7220787504208406,0.7158986509642962
paragliding-launch,3,sam2video,sensor_noise,0,1.0,1.0953563451766968,1.2999893426895142,1,80,0.17529577191671702,0.3083492582975447,0.24182251510713088,0,0,0.0,0,0,0,82,0,12.673338174819946,80,80,1,P1,0.17529577191671702,0.3083492582975447,0.24182251510713088
paragliding-launch,1,sam2video,sensor_noise,0,2.0,2.0,2.5999786853790283,1,80,0.8090031528596713,0.6185292213121588,0.7137661870859151,0,0,0.0,0,0,0,82,0,12.542438745498657,80,80,1,P1,0.8090031528596713,0.6185292213121588,0.7137661870859151
paragliding-launch,2,sam2video,sensor_noise,0,2.0,2.0,2.5999786853790283,1,80,0.7155296448015949,0.7310447076965049,0.7232871762490498,0,0,0.0,0,0,0,82,0,12.645399570465088,80,80,1,P1,0.7155296448015949,0.7310447076965049,0.7232871762490498
paragliding-launch,3,sam2video,sensor_noise,0,2.0,2.0,2.5999786853790283,1,80,0.16844953009496041,0.2926131985629762,0.2305313643289683,0,0,0.0,0,0,0,82,0,12.605891466140747,80,80,1,P1,0.16844953009496041,0.2926131985629762,0.2305313643289683
paragliding-launch,1,sam2video,sensor_noise,0,3.0,3.0,3.899968147277832,1,80,0.8063548812836508,0.6117121284302324,0.7090335048569416,0,0,0.0,0,0,0,82,0,12.771817445755005,80,80,1,P1,0.8063548812836508,0.6117121284302324,0.7090335048569416
paragliding-launch,2,sam2video,sensor_noise,0,3.0,3.0,3.899968147277832,1,80,0.7095270105291087,0.7265321109288747,0.7180295607289917,0,0,0.0,0,0,0,82,0,12.655151128768921,80,80,1,P1,0.7095270105291087,0.7265321109288747,0.7180295607289917
paragliding-launch,3,sam2video,sensor_noise,0,3.0,3.0,3.899968147277832,1,80,0.15922300997594246,0.27005331801212623,0.21463816399403435,0,0,0.0,0,0,0,82,0,12.622706651687622,80,80,1,P1,0.15922300997594246,0.27005331801212623,0.21463816399403435
paragliding-launch,1,sam2video,sensor_noise,0,4.0,3.975222110748291,5.0,1,80,0.802464895556858,0.6045254884045572,0.7034951919807075,0,0,0.0,0,0,0,82,0,12.569156885147095,80,80,1,P1,0.802464895556858,0.6045254884045572,0.7034951919807075
paragliding-launch,2,sam2video,sensor_noise,0,4.0,3.975222110748291,5.0,1,80,0.7095539140166691,0.7189697415649078,0.7142618277907884,0,0,0.0,0,0,0,82,0,12.566693544387817,80,80,1,P1,0.7095539140166691,0.7189697415649078,0.7142618277907884
paragliding-launch,3,sam2video,sensor_noise,0,4.0,3.975222110748291,5.0,1,80,0.15185256453464904,0.258152563663493,0.20500256409907103,0,0,0.0,0,0,0,82,0,12.666309118270874,80,80,1,P1,0.15185256453464904,0.258152563663493,0.20500256409907103
paragliding-launch,1,sam2video,sensor_noise,0,5.0,4.523218631744385,5.0,1,80,0.7988435215974881,0.601211665920754,0.700027593759121,0,0,0.0,0,0,0,82,0,12.595213890075684,80,80,1,P1,0.7988435215974881,0.601211665920754,0.700027593759121
paragliding-launch,2,sam2video,sensor_noise,0,5.0,4.523218631744385,5.0,1,80,0.7069111758600943,0.7159353244578585,0.7114232501589763,0,0,0.0,0,0,0,82,0,12.706863164901733,80,80,1,P1,0.7069111758600943,0.7159353244578585,0.7114232501589763
paragliding-launch,3,sam2video,sensor_noise,0,5.0,4.523218631744385,5.0,1,80,0.14554718024150834,0.24860199909228417,0.19707458966689625,0,0,0.0,0,0,0,82,0,12.654425621032715,80,80,1,P1,0.14554718024150834,0.24860199909228417,0.19707458966689625
paragliding-launch,1,sam2video,C1_fog_noise,1,1.0,1.0953563451766968,1.2999893426895142,1,80,0.8162147570172159,0.6271819284989884,0.7216983427581021,0,0,0.0,0,0,0,82,0,12.929758071899414,80,80,1,P1,0.8162147570172159,0.6271819284989884,0.7216983427581021
paragliding-launch,2,sam2video,C1_fog_noise,1,1.0,1.0953563451766968,1.2999893426895142,1,80,0.7199792593611665,0.7298819901267635,0.724930624743965,0,0,0.0,0,0,0,82,0,12.596632480621338,80,80,1,P1,0.7199792593611665,0.7298819901267635,0.724930624743965
paragliding-launch,3,sam2video,C1_fog_noise,1,1.0,1.0953563451766968,1.2999893426895142,1,80,0.1742320256068314,0.3033785663902884,0.23880529599855987,0,0,0.0,0,0,0,82,0,12.60590386390686,80,80,1,P1,0.1742320256068314,0.3033785663902884,0.23880529599855987
paragliding-launch,1,sam2video,C1_fog_noise,1,2.0,2.0,2.5999786853790283,1,80,0.8019317982138112,0.6067524699461277,0.7043421340799695,0,0,0.0,0,0,0,82,0,12.521447658538818,80,80,1,P1,0.8019317982138112,0.6067524699461277,0.7043421340799695
paragliding-launch,2,sam2video,C1_fog_noise,1,2.0,2.0,2.5999786853790283,1,80,0.6956838898512574,0.6974184216520503,0.6965511557516538,0,0,0.0,0,0,0,82,0,12.681581974029541,80,80,1,P1,0.6956838898512574,0.6974184216520503,0.6965511557516538
paragliding-launch,3,sam2video,C1_fog_noise,1,2.0,2.0,2.5999786853790283,1,80,0.15004491925706986,0.2564969798595267,0.20327094955829828,0,0,0.0,0,0,0,82,0,12.571218967437744,80,80,1,P1,0.15004491925706986,0.2564969798595267,0.20327094955829828
paragliding-launch,1,sam2video,C1_fog_noise,1,3.0,3.0,3.899968147277832,1,80,0.6504043791545807,0.42936378980322737,0.539884084478904,0,0,0.0,0,0,0,82,0,12.74857759475708,80,80,1,P1,0.6504043791545807,0.42936378980322737,0.539884084478904
paragliding-launch,2,sam2video,C1_fog_noise,1,3.0,3.0,3.899968147277832,1,80,0.4499674077512402,0.4430734290972399,0.44652041842424006,0,0,0.0,0,0,0,82,0,12.646773099899292,80,80,1,P1,0.4499674077512402,0.4430734290972399,0.44652041842424006
paragliding-launch,3,sam2video,C1_fog_noise,1,3.0,3.0,3.899968147277832,1,80,0.11767961667196163,0.19104537023222162,0.15436249345209163,0,0,0.0,0,0,0,82,0,13.270323991775513,80,80,1,P1,0.11767961667196163,0.19104537023222162,0.15436249345209163
paragliding-launch,1,sam2video,C1_fog_noise,1,4.0,3.975222110748291,5.0,1,80,0.5679212523915422,0.34800833819741045,0.4579647952944763,0,0,0.0,0,0,0,82,0,12.595815658569336,80,80,1,P1,0.5679212523915422,0.34800833819741045,0.4579647952944763
paragliding-launch,2,sam2video,C1_fog_noise,1,4.0,3.975222110748291,5.0,1,80,0.2840375964184798,0.2970620687449673,0.29054983258172357,0,0,0.0,0,0,0,82,0,12.901927471160889,80,80,1,P1,0.2840375964184798,0.2970620687449673,0.29054983258172357
paragliding-launch,3,sam2video,C1_fog_noise,1,4.0,3.975222110748291,5.0,1,80,0.06066600538768576,0.0874849363574883,0.07407547087258703,0,0,0.0,0,0,0,82,0,13.029105424880981,80,80,1,P1,0.06066600538768576,0.0874849363574883,0.07407547087258703
paragliding-launch,1,sam2video,C1_fog_noise,1,5.0,4.523218631744385,5.0,1,80,0.5404608256567942,0.3207008843078314,0.4305808549823128,0,0,0.0,0,0,0,82,0,12.966910600662231,80,80,1,P1,0.5404608256567942,0.3207008843078314,0.4305808549823128
paragliding-launch,2,sam2video,C1_fog_noise,1,5.0,4.523218631744385,5.0,1,80,0.2341533415300983,0.2608787618091013,0.2475160516695998,0,0,0.0,0,0,0,82,0,12.982304096221924,80,80,1,P1,0.2341533415300983,0.2608787618091013,0.2475160516695998
paragliding-launch,3,sam2video,C1_fog_noise,1,5.0,4.523218631744385,5.0,1,80,0.04326062968488217,0.05669460380735253,0.04997761674611735,0,0,0.0,0,0,0,82,0,13.056814908981323,80,80,1,P1,0.04326062968488217,0.05669460380735253,0.04997761674611735
parkour,1,sam2video,fog,0,1.0,1.0955097675323486,1.2998558282852173,1,100,0.9589498197607565,0.873151085855602,0.9160504528081792,0,0,0.0,0,0,0,102,0,16.282959461212158,100,100,1,P1,0.9589498197607565,0.873151085855602,0.9160504528081792
parkour,1,sam2video,fog,0,2.0,2.0,2.5997116565704346,1,100,0.9580898463490161,0.8705361228559991,0.9143129846025075,0,0,0.0,0,0,0,102,0,16.081571578979492,100,100,1,P1,0.9580898463490161,0.8705361228559991,0.9143129846025075
parkour,1,sam2video,fog,0,3.0,3.000000238418579,3.8995673656463623,1,100,0.9526601090255881,0.8563033111655436,0.9044817100955658,0,0,0.0,0,0,0,102,0,16.065819025039673,100,100,1,P1,0.9526601090255881,0.8563033111655436,0.9044817100955658
parkour,1,sam2video,fog,0,4.0,3.975292921066284,5.0,1,100,0.9382949661297318,0.8198669400546329,0.8790809530921824,0,0,0.0,0,0,0,102,0,16.1114604473114,100,100,1,P1,0.9382949661297318,0.8198669400546329,0.8790809530921824
parkour,1,sam2video,fog,0,5.0,4.5224504470825195,5.0,1,100,0.9303571814294932,0.797734375900158,0.8640457786648257,0,0,0.0,0,0,0,102,0,15.811800718307495,100,100,1,P1,0.9303571814294932,0.797734375900158,0.8640457786648257
parkour,1,sam2video,sensor_noise,0,1.0,1.0955097675323486,1.2998558282852173,1,100,0.9589270607433518,0.873361180729039,0.9161441207361953,0,0,0.0,0,0,0,102,0,15.667107343673706,100,100,1,P1,0.9589270607433518,0.873361180729039,0.9161441207361953
parkour,1,sam2video,sensor_noise,0,2.0,2.0,2.5997116565704346,1,100,0.9577802733915981,0.8705314213008201,0.914155847346209,0,0,0.0,0,0,0,102,0,16.361697912216187,100,100,1,P1,0.9577802733915981,0.8705314213008201,0.914155847346209
parkour,1,sam2video,sensor_noise,0,3.0,3.000000238418579,3.8995673656463623,1,100,0.9556343950990328,0.8640836089623943,0.9098590020307136,0,0,0.0,0,0,0,102,0,16.008501768112183,100,100,1,P1,0.9556343950990328,0.8640836089623943,0.9098590020307136
parkour,1,sam2video,sensor_noise,0,4.0,3.975292921066284,5.0,1,100,0.9519967638753264,0.853707748160149,0.9028522560177377,0,0,0.0,0,0,0,102,0,16.109273195266724,100,100,1,P1,0.9519967638753264,0.853707748160149,0.9028522560177377
parkour,1,sam2video,sensor_noise,0,5.0,4.5224504470825195,5.0,1,100,0.9497750790613831,0.8470642419351176,0.8984196604982504,0,0,0.0,0,0,0,102,0,15.728910207748413,100,100,1,P1,0.9497750790613831,0.8470642419351176,0.8984196604982504
parkour,1,sam2video,C1_fog_noise,1,1.0,1.0955097675323486,1.2998558282852173,1,100,0.9580940760767577,0.8709178823161018,0.9145059791964297,0,0,0.0,0,0,0,102,0,15.66530442237854,100,100,1,P1,0.9580940760767577,0.8709178823161018,0.9145059791964297
parkour,1,sam2video,C1_fog_noise,1,2.0,2.0,2.5997116565704346,1,100,0.9453034121403402,0.8374742706463617,0.891388841393351,0,0,0.0,0,0,0,102,0,15.940214157104492,100,100,1,P1,0.9453034121403402,0.8374742706463617,0.891388841393351
parkour,1,sam2video,C1_fog_noise,1,3.0,3.000000238418579,3.8995673656463623,1,100,0.8688880291249694,0.6802904407294492,0.7745892349272093,0,0,0.0,0,0,0,102,0,15.608938932418823,100,100,1,P1,0.8688880291249694,0.6802904407294492,0.7745892349272093
parkour,1,sam2video,C1_fog_noise,1,4.0,3.975292921066284,5.0,1,100,0.6471679305421568,0.4541806693692561,0.5506742999557065,0,0,0.0,0,0,0,102,0,15.660780191421509,100,100,1,P1,0.6471679305421568,0.4541806693692561,0.5506742999557065
parkour,1,sam2video,C1_fog_noise,1,5.0,4.5224504470825195,5.0,1,100,0.44193311240781236,0.28168749527467785,0.36181030384124513,0,0,0.0,0,0,0,102,0,15.726861000061035,100,100,1,P1,0.44193311240781236,0.28168749527467785,0.36181030384124513
pigs,1,sam2video,fog,0,1.0,1.09423828125,1.299739956855774,1,79,0.9581561628715376,0.8337408736161135,0.8959485182438256,0,0,0.0,0,0,0,81,0,12.435936689376831,79,79,1,P1,0.9581561628715376,0.8337408736161135,0.8959485182438256
pigs,2,sam2video,fog,0,1.0,1.09423828125,1.299739956855774,1,79,0.8595203938964697,0.8037381989296395,0.8316292964130546,0,0,0.0,0,0,0,81,0,12.500072956085205,79,79,1,P1,0.8595203938964697,0.8037381989296395,0.8316292964130546
pigs,3,sam2video,fog,0,1.0,1.09423828125,1.299739956855774,1,79,0.9614161291000727,0.809764510715332,0.8855903199077023,0,0,0.0,0,0,0,81,0,12.139904499053955,79,79,1,P1,0.9614161291000727,0.809764510715332,0.8855903199077023
pigs,1,sam2video,fog,0,2.0,1.998172402381897,2.599479913711548,1,79,0.9459143826053439,0.8088834804524756,0.8773989315289097,0,0,0.0,0,0,0,81,0,12.21042013168335,79,79,1,P1,0.9459143826053439,0.8088834804524756,0.8773989315289097
pigs,2,sam2video,fog,0,2.0,1.998172402381897,2.599479913711548,1,79,0.8169363341271114,0.7603502706345374,0.7886433023808244,0,0,0.0,0,0,0,81,0,12.400900840759277,79,79,1,P1,0.8169363341271114,0.7603502706345374,0.7886433023808244
pigs,3,sam2video,fog,0,2.0,1.998172402381897,2.599479913711548,1,79,0.9629700406953572,0.8028057668435612,0.8828879037694592,0,0,0.0,0,0,0,81,0,12.535982847213745,79,79,1,P1,0.9629700406953572,0.8028057668435612,0.8828879037694592
pigs,1,sam2video,fog,0,3.0,2.9972586631774902,3.8992199897766113,1,79,0.9365492570453459,0.7734932584555521,0.855021257750449,0,0,0.0,0,0,0,81,0,12.61734676361084,79,79,1,P1,0.9365492570453459,0.7734932584555521,0.855021257750449
pigs,2,sam2video,fog,0,3.0,2.9972586631774902,3.8992199897766113,1,79,0.7501138931871217,0.692259975811554,0.7211869344993378,0,0,0.0,0,0,0,81,0,12.398403644561768,79,79,1,P1,0.7501138931871217,0.692259975811554,0.7211869344993378
pigs,3,sam2video,fog,0,3.0,2.9972586631774902,3.8992199897766113,1,79,0.95235125268267,0.7585808854315392,0.8554660690571045,0,0,0.0,0,0,0,81,0,12.765321254730225,79,79,1,P1,0.95235125268267,0.7585808854315392,0.8554660690571045
pigs,1,sam2video,fog,0,4.0,3.971950054168701,5.0,1,79,0.9165021936676364,0.708399009865519,0.8124506017665777,0,0,0.0,0,0,0,81,0,12.87330174446106,79,79,1,P1,0.9165021936676364,0.708399009865519,0.8124506017665777
pigs,2,sam2video,fog,0,4.0,3.971950054168701,5.0,1,79,0.7249935972633929,0.6465755873643371,0.685784592313865,0,0,0.0,0,0,0,81,0,12.830439567565918,79,79,1,P1,0.7249935972633929,0.6465755873643371,0.685784592313865
pigs,3,sam2video,fog,0,4.0,3.971950054168701,5.0,1,79,0.9450391053437783,0.7144964945570533,0.8297677999504158,0,0,0.0,0,0,0,81,0,12.809118270874023,79,79,1,P1,0.9450391053437783,0.7144964945570533,0.8297677999504158
pigs,1,sam2video,fog,0,5.0,4.524239540100098,5.0,1,79,0.8888357954707602,0.6446642647329851,0.7667500301018726,0,0,0.0,0,0,0,81,0,12.707844972610474,79,79,1,P1,0.8888357954707602,0.6446642647329851,0.7667500301018726
pigs,2,sam2video,fog,0,5.0,4.524239540100098,5.0,1,79,0.6596271153693535,0.5856907888625053,0.6226589521159294,0,0,0.0,0,0,0,81,0,12.63029146194458,79,79,1,P1,0.6596271153693535,0.5856907888625053,0.6226589521159294
pigs,3,sam2video,fog,0,5.0,4.524239540100098,5.0,1,79,0.939148985455302,0.6824298315521766,0.8107894085037393,0,0,0.0,0,0,0,81,0,12.508332014083862,79,79,1,P1,0.939148985455302,0.6824298315521766,0.8107894085037393
pigs,1,sam2video,sensor_noise,0,1.0,1.09423828125,1.299739956855774,1,79,0.9603720066503615,0.8402054316685826,0.9002887191594721,0,0,0.0,0,0,0,81,0,12.113163948059082,79,79,1,P1,0.9603720066503615,0.8402054316685826,0.9002887191594721
pigs,2,sam2video,sensor_noise,0,1.0,1.09423828125,1.299739956855774,1,79,0.8717183049996012,0.8101041846937796,0.8409112448466904,0,0,0.0,0,0,0,81,0,12.353290557861328,79,79,1,P1,0.8717183049996012,0.8101041846937796,0.8409112448466904
pigs,3,sam2video,sensor_noise,0,1.0,1.09423828125,1.299739956855774,1,79,0.9649477524561553,0.8166342615637351,0.8907910070099452,0,0,0.0,0,0,0,81,0,12.412292718887329,79,79,1,P1,0.9649477524561553,0.8166342615637351,0.8907910070099452
pigs,1,sam2video,sensor_noise,0,2.0,1.998172402381897,2.599479913711548,1,79,0.9553972359246605,0.8207956229638391,0.8880964294442498,0,0,0.0,0,0,0,81,0,12.45478105545044,79,79,1,P1,0.9553972359246605,0.8207956229638391,0.8880964294442498
pigs,2,sam2video,sensor_noise,0,2.0,1.998172402381897,2.599479913711548,1,79,0.8739543889565555,0.8072520935195451,0.8406032412380503,0,0,0.0,0,0,0,81,0,12.259171485900879,79,79,1,P1,0.8739543889565555,0.8072520935195451,0.8406032412380503
pigs,3,sam2video,sensor_noise,0,2.0,1.998172402381897,2.599479913711548,1,79,0.9633914003043375,0.8071090925378356,0.8852502464210865,0,0,0.0,0,0,0,81,0,12.160704135894775,79,79,1,P1,0.9633914003043375,0.8071090925378356,0.8852502464210865
pigs,1,sam2video,sensor_noise,0,3.0,2.9972586631774902,3.8992199897766113,1,79,0.9503180804410105,0.7988322404964785,0.8745751604687445,0,0,0.0,0,0,0,81,0,12.051600217819214,79,79,1,P1,0.9503180804410105,0.7988322404964785,0.8745751604687445
pigs,2,sam2video,sensor_noise,0,3.0,2.9972586631774902,3.8992199897766113,1,79,0.8664023264606228,0.7909586691125765,0.8286804977865996,0,0,0.0,0,0,0,81,0,12.016374826431274,79,79,1,P1,0.8664023264606228,0.7909586691125765,0.8286804977865996
pigs,3,sam2video,sensor_noise,0,3.0,2.9972586631774902,3.8992199897766113,1,79,0.9553862824502724,0.7823512578456849,0.8688687701479787,0,0,0.0,0,0,0,81,0,12.203834056854248,79,79,1,P1,0.9553862824502724,0.7823512578456849,0.8688687701479787
pigs,1,sam2video,sensor_noise,0,4.0,3.971950054168701,5.0,1,79,0.9430824753558538,0.7757986913767773,0.8594405833663155,0,0,0.0,0,0,0,81,0,12.296198844909668,79,79,1,P1,0.9430824753558538,0.7757986913767773,0.8594405833663155
pigs,2,sam2video,sensor_noise,0,4.0,3.971950054168701,5.0,1,79,0.8338399118258047,0.7581306718814106,0.7959852918536077,0,0,0.0,0,0,0,81,0,12.11694049835205,79,79,1,P1,0.8338399118258047,0.7581306718814106,0.7959852918536077
pigs,3,sam2video,sensor_noise,0,4.0,3.971950054168701,5.0,1,79,0.9533387674125864,0.7710419360342975,0.8621903517234419,0,0,0.0,0,0,0,81,0,12.05345606803894,79,79,1,P1,0.9533387674125864,0.7710419360342975,0.8621903517234419
pigs,1,sam2video,sensor_noise,0,5.0,4.524239540100098,5.0,1,79,0.93896490418153,0.7614590715645687,0.8502119878730494,0,0,0.0,0,0,0,81,0,11.983229637145996,79,79,1,P1,0.93896490418153,0.7614590715645687,0.8502119878730494
pigs,2,sam2video,sensor_noise,0,5.0,4.524239540100098,5.0,1,79,0.8241324541905127,0.7469639883876998,0.7855482212891063,0,0,0.0,0,0,0,81,0,12.024775743484497,79,79,1,P1,0.8241324541905127,0.7469639883876998,0.7855482212891063
pigs,3,sam2video,sensor_noise,0,5.0,4.524239540100098,5.0,1,79,0.9525830953546113,0.7651907514368477,0.8588869233957295,0,0,0.0,0,0,0,81,0,12.048896312713623,79,79,1,P1,0.9525830953546113,0.7651907514368477,0.8588869233957295
pigs,1,sam2video,C1_fog_noise,1,1.0,1.09423828125,1.299739956855774,1,79,0.9556608109393833,0.8253009640586463,0.8904808874990148,0,0,0.0,0,0,0,81,0,11.978506088256836,79,79,1,P1,0.9556608109393833,0.8253009640586463,0.8904808874990148
pigs,2,sam2video,C1_fog_noise,1,1.0,1.09423828125,1.299739956855774,1,79,0.8727265179445532,0.807444147941963,0.840085332943258,0,0,0.0,0,0,0,81,0,11.98977541923523,79,79,1,P1,0.8727265179445532,0.807444147941963,0.840085332943258
pigs,3,sam2video,C1_fog_noise,1,1.0,1.09423828125,1.299739956855774,1,79,0.9598114475982387,0.8024498018131067,0.8811306247056727,0,0,0.0,0,0,0,81,0,12.185020208358765,79,79,1,P1,0.9598114475982387,0.8024498018131067,0.8811306247056727
pigs,1,sam2video,C1_fog_noise,1,2.0,1.998172402381897,2.599479913711548,1,79,0.9225359449289624,0.7292152161107112,0.8258755805198368,0,0,0.0,0,0,0,81,0,12.10826849937439,79,79,1,P1,0.9225359449289624,0.7292152161107112,0.8258755805198368
pigs,2,sam2video,C1_fog_noise,1,2.0,1.998172402381897,2.599479913711548,1,79,0.7938030263445498,0.7099950748756721,0.751899050610111,0,0,0.0,0,0,0,81,0,12.307664394378662,79,79,1,P1,0.7938030263445498,0.7099950748756721,0.751899050610111
pigs,3,sam2video,C1_fog_noise,1,2.0,1.998172402381897,2.599479913711548,1,79,0.9496101450148464,0.7453025432163227,0.8474563441155846,0,0,0.0,0,0,0,81,0,12.50401782989502,79,79,1,P1,0.9496101450148464,0.7453025432163227,0.8474563441155846
pigs,1,sam2video,C1_fog_noise,1,3.0,2.9972586631774902,3.8992199897766113,1,79,0.7909746325171089,0.48699772275196446,0.6389861776345367,0,0,0.0,0,0,0,81,0,12.838673114776611,79,79,1,P1,0.7909746325171089,0.48699772275196446,0.6389861776345367
pigs,2,sam2video,C1_fog_noise,1,3.0,2.9972586631774902,3.8992199897766113,1,79,0.611314060860395,0.4954062825082652,0.55336017168433,0,0,0.0,0,0,0,81,0,12.45214033126831,79,79,1,P1,0.611314060860395,0.4954062825082652,0.55336017168433
pigs,3,sam2video,C1_fog_noise,1,3.0,2.9972586631774902,3.8992199897766113,1,79,0.904418913589143,0.6018301471001251,0.753124530344634,0,0,0.0,0,0,0,81,0,12.597769737243652,79,79,1,P1,0.904418913589143,0.6018301471001251,0.753124530344634
pigs,1,sam2video,C1_fog_noise,1,4.0,3.971950054168701,5.0,1,79,0.5325624080043241,0.23895023978577787,0.385756323895051,0,0,0.0,0,0,0,81,0,12.272647380828857,79,79,1,P1,0.5325624080043241,0.23895023978577787,0.385756323895051
pigs,2,sam2video,C1_fog_noise,1,4.0,3.971950054168701,5.0,1,79,0.36757094406197893,0.26961500463898924,0.31859297435048406,0,0,0.0,0,0,0,81,0,12.421774864196777,79,79,1,P1,0.36757094406197893,0.26961500463898924,0.31859297435048406
pigs,3,sam2video,C1_fog_noise,1,4.0,3.971950054168701,5.0,1,79,0.7400005078231338,0.3893598217616283,0.564680164792381,0,0,0.0,0,0,0,81,0,12.207016944885254,79,79,1,P1,0.7400005078231338,0.3893598217616283,0.564680164792381
pigs,1,sam2video,C1_fog_noise,1,5.0,4.524239540100098,5.0,1,79,0.33184717031727246,0.12489770953336884,0.22837243992532064,0,0,0.0,0,0,0,81,0,12.14749026298523,79,79,1,P1,0.33184717031727246,0.12489770953336884,0.22837243992532064
pigs,2,sam2video,C1_fog_noise,1,5.0,4.524239540100098,5.0,1,79,0.35139104486836614,0.20257858527556763,0.27698481507196687,0,0,0.0,0,0,0,81,0,12.349039554595947,79,79,1,P1,0.35139104486836614,0.20257858527556763,0.27698481507196687
pigs,3,sam2video,C1_fog_noise,1,5.0,4.524239540100098,5.0,1,79,0.6731425046304668,0.26641752138932506,0.4697800130098959,0,0,0.0,0,0,0,81,0,12.150067806243896,79,79,1,P1,0.6731425046304668,0.26641752138932506,0.4697800130098959
scooter-black,1,sam2video,fog,0,1.0,1.093359112739563,1.2966963052749634,1,43,0.8877061195297198,0.7994343516159734,0.8435702355728466,0,0,0.0,0,0,0,45,0,6.674183130264282,43,43,1,P1,0.8877061195297198,0.7994343516159734,0.8435702355728466
scooter-black,2,sam2video,fog,0,1.0,1.093359112739563,1.2966963052749634,1,43,0.9328312970575621,0.7682945858264657,0.8505629414420139,0,0,0.0,0,0,0,45,0,6.564460754394531,43,43,1,P1,0.9328312970575621,0.7682945858264657,0.8505629414420139
scooter-black,1,sam2video,fog,0,2.0,1.991288661956787,2.5933926105499268,1,43,0.8811659890192404,0.7849212473680031,0.8330436181936217,0,0,0.0,0,0,0,45,0,6.706918239593506,43,43,1,P1,0.8811659890192404,0.7849212473680031,0.8330436181936217
scooter-black,2,sam2video,fog,0,2.0,1.991288661956787,2.5933926105499268,1,43,0.9278529377017563,0.7574530824528047,0.8426530100772804,0,0,0.0,0,0,0,45,0,6.711650609970093,43,43,1,P1,0.9278529377017563,0.7574530824528047,0.8426530100772804
scooter-black,1,sam2video,fog,0,3.0,2.9869327545166016,3.8900890350341797,1,43,0.8702428133388559,0.7643750067816915,0.8173089100602737,0,0,0.0,0,0,0,45,0,6.679804086685181,43,43,1,P1,0.8702428133388559,0.7643750067816915,0.8173089100602737
scooter-black,2,sam2video,fog,0,3.0,2.9869327545166016,3.8900890350341797,1,43,0.9181829158196209,0.7376801725630124,0.8279315441913166,0,0,0.0,0,0,0,45,0,6.560387849807739,43,43,1,P1,0.9181829158196209,0.7376801725630124,0.8279315441913166
scooter-black,1,sam2video,fog,0,4.0,3.957669734954834,5.0,1,43,0.8514857443443437,0.7284230574997398,0.7899544009220417,0,0,0.0,0,0,0,45,0,6.539917469024658,43,43,1,P1,0.8514857443443437,0.7284230574997398,0.7899544009220417
scooter-black,2,sam2video,fog,0,4.0,3.957669734954834,5.0,1,43,0.9072271666559729,0.7083691140308324,0.8077981403434027,0,0,0.0,0,0,0,45,0,6.549506187438965,43,43,1,P1,0.9072271666559729,0.7083691140308324,0.8077981403434027
scooter-black,1,sam2video,fog,0,5.0,4.511425495147705,5.0,1,43,0.838265291927355,0.7022042432966376,0.7702347676119963,0,0,0.0,0,0,0,45,0,6.537227630615234,43,43,1,P1,0.838265291927355,0.7022042432966376,0.7702347676119963
scooter-black,2,sam2video,fog,0,5.0,4.511425495147705,5.0,1,43,0.8994465397072039,0.6885126190024914,0.7939795793548476,0,0,0.0,0,0,0,45,0,6.511707305908203,43,43,1,P1,0.8994465397072039,0.6885126190024914,0.7939795793548476
scooter-black,1,sam2video,sensor_noise,0,1.0,1.093359112739563,1.2966963052749634,1,43,0.8902906843433777,0.8029138166580615,0.8466022505007196,0,0,0.0,0,0,0,45,0,6.571605920791626,43,43,1,P1,0.8902906843433777,0.8029138166580615,0.8466022505007196
scooter-black,2,sam2video,sensor_noise,0,1.0,1.093359112739563,1.2966963052749634,1,43,0.935270743274621,0.7700546291011016,0.8526626861878612,0,0,0.0,0,0,0,45,0,6.754663944244385,43,43,1,P1,0.935270743274621,0.7700546291011016,0.8526626861878612
scooter-black,1,sam2video,sensor_noise,0,2.0,1.991288661956787,2.5933926105499268,1,43,0.8847873648106274,0.7914414655900536,0.8381144152003405,0,0,0.0,0,0,0,45,0,6.591681957244873,43,43,1,P1,0.8847873648106274,0.7914414655900536,0.8381144152003405
scooter-black,2,sam2video,sensor_noise,0,2.0,1.991288661956787,2.5933926105499268,1,43,0.9298803298076652,0.7567021885377868,0.843291259172726,0,0,0.0,0,0,0,45,0,6.5068678855896,43,43,1,P1,0.9298803298076652,0.7567021885377868,0.843291259172726
scooter-black,1,sam2video,sensor_noise,0,3.0,2.9869327545166016,3.8900890350341797,1,43,0.8768708753169436,0.7752524233645752,0.8260616493407594,0,0,0.0,0,0,0,45,0,6.530224323272705,43,43,1,P1,0.8768708753169436,0.7752524233645752,0.8260616493407594
scooter-black,2,sam2video,sensor_noise,0,3.0,2.9869327545166016,3.8900890350341797,1,43,0.9251132646843389,0.744899186413711,0.8350062255490249,0,0,0.0,0,0,0,45,0,6.514565706253052,43,43,1,P1,0.9251132646843389,0.744899186413711,0.8350062255490249
scooter-black,1,sam2video,sensor_noise,0,4.0,3.957669734954834,5.0,1,43,0.8690150261823874,0.7611108470061957,0.8150629365942915,0,0,0.0,0,0,0,45,0,6.66352653503418,43,43,1,P1,0.8690150261823874,0.7611108470061957,0.8150629365942915
scooter-black,2,sam2video,sensor_noise,0,4.0,3.957669734954834,5.0,1,43,0.9214839781477172,0.736205227398721,0.828844602773219,0,0,0.0,0,0,0,45,0,6.5472190380096436,43,43,1,P1,0.9214839781477172,0.736205227398721,0.828844602773219
scooter-black,1,sam2video,sensor_noise,0,5.0,4.511425495147705,5.0,1,43,0.8641054206185864,0.7508964937285458,0.8075009571735661,0,0,0.0,0,0,0,45,0,6.591968774795532,43,43,1,P1,0.8641054206185864,0.7508964937285458,0.8075009571735661
scooter-black,2,sam2video,sensor_noise,0,5.0,4.511425495147705,5.0,1,43,0.9184486417382381,0.7282714404085732,0.8233600410734057,0,0,0.0,0,0,0,45,0,6.581835746765137,43,43,1,P1,0.9184486417382381,0.7282714404085732,0.8233600410734057
scooter-black,1,sam2video,C1_fog_noise,1,1.0,1.093359112739563,1.2966963052749634,1,43,0.8839347194761079,0.7921884661016919,0.8380615927888999,0,0,0.0,0,0,0,45,0,6.690668821334839,43,43,1,P1,0.8839347194761079,0.7921884661016919,0.8380615927888999
scooter-black,2,sam2video,C1_fog_noise,1,1.0,1.093359112739563,1.2966963052749634,1,43,0.9305190559055906,0.7603052356778087,0.8454121457916997,0,0,0.0,0,0,0,45,0,6.547487020492554,43,43,1,P1,0.9305190559055906,0.7603052356778087,0.8454121457916997
scooter-black,1,sam2video,C1_fog_noise,1,2.0,1.991288661956787,2.5933926105499268,1,43,0.8554127388511295,0.7409180690529338,0.7981654039520316,0,0,0.0,0,0,0,45,0,6.5811543464660645,43,43,1,P1,0.8554127388511295,0.7409180690529338,0.7981654039520316
scooter-black,2,sam2video,C1_fog_noise,1,2.0,1.991288661956787,2.5933926105499268,1,43,0.9125528720684271,0.7136181311402876,0.8130855016043573,0,0,0.0,0,0,0,45,0,6.540577411651611,43,43,1,P1,0.9125528720684271,0.7136181311402876,0.8130855016043573
scooter-black,1,sam2video,C1_fog_noise,1,3.0,2.9869327545166016,3.8900890350341797,1,43,0.7334203226985044,0.5995953522134804,0.6665078374559924,0,0,0.0,0,0,0,45,0,6.8548665046691895,43,43,1,P1,0.7334203226985044,0.5995953522134804,0.6665078374559924
scooter-black,2,sam2video,C1_fog_noise,1,3.0,2.9869327545166016,3.8900890350341797,1,43,0.8254186003717845,0.5471460532152725,0.6862823267935285,0,0,0.0,0,0,0,45,0,6.60719895362854,43,43,1,P1,0.8254186003717845,0.5471460532152725,0.6862823267935285
scooter-black,1,sam2video,C1_fog_noise,1,4.0,3.957669734954834,5.0,1,43,0.5012338616271976,0.3977673552588714,0.4495006084430345,0,0,0.0,0,0,0,45,0,6.630298376083374,43,43,1,P1,0.5012338616271976,0.3977673552588714,0.4495006084430345
scooter-black,2,sam2video,C1_fog_noise,1,4.0,3.957669734954834,5.0,1,43,0.653359183656555,0.36820272956659095,0.510780956611573,0,0,0.0,0,0,0,45,0,6.700839042663574,43,43,1,P1,0.653359183656555,0.36820272956659095,0.510780956611573
scooter-black,1,sam2video,C1_fog_noise,1,5.0,4.511425495147705,5.0,1,43,0.23230857711008956,0.20799278999575252,0.22015068355292106,0,0,0.0,0,0,0,45,0,6.638596057891846,43,43,1,P1,0.23230857711008956,0.20799278999575252,0.22015068355292106
scooter-black,2,sam2video,C1_fog_noise,1,5.0,4.511425495147705,5.0,1,43,0.5823803501167085,0.2880125243376407,0.4351964372271746,0,0,0.0,0,0,0,45,0,6.634470701217651,43,43,1,P1,0.5823803501167085,0.2880125243376407,0.4351964372271746
shooting,1,sam2video,fog,0,1.0,1.0958011150360107,1.2980244159698486,1,40,0.9069031925403523,0.6404575551778711,0.7736803738591117,0,0,0.0,0,0,0,42,0,6.185572862625122,40,40,1,P1,0.9069031925403523,0.6404575551778711,0.7736803738591117
shooting,2,sam2video,fog,0,1.0,1.0958011150360107,1.2980244159698486,1,40,0.9386202691895893,0.6812425990890933,0.8099314341393413,0,0,0.0,0,0,0,42,0,6.2154316902160645,40,40,1,P1,0.9386202691895893,0.6812425990890933,0.8099314341393413
shooting,3,sam2video,fog,0,1.0,1.0958011150360107,1.2980244159698486,1,40,0.8843021428299804,0.8277771686297817,0.856039655729881,0,0,0.0,0,0,0,42,0,6.140438079833984,40,40,1,P1,0.8843021428299804,0.8277771686297817,0.856039655729881
shooting,1,sam2video,fog,0,2.0,2.0,2.5960488319396973,1,40,0.8842886951915224,0.5920167111151322,0.7381527031533273,0,0,0.0,0,0,0,42,0,6.124114274978638,40,40,1,P1,0.8842886951915224,0.5920167111151322,0.7381527031533273
shooting,2,sam2video,fog,0,2.0,2.0,2.5960488319396973,1,40,0.9292176483803096,0.6380201702903647,0.7836189093353372,0,0,0.0,0,0,0,42,0,6.153011083602905,40,40,1,P1,0.9292176483803096,0.6380201702903647,0.7836189093353372
shooting,3,sam2video,fog,0,2.0,2.0,2.5960488319396973,1,40,0.8806122027607579,0.8197983804293637,0.8502052915950609,0,0,0.0,0,0,0,42,0,6.122488498687744,40,40,1,P1,0.8806122027607579,0.8197983804293637,0.8502052915950609
shooting,1,sam2video,fog,0,3.0,3.0,3.894073247909546,1,40,0.8436234109974947,0.5153061409707973,0.679464775984146,0,0,0.0,0,0,0,42,0,6.177943468093872,40,40,1,P1,0.8436234109974947,0.5153061409707973,0.679464775984146
shooting,2,sam2video,fog,0,3.0,3.0,3.894073247909546,1,40,0.901008596321535,0.5543820583115847,0.7276953273165598,0,0,0.0,0,0,0,42,0,6.104475021362305,40,40,1,P1,0.901008596321535,0.5543820583115847,0.7276953273165598
shooting,3,sam2video,fog,0,3.0,3.0,3.894073247909546,1,40,0.9157267527421112,0.8185054505992031,0.8671161016706572,0,0,0.0,0,0,0,42,0,6.148014783859253,40,40,1,P1,0.9157267527421112,0.8185054505992031,0.8671161016706572
shooting,1,sam2video,fog,0,4.0,3.974757671356201,5.0,1,40,0.7903526375014875,0.43420973198949786,0.6122811847454928,0,0,0.0,0,0,0,42,0,6.144546270370483,40,40,1,P1,0.7903526375014875,0.43420973198949786,0.6122811847454928
shooting,2,sam2video,fog,0,4.0,3.974757671356201,5.0,1,40,0.859502994612345,0.4701115778579116,0.6648072862351283,0,0,0.0,0,0,0,42,0,6.25284743309021,40,40,1,P1,0.859502994612345,0.4701115778579116,0.6648072862351283
shooting,3,sam2video,fog,0,4.0,3.974757671356201,5.0,1,40,0.9066292819021472,0.798061924090384,0.8523456029962656,0,0,0.0,0,0,0,42,0,6.2357611656188965,40,40,1,P1,0.9066292819021472,0.798061924090384,0.8523456029962656
shooting,1,sam2video,fog,0,5.0,4.520993709564209,5.0,1,40,0.6969727392829155,0.36858845755042424,0.5327805984166698,0,0,0.0,0,0,0,42,0,6.270136833190918,40,40,1,P1,0.6969727392829155,0.36858845755042424,0.5327805984166698
shooting,2,sam2video,fog,0,5.0,4.520993709564209,5.0,1,40,0.8207777031442557,0.41596499481709215,0.6183713489806739,0,0,0.0,0,0,0,42,0,6.242969512939453,40,40,1,P1,0.8207777031442557,0.41596499481709215,0.6183713489806739
shooting,3,sam2video,fog,0,5.0,4.520993709564209,5.0,1,40,0.8985649173742006,0.7908836895866252,0.8447243034804129,0,0,0.0,0,0,0,42,0,6.329608678817749,40,40,1,P1,0.8985649173742006,0.7908836895866252,0.8447243034804129
shooting,1,sam2video,sensor_noise,0,1.0,1.0958011150360107,1.2980244159698486,1,40,0.9064208749484799,0.6409138276069043,0.7736673512776922,0,0,0.0,0,0,0,42,0,6.250074625015259,40,40,1,P1,0.9064208749484799,0.6409138276069043,0.7736673512776922
shooting,2,sam2video,sensor_noise,0,1.0,1.0958011150360107,1.2980244159698486,1,40,0.939745090562696,0.6962260794962565,0.8179855850294762,0,0,0.0,0,0,0,42,0,6.301503419876099,40,40,1,P1,0.939745090562696,0.6962260794962565,0.8179855850294762
shooting,3,sam2video,sensor_noise,0,1.0,1.0958011150360107,1.2980244159698486,1,40,0.8887875966046572,0.8288793730774554,0.8588334848410564,0,0,0.0,0,0,0,42,0,6.298743963241577,40,40,1,P1,0.8887875966046572,0.8288793730774554,0.8588334848410564
shooting,1,sam2video,sensor_noise,0,2.0,2.0,2.5960488319396973,1,40,0.8872924107427489,0.596133046104926,0.7417127284238374,0,0,0.0,0,0,0,42,0,6.185086965560913,40,40,1,P1,0.8872924107427489,0.596133046104926,0.7417127284238374
shooting,2,sam2video,sensor_noise,0,2.0,2.0,2.5960488319396973,1,40,0.9341017501784847,0.6756970786410909,0.8048994144097879,0,0,0.0,0,0,0,42,0,6.195388555526733,40,40,1,P1,0.9341017501784847,0.6756970786410909,0.8048994144097879
shooting,3,sam2video,sensor_noise,0,2.0,2.0,2.5960488319396973,1,40,0.9254614328764778,0.8403050785596072,0.8828832557180425,0,0,0.0,0,0,0,42,0,6.221582412719727,40,40,1,P1,0.9254614328764778,0.8403050785596072,0.8828832557180425
shooting,1,sam2video,sensor_noise,0,3.0,3.0,3.894073247909546,1,40,0.874602587028033,0.5572823619014502,0.7159424744647416,0,0,0.0,0,0,0,42,0,6.170443534851074,40,40,1,P1,0.874602587028033,0.5572823619014502,0.7159424744647416
shooting,2,sam2video,sensor_noise,0,3.0,3.0,3.894073247909546,1,40,0.9298154764113766,0.6509740324178017,0.7903947544145892,0,0,0.0,0,0,0,42,0,6.169815540313721,40,40,1,P1,0.9298154764113766,0.6509740324178017,0.7903947544145892
shooting,3,sam2video,sensor_noise,0,3.0,3.0,3.894073247909546,1,40,0.9114299633916746,0.828984360443933,0.8702071619178038,0,0,0.0,0,0,0,42,0,6.189326286315918,40,40,1,P1,0.9114299633916746,0.828984360443933,0.8702071619178038
shooting,1,sam2video,sensor_noise,0,4.0,3.974757671356201,5.0,1,40,0.8537179957876772,0.5266933241610465,0.6902056599743618,0,0,0.0,0,0,0,42,0,6.220821380615234,40,40,1,P1,0.8537179957876772,0.5266933241610465,0.6902056599743618
shooting,2,sam2video,sensor_noise,0,4.0,3.974757671356201,5.0,1,40,0.9222403176196903,0.6270492504723932,0.7746447840460418,0,0,0.0,0,0,0,42,0,6.149515151977539,40,40,1,P1,0.9222403176196903,0.6270492504723932,0.7746447840460418
shooting,3,sam2video,sensor_noise,0,4.0,3.974757671356201,5.0,1,40,0.9012507175049176,0.8197688394426613,0.8605097784737894,0,0,0.0,0,0,0,42,0,6.181109666824341,40,40,1,P1,0.9012507175049176,0.8197688394426613,0.8605097784737894
shooting,1,sam2video,sensor_noise,0,5.0,4.520993709564209,5.0,1,40,0.8382254096469597,0.5028359422856697,0.6705306759663148,0,0,0.0,0,0,0,42,0,6.353433847427368,40,40,1,P1,0.8382254096469597,0.5028359422856697,0.6705306759663148
shooting,2,sam2video,sensor_noise,0,5.0,4.520993709564209,5.0,1,40,0.9112846160657607,0.6068314241971966,0.7590580201314787,0,0,0.0,0,0,0,42,0,6.2381415367126465,40,40,1,P1,0.9112846160657607,0.6068314241971966,0.7590580201314787
shooting,3,sam2video,sensor_noise,0,5.0,4.520993709564209,5.0,1,40,0.9001528753593437,0.8172699089484674,0.8587113921539056,0,0,0.0,0,0,0,42,0,6.186852931976318,40,40,1,P1,0.9001528753593437,0.8172699089484674,0.8587113921539056
shooting,1,sam2video,C1_fog_noise,1,1.0,1.0958011150360107,1.2980244159698486,1,40,0.889893280700257,0.6014479957627415,0.7456706382314993,0,0,0.0,0,0,0,42,0,6.178742408752441,40,40,1,P1,0.889893280700257,0.6014479957627415,0.7456706382314993
shooting,2,sam2video,C1_fog_noise,1,1.0,1.0958011150360107,1.2980244159698486,1,40,0.9326466780432217,0.6621606278799801,0.7974036529616009,0,0,0.0,0,0,0,42,0,6.1257405281066895,40,40,1,P1,0.9326466780432217,0.6621606278799801,0.7974036529616009
shooting,3,sam2video,C1_fog_noise,1,1.0,1.0958011150360107,1.2980244159698486,1,40,0.920047050350259,0.8381887102646519,0.8791178803074555,0,0,0.0,0,0,0,42,0,6.209296941757202,40,40,1,P1,0.920047050350259,0.8381887102646519,0.8791178803074555
shooting,1,sam2video,C1_fog_noise,1,2.0,2.0,2.5960488319396973,1,40,0.8093560489474566,0.4510519637581446,0.6302040063528006,0,0,0.0,0,0,0,42,0,6.206349611282349,40,40,1,P1,0.8093560489474566,0.4510519637581446,0.6302040063528006
shooting,2,sam2video,C1_fog_noise,1,2.0,2.0,2.5960488319396973,1,40,0.8930503796722349,0.5339576770619804,0.7135040283671077,0,0,0.0,0,0,0,42,0,6.148752212524414,40,40,1,P1,0.8930503796722349,0.5339576770619804,0.7135040283671077
shooting,3,sam2video,C1_fog_noise,1,2.0,2.0,2.5960488319396973,1,40,0.9060953887653685,0.8020589647070938,0.8540771767362312,0,0,0.0,0,0,0,42,0,6.155710220336914,40,40,1,P1,0.9060953887653685,0.8020589647070938,0.8540771767362312
shooting,1,sam2video,C1_fog_noise,1,3.0,3.0,3.894073247909546,1,40,0.18694834845110828,0.08479093559971197,0.13586964202541013,0,0,0.0,0,0,0,42,0,6.253216505050659,40,40,1,P1,0.18694834845110828,0.08479093559971197,0.13586964202541013
shooting,2,sam2video,C1_fog_noise,1,3.0,3.0,3.894073247909546,1,40,0.7868639467388554,0.3699375198704762,0.5784007333046658,0,0,0.0,0,0,0,42,0,6.361188173294067,40,40,1,P1,0.7868639467388554,0.3699375198704762,0.5784007333046658
shooting,3,sam2video,C1_fog_noise,1,3.0,3.0,3.894073247909546,1,40,0.8650916553640953,0.7318209655523674,0.7984563104582314,0,0,0.0,0,0,0,42,0,6.262233257293701,40,40,1,P1,0.8650916553640953,0.7318209655523674,0.7984563104582314
shooting,1,sam2video,C1_fog_noise,1,4.0,3.974757671356201,5.0,1,40,0.1832308701353578,0.07561527203900711,0.12942307108718246,0,0,0.0,0,0,0,42,0,6.219362258911133,40,40,1,P1,0.1832308701353578,0.07561527203900711,0.12942307108718246
shooting,2,sam2video,C1_fog_noise,1,4.0,3.974757671356201,5.0,1,40,0.5639338441657317,0.2140508044185801,0.3889923242921559,0,0,0.0,0,0,0,42,0,6.324406147003174,40,40,1,P1,0.5639338441657317,0.2140508044185801,0.3889923242921559
shooting,3,sam2video,C1_fog_noise,1,4.0,3.974757671356201,5.0,1,40,0.7491641560560173,0.6218114540155311,0.6854878050357742,0,0,0.0,0,0,0,42,0,6.210576772689819,40,40,1,P1,0.7491641560560173,0.6218114540155311,0.6854878050357742
shooting,1,sam2video,C1_fog_noise,1,5.0,4.520993709564209,5.0,1,40,0.17066384881218807,0.07108803160480279,0.12087594020849543,0,0,0.0,0,0,0,42,0,6.332005977630615,40,40,1,P1,0.17066384881218807,0.07108803160480279,0.12087594020849543
shooting,2,sam2video,C1_fog_noise,1,5.0,4.520993709564209,5.0,1,40,0.3872097302173633,0.14170779522608168,0.26445876272172253,0,0,0.0,0,0,0,42,0,6.216981649398804,40,40,1,P1,0.3872097302173633,0.14170779522608168,0.26445876272172253
shooting,3,sam2video,C1_fog_noise,1,5.0,4.520993709564209,5.0,1,40,0.6885206929060959,0.5463814510974373,0.6174510720017665,0,0,0.0,0,0,0,42,0,6.345493793487549,40,40,1,P1,0.6885206929060959,0.5463814510974373,0.6174510720017665
soapbox,1,sam2video,fog,0,1.0,1.0946614742279053,1.2999917268753052,1,99,0.9138915309755329,0.7812692520278257,0.8475803915016793,0,0,0.0,0,0,0,101,0,15.15674352645874,99,99,1,P1,0.9138915309755329,0.7812692520278257,0.8475803915016793
soapbox,2,sam2video,fog,0,1.0,1.0946614742279053,1.2999917268753052,1,99,0.9018151977332849,0.8206665899184903,0.8612408938258875,0,0,0.0,0,0,0,101,0,15.264455318450928,99,99,1,P1,0.9018151977332849,0.8206665899184903,0.8612408938258875
soapbox,3,sam2video,fog,0,1.0,1.0946614742279053,1.2999917268753052,1,99,0.9068042041516146,0.840382566136039,0.8735933851438268,0,0,0.0,0,0,0,101,0,15.26298189163208,99,99,1,P1,0.9068042041516146,0.840382566136039,0.8735933851438268
soapbox,1,sam2video,fog,0,2.0,2.000239133834839,2.5999834537506104,1,99,0.9112386710375404,0.7744069292132103,0.8428228001253754,0,0,0.0,0,0,0,101,0,15.613302946090698,99,99,1,P1,0.9112386710375404,0.7744069292132103,0.8428228001253754
soapbox,2,sam2video,fog,0,2.0,2.000239133834839,2.5999834537506104,1,99,0.8956244434441467,0.8105251404509527,0.8530747919475496,0,0,0.0,0,0,0,101,0,15.519874811172485,99,99,1,P1,0.8956244434441467,0.8105251404509527,0.8530747919475496
soapbox,3,sam2video,fog,0,2.0,2.000239133834839,2.5999834537506104,1,99,0.9032053086851368,0.8340570138073384,0.8686311612462376,0,0,0.0,0,0,0,101,0,15.484477996826172,99,99,1,P1,0.9032053086851368,0.8340570138073384,0.8686311612462376
soapbox,1,sam2video,fog,0,3.0,3.000358819961548,3.899975299835205,1,99,0.9046809573495745,0.7550603063305525,0.8298706318400635,0,0,0.0,0,0,0,101,0,15.787574529647827,99,99,1,P1,0.9046809573495745,0.7550603063305525,0.8298706318400635
soapbox,2,sam2video,fog,0,3.0,3.000358819961548,3.899975299835205,1,99,0.8820794960068952,0.7868787041658882,0.8344791000863917,0,0,0.0,0,0,0,101,0,15.30255937576294,99,99,1,P1,0.8820794960068952,0.7868787041658882,0.8344791000863917
soapbox,3,sam2video,fog,0,3.0,3.000358819961548,3.899975299835205,1,99,0.8944517580459349,0.8175299608470968,0.8559908594465159,0,0,0.0,0,0,0,101,0,15.341825723648071,99,99,1,P1,0.8944517580459349,0.8175299608470968,0.8559908594465159
soapbox,1,sam2video,fog,0,4.0,3.975886821746826,5.0,1,99,0.8922693589645856,0.7183629680447084,0.8053161635046471,0,0,0.0,0,0,0,101,0,15.299181938171387,99,99,1,P1,0.8922693589645856,0.7183629680447084,0.8053161635046471
soapbox,2,sam2video,fog,0,4.0,3.975886821746826,5.0,1,99,0.8622056865309459,0.7432263522113813,0.8027160193711635,0,0,0.0,0,0,0,101,0,15.256168365478516,99,99,1,P1,0.8622056865309459,0.7432263522113813,0.8027160193711635
soapbox,3,sam2video,fog,0,4.0,3.975886821746826,5.0,1,99,0.876805058536296,0.7874599071291283,0.8321324828327121,0,0,0.0,0,0,0,101,0,15.321920156478882,99,99,1,P1,0.876805058536296,0.7874599071291283,0.8321324828327121
soapbox,1,sam2video,fog,0,5.0,4.527290344238281,5.0,1,99,0.8814034688707015,0.6886845612222433,0.7850440150464724,0,0,0.0,0,0,0,101,0,15.193868637084961,99,99,1,P1,0.8814034688707015,0.6886845612222433,0.7850440150464724
soapbox,2,sam2video,fog,0,5.0,4.527290344238281,5.0,1,99,0.8584265578097581,0.7333171156124648,0.7958718367111115,0,0,0.0,0,0,0,101,0,15.389124393463135,99,99,1,P1,0.8584265578097581,0.7333171156124648,0.7958718367111115
soapbox,3,sam2video,fog,0,5.0,4.527290344238281,5.0,1,99,0.8643317288800946,0.7643702495373149,0.8143509892087047,0,0,0.0,0,0,0,101,0,15.199095726013184,99,99,1,P1,0.8643317288800946,0.7643702495373149,0.8143509892087047
soapbox,1,sam2video,sensor_noise,0,1.0,1.0946614742279053,1.2999917268753052,1,99,0.9153663673750498,0.7841080049748104,0.8497371861749301,0,0,0.0,0,0,0,101,0,15.218817710876465,99,99,1,P1,0.9153663673750498,0.7841080049748104,0.8497371861749301
soapbox,2,sam2video,sensor_noise,0,1.0,1.0946614742279053,1.2999917268753052,1,99,0.9043065432379693,0.825522547024827,0.8649145451313982,0,0,0.0,0,0,0,101,0,15.20028281211853,99,99,1,P1,0.9043065432379693,0.825522547024827,0.8649145451313982
soapbox,3,sam2video,sensor_noise,0,1.0,1.0946614742279053,1.2999917268753052,1,99,0.9061476898895077,0.8421863366082987,0.8741670132489032,0,0,0.0,0,0,0,101,0,15.294203758239746,99,99,1,P1,0.9061476898895077,0.8421863366082987,0.8741670132489032
soapbox,1,sam2video,sensor_noise,0,2.0,2.000239133834839,2.5999834537506104,1,99,0.9120548655916552,0.7743253788728071,0.8431901222322311,0,0,0.0,0,0,0,101,0,15.306691884994507,99,99,1,P1,0.9120548655916552,0.7743253788728071,0.8431901222322311
soapbox,2,sam2video,sensor_noise,0,2.0,2.000239133834839,2.5999834537506104,1,99,0.8970184108543479,0.8112890319989546,0.8541537214266512,0,0,0.0,0,0,0,101,0,15.224845886230469,99,99,1,P1,0.8970184108543479,0.8112890319989546,0.8541537214266512
soapbox,3,sam2video,sensor_noise,0,2.0,2.000239133834839,2.5999834537506104,1,99,0.9018047204282115,0.8334919065154425,0.8676483134718269,0,0,0.0,0,0,0,101,0,15.134114980697632,99,99,1,P1,0.9018047204282115,0.8334919065154425,0.8676483134718269
soapbox,1,sam2video,sensor_noise,0,3.0,3.000358819961548,3.899975299835205,1,99,0.9075912531872883,0.7627992478073019,0.835195250497295,0,0,0.0,0,0,0,101,0,18.90169596672058,99,99,1,P1,0.9075912531872883,0.7627992478073019,0.835195250497295
soapbox,2,sam2video,sensor_noise,0,3.0,3.000358819961548,3.899975299835205,1,99,0.8848775477630677,0.7902626351422027,0.8375700914526352,0,0,0.0,0,0,0,101,0,16.121381759643555,99,99,1,P1,0.8848775477630677,0.7902626351422027,0.8375700914526352
soapbox,3,sam2video,sensor_noise,0,3.0,3.000358819961548,3.899975299835205,1,99,0.8965269031085381,0.8220437234829636,0.8592853132957509,0,0,0.0,0,0,0,101,0,16.1944797039032,99,99,1,P1,0.8965269031085381,0.8220437234829636,0.8592853132957509
soapbox,1,sam2video,sensor_noise,0,4.0,3.975886821746826,5.0,1,99,0.9027937856743472,0.7500771420096103,0.8264354638419787,0,0,0.0,0,0,0,101,0,15.689917802810669,99,99,1,P1,0.9027937856743472,0.7500771420096103,0.8264354638419787
soapbox,2,sam2video,sensor_noise,0,4.0,3.975886821746826,5.0,1,99,0.8761764931896021,0.7737767115537287,0.8249766023716654,0,0,0.0,0,0,0,101,0,15.945378303527832,99,99,1,P1,0.8761764931896021,0.7737767115537287,0.8249766023716654
soapbox,3,sam2video,sensor_noise,0,4.0,3.975886821746826,5.0,1,99,0.8921166772453214,0.8126981897608995,0.8524074335031104,0,0,0.0,0,0,0,101,0,16.057565689086914,99,99,1,P1,0.8921166772453214,0.8126981897608995,0.8524074335031104
soapbox,1,sam2video,sensor_noise,0,5.0,4.527290344238281,5.0,1,99,0.9007982749682761,0.7445673966991453,0.8226828358337107,0,0,0.0,0,0,0,101,0,15.952094316482544,99,99,1,P1,0.9007982749682761,0.7445673966991453,0.8226828358337107
soapbox,2,sam2video,sensor_noise,0,5.0,4.527290344238281,5.0,1,99,0.8674255128281064,0.759732572886916,0.8135790428575111,0,0,0.0,0,0,0,101,0,16.185099840164185,99,99,1,P1,0.8674255128281064,0.759732572886916,0.8135790428575111
soapbox,3,sam2video,sensor_noise,0,5.0,4.527290344238281,5.0,1,99,0.8882046350863807,0.803991596021579,0.8460981155539798,0,0,0.0,0,0,0,101,0,16.125097274780273,99,99,1,P1,0.8882046350863807,0.803991596021579,0.8460981155539798
soapbox,1,sam2video,C1_fog_noise,1,1.0,1.0946614742279053,1.2999917268753052,1,99,0.9138881355482145,0.7786870821963136,0.846287608872264,0,0,0.0,0,0,0,101,0,16.17739701271057,99,99,1,P1,0.9138881355482145,0.7786870821963136,0.846287608872264
soapbox,2,sam2video,C1_fog_noise,1,1.0,1.0946614742279053,1.2999917268753052,1,99,0.8950783974110117,0.8097721888017504,0.852425293106381,0,0,0.0,0,0,0,101,0,16.240126371383667,99,99,1,P1,0.8950783974110117,0.8097721888017504,0.852425293106381
soapbox,3,sam2video,C1_fog_noise,1,1.0,1.0946614742279053,1.2999917268753052,1,99,0.9031634390026393,0.8346744389510103,0.8689189389768248,0,0,0.0,0,0,0,101,0,16.24297022819519,99,99,1,P1,0.9031634390026393,0.8346744389510103,0.8689189389768248
soapbox,1,sam2video,C1_fog_noise,1,2.0,2.000239133834839,2.5999834537506104,1,99,0.8957555094579798,0.7304793402191541,0.8131174248385669,0,0,0.0,0,0,0,101,0,16.228895902633667,99,99,1,P1,0.8957555094579798,0.7304793402191541,0.8131174248385669
soapbox,2,sam2video,C1_fog_noise,1,2.0,2.000239133834839,2.5999834537506104,1,99,0.8584680081352591,0.7421130919280908,0.800290550031675,0,0,0.0,0,0,0,101,0,16.0473952293396,99,99,1,P1,0.8584680081352591,0.7421130919280908,0.800290550031675
soapbox,3,sam2video,C1_fog_noise,1,2.0,2.000239133834839,2.5999834537506104,1,99,0.8812034269118058,0.7917399944630784,0.8364717106874421,0,0,0.0,0,0,0,101,0,16.104463577270508,99,99,1,P1,0.8812034269118058,0.7917399944630784,0.8364717106874421
soapbox,1,sam2video,C1_fog_noise,1,3.0,3.000358819961548,3.899975299835205,1,99,0.7993937128277286,0.5768076554338134,0.6881006841307711,0,0,0.0,0,0,0,101,0,16.19795560836792,99,99,1,P1,0.7993937128277286,0.5768076554338134,0.6881006841307711
soapbox,2,sam2video,C1_fog_noise,1,3.0,3.000358819961548,3.899975299835205,1,99,0.7590812304982262,0.6030817468069972,0.6810814886526118,0,0,0.0,0,0,0,101,0,16.328099012374878,99,99,1,P1,0.7590812304982262,0.6030817468069972,0.6810814886526118
soapbox,3,sam2video,C1_fog_noise,1,3.0,3.000358819961548,3.899975299835205,1,99,0.7431186910303198,0.619733295531325,0.6814259932808224,0,0,0.0,0,0,0,101,0,16.453827142715454,99,99,1,P1,0.7431186910303198,0.619733295531325,0.6814259932808224
soapbox,1,sam2video,C1_fog_noise,1,4.0,3.975886821746826,5.0,1,99,0.5371680257681898,0.36252498823492463,0.4498465070015572,0,0,0.0,0,0,0,101,0,15.937516450881958,99,99,1,P1,0.5371680257681898,0.36252498823492463,0.4498465070015572
soapbox,2,sam2video,C1_fog_noise,1,4.0,3.975886821746826,5.0,1,99,0.39477805846194985,0.31926794225316646,0.3570230003575582,0,0,0.0,0,0,0,101,0,16.01762104034424,99,99,1,P1,0.39477805846194985,0.31926794225316646,0.3570230003575582
soapbox,3,sam2video,C1_fog_noise,1,4.0,3.975886821746826,5.0,1,99,0.5132636407763274,0.3952877643946647,0.454275702585496,0,0,0.0,0,0,0,101,0,16.159245252609253,99,99,1,P1,0.5132636407763274,0.3952877643946647,0.454275702585496
soapbox,1,sam2video,C1_fog_noise,1,5.0,4.527290344238281,5.0,1,99,0.3882646048275295,0.25632606249672213,0.3222953336621258,0,0,0.0,0,0,0,101,0,15.865116357803345,99,99,1,P1,0.3882646048275295,0.25632606249672213,0.3222953336621258
soapbox,2,sam2video,C1_fog_noise,1,5.0,4.527290344238281,5.0,1,99,0.03850423299917794,0.09314620238102565,0.0658252176901018,0,0,0.0,0,0,0,101,0,15.857676267623901,99,99,1,P1,0.03850423299917794,0.09314620238102565,0.0658252176901018
soapbox,3,sam2video,C1_fog_noise,1,5.0,4.527290344238281,5.0,1,99,0.14312936807248747,0.1227627885182084,0.13294607829534794,0,0,0.0,0,0,0,101,0,15.954866886138916,99,99,1,P1,0.14312936807248747,0.1227627885182084,0.13294607829534794
