seq,degradation,level,frame_stride,n_frames,n_frames_min_landed,severity_mean,severity_max,arms_present,iqa_psnr_mean,iqa_psnr_std,iqa_psnr_p10,iqa_psnr_p90,iqa_ssim_mean,iqa_ssim_std,iqa_ssim_p10,iqa_ssim_p90,iqa_laplacian_var_mean,iqa_laplacian_var_std,iqa_laplacian_var_p10,iqa_laplacian_var_p90,iqa_dark_channel_mean,iqa_dark_channel_std,iqa_dark_channel_p10,iqa_dark_channel_p90,iqa_contrast_mean,iqa_contrast_std,iqa_contrast_p10,iqa_contrast_p90,iqa_entropy_mean,iqa_entropy_std,iqa_entropy_p10,iqa_entropy_p90,iqa_tenengrad_mean,iqa_tenengrad_std,iqa_tenengrad_p10,iqa_tenengrad_p90,iqa_saturation_mean,iqa_saturation_std,iqa_saturation_p10,iqa_saturation_p90
bike-packing,C1_fog_noise,3.0,1,69,69,3.0022406578063965,3.8971047401428223,"dagrs,greedy,sam2video",7.866133099203293,1.4909939812545947,6.156099676824931,9.92109245986123,0.24368445767881486,0.09625234279867076,0.1342121293630104,0.3859343018728895,2135.7995101265287,928.3053799233265,1003.2281982421875,3483.613232421875,0.48386150771293085,0.03168033010649213,0.43903703689575196,0.521816611289978,28.651802726413894,2.5284959113090473,25.461963653564453,31.563452911376952,6.807580138288604,0.13937074463155064,6.624674213582771,6.95502134396803,4064.2852199388585,618.7925024543609,3275.932177734375,4969.3564453125,0.13730190564756808,0.015637143808550746,0.11694345474243165,0.15809288620948792
bike-packing,C2_lowlight_blur,3.0,1,69,69,3.0022406578063965,3.8971047401428223,"dagrs,greedy,sam2video",12.960687228241353,1.4435023444463089,11.364512094003839,15.25966058479663,0.3494395061865867,0.0837988674866399,0.2584369670347743,0.4859566656666191,47.966107714003414,19.189372856889054,29.020419311523437,74.04602813720703,0.04569530044344888,0.013393528598776221,0.030716238543391228,0.06607092022895814,34.152932429659195,6.484396221454655,25.26944046020508,42.80298767089844,6.103045713945277,0.49443686835650996,5.48635071292463,6.7873713740033415,1945.6041613592618,901.5444190441642,945.2073486328126,3411.8611328125003,0.3512155474096105,0.017208540928241464,0.33110572695732116,0.37369648218154905
bike-packing,C3_rain_snow,3.0,1,69,69,3.0022406578063965,3.8971047401428223,"dagrs,greedy,sam2video",7.880830562401857,0.9173990880223613,6.804553864140885,9.131201084344195,0.42916967695387676,0.06293748899448676,0.3497794188251261,0.5137557568211565,108.40157052744989,15.14294249280923,90.96214294433594,129.92080688476562,0.6337583894314973,0.04597039772759519,0.5739033222198486,0.6916390895843506,19.660314518472422,2.2429180013113315,16.79062843322754,22.17666702270508,6.19474327513162,0.23155358080238203,5.920373724194192,6.478654670882014,2316.0420045714445,259.06072132246226,1983.3493408203126,2637.237255859375,0.023124768412199573,0.0068386562493636775,0.015177594870328904,0.03220759704709053
bike-packing,C4_fog_blur_noise,3.0,1,69,69,3.0022406578063965,3.8971047401428223,"dagrs,greedy,sam2video",7.787128773854942,1.4644340679873287,6.104829545732444,9.800003192257229,0.15561988294422716,0.06988328881295724,0.08052663687897359,0.2650779490598801,2039.4665456578352,967.6950839291546,822.6086059570313,3436.68427734375,0.49189052158507746,0.0296827009894536,0.4499902665615082,0.5282147765159607,27.588794984679293,2.4469997331713684,24.581173706054688,30.364205551147464,6.7486582346409865,0.13513432939865186,6.5801115380894855,6.887017634347767,2842.439490276834,946.8315569269504,1763.3813720703124,4256.64111328125,0.13668983224509418,0.01581391348882547,0.11609865128993987,0.1577746033668518
bike-packing,clean,1.0,1,69,69,1.0,1.0,"dagrs,greedy,sam2video",99.0,0.0,99.0,99.0,0.9999999999999352,5.758288091477601e-15,0.9999999999999266,0.9999999999999413,891.6651929772419,151.51294574191002,690.1876708984375,1111.810595703125,0.14969236803227576,0.0056150108169894155,0.14240522384643556,0.1578105479478836,55.07263769619707,1.5970365301459433,52.6346549987793,57.10713348388672,7.54084593062995,0.03186393503693761,7.486973638635105,7.568499974966317,13452.974906589674,1860.7064888979328,11584.26875,16048.51640625,0.17429542390332706,0.006372453399411589,0.16655100584030152,0.18290845155715943
bike-packing,dust,3.0,1,69,69,3.0022406578063965,3.8971047401428223,"dagrs,greedy,sam2video",11.073153113095822,1.238320985880675,9.522436847223247,12.866766788011757,0.6415295593793963,0.05165480112514617,0.576272617835152,0.7109123903257276,230.34715558480525,55.801249820294004,165.01729431152344,316.3896850585937,0.42555084867753845,0.02518050190930686,0.390463125705719,0.46120795607566833,32.75623058927232,2.4517451442201468,29.799663543701172,35.90663146972656,7.033527088307641,0.1098820702396931,6.892318420740739,7.167404634858154,3485.9558423913045,840.9651097932231,2562.015478515625,4657.76044921875,0.2119786950989046,0.03550870429875364,0.1624845892190933,0.25769702196121214
bike-packing,fog,3.0,1,69,69,3.0022406578063965,3.8971047401428223,"dagrs,greedy,sam2video",7.936736703877614,1.4321655546367187,6.192680427674931,9.919352384631805,0.494219236166755,0.07279613703419655,0.4047962809802926,0.591728391271021,107.00921746958856,45.41668480324147,59.73528366088867,178.66602478027346,0.6250871851824332,0.07495669970028943,0.5287057995796204,0.7223410964012146,27.15768617823504,2.948257524821782,23.316624450683594,30.841967391967774,6.630089636688758,0.24861731277275237,6.284153498606004,6.948250095944305,1636.1894195114357,699.5653172065652,920.8259033203125,2648.9567871093755,0.030825464999762135,0.010124322459805213,0.018210459500551224,0.04379696995019913
bike-packing,lowlight,3.0,1,69,69,3.0022406578063965,3.8971047401428223,"dagrs,greedy,sam2video",13.199045705334228,1.4931318881119364,11.530689448189245,15.552859243687028,0.3138157573103892,0.10166790347308756,0.20001295840685943,0.4761126104726789,1660.3752600628397,231.70281428863353,1347.9194091796876,1995.7638427734375,0.010466204507384395,0.007559437184636813,0.0027446357067674398,0.022185401245951652,39.109247539354406,5.700123048812052,30.792917251586914,46.66377334594726,6.340350008256219,0.3774503620976871,5.873469554331312,6.886448087866569,9851.644651551178,1961.0870218226041,7508.505859375,13264.0689453125,0.682639359564021,0.07956113985133031,0.5589364409446717,0.7731633663177491
bike-packing,motion_blur,3.0,1,69,69,3.0022406578063965,3.8971047401428223,"dagrs,greedy,sam2video",23.03778371470445,1.2586538521827708,21.383453783903004,24.673379490050365,0.665842918340578,0.053091815007467916,0.5960072949275478,0.7450453252847866,45.53808295208475,17.413993416127166,26.36454658508301,72.26998901367188,0.20271606527376865,0.008834809032113733,0.19000345170497895,0.21190409660339354,50.24190200584522,1.831340459853723,47.36223449707031,52.28780746459961,7.464919808416666,0.03671942009940167,7.407306193556218,7.500459617927869,2867.1281402145605,850.1737385558745,1912.4176757812502,4200.5052734375,0.1685805212760317,0.00666667892082995,0.1610621690750122,0.17789876461029053
bike-packing,rain,3.0,1,69,69,3.0022406578063965,3.8971047401428223,"dagrs,greedy,sam2video",10.54637271250142,1.3482158788007574,8.866719847695029,12.482597861885727,0.600185871130957,0.06899750055421065,0.5133305779021843,0.6883051625875336,217.9657296443331,50.459978081000756,160.5904998779297,293.6562927246094,0.4958840768406357,0.04841880989470352,0.428896301984787,0.561605715751648,31.73790669095689,2.3764794780087453,28.921805572509765,34.760354614257814,6.988693536860761,0.1112544544954023,6.846390384306857,7.131859077289225,3670.578945878623,585.7580746034038,3106.213720703125,4472.59296875,0.05013882768326911,0.009912064996276882,0.03681225925683975,0.06260751634836197
bike-packing,sensor_noise,3.0,1,69,69,3.0022406578063965,3.8971047401428223,"dagrs,greedy,sam2video",25.29072631495585,2.272267335129943,22.467418029562005,28.673981763488317,0.5432372545369736,0.09597370916193608,0.4300599352197342,0.6845665804002884,2835.8932273975315,980.981675435156,1690.0609619140625,4183.621484375,0.07046196588139603,0.020914827271244326,0.0451165497303009,0.09827866554260253,55.594441842341766,1.5459786717693402,53.42096939086914,57.64356155395508,7.619773519019219,0.03083579695120036,7.57698805746685,7.652043275630403,15636.503524116848,2265.3203691766944,12733.4638671875,19164.546875,0.39946962525879126,0.05076156607862588,0.32976703643798827,0.4628265380859375
bike-packing,snow,3.0,1,69,69,3.0022406578063965,3.8971047401428223,"dagrs,greedy,sam2video",11.4656856756941,1.236224940620442,9.87167583861169,13.235965503134338,0.6340832420598668,0.05631069935508344,0.5585479921197626,0.707611613811748,299.24203646010244,47.12202377043668,239.82492370605468,367.7572937011719,0.45719398709311,0.03903788131751525,0.40367924571037295,0.5110046863555908,34.271729953047156,1.924886611040704,31.94912796020508,36.776956939697264,7.085000305236551,0.08818729999891288,6.979266179624956,7.190798487500029,5594.027612658514,643.5451735176678,4815.25361328125,6305.869238281251,0.05785000119088353,0.008928247952468674,0.04538258761167526,0.06849323362112046
bike-packing,underwater,3.0,1,69,69,3.0022406578063965,3.8971047401428223,"dagrs,greedy,sam2video",12.556591639462102,0.48537865973910166,11.924833624047954,13.292831893984623,0.5930235746191894,0.0593238263830919,0.5150421743204779,0.672767641695466,73.40849381598873,37.29592039233733,34.49106903076172,132.8785339355469,0.06757166090866794,0.0030883552430764037,0.0641520768404007,0.07200353592634201,15.324221445166547,3.8625798233237076,10.998015213012696,21.116395568847658,5.753216838465313,0.3182664208671501,5.354476145941866,6.178513750600449,1093.392265872679,575.0640168024885,506.01397094726565,2010.8589599609375,0.5943170669286147,0.07147071224357454,0.4840906858444214,0.6771365761756897
blackswan,C1_fog_noise,3.0,1,50,50,3.0,3.898238182067871,"dagrs,greedy,sam2video",8.365106856170344,1.5336307736200736,6.608404827678307,10.59084879224155,0.2551524574512593,0.10387399594748781,0.13973434756172717,0.40817697505932926,2079.9852746582033,946.7515092604126,926.6248107910156,3399.3725830078124,0.4896059066057205,0.03292617046934226,0.44004281759262087,0.5247894525527954,27.02026523590088,2.050741658921335,24.596205520629884,30.100306129455568,6.72754019130102,0.14150209974304553,6.551581729091385,6.935353112054453,3450.7400341796874,758.7386062694758,2626.1594970703127,4598.898095703125,0.14706620216369629,0.008790542446866187,0.13583974838256835,0.15962282419204712
blackswan,C2_lowlight_blur,3.0,1,50,50,3.0,3.898238182067871,"dagrs,greedy,sam2video",12.68601329127092,1.521951754300269,10.99603626430659,14.974017076009863,0.3301735925168666,0.09260540040671879,0.23092851937667477,0.45926159672299466,31.824675254821777,11.177851404951285,20.146885490417482,47.39195175170899,0.05855879060924053,0.014347173799460327,0.04120480492711067,0.07929806411266327,37.86637413024902,6.884842045627209,28.489068412780764,47.97622566223144,6.340748833060328,0.5003851815920008,5.674020173558959,6.980257685877324,936.7098370361329,533.4889322964724,364.34157104492186,1604.7461425781253,0.46326008915901185,0.0237034910120389,0.4261042594909668,0.48750842213630674
blackswan,C3_rain_snow,3.0,1,50,50,3.0,3.898238182067871,"dagrs,greedy,sam2video",8.388384750635682,0.9489068463890141,7.236553219317231,9.61586269149586,0.4607772471128911,0.06528473871412127,0.37946300138007155,0.5442612814207887,82.20643280029297,7.636671294319496,73.69770965576171,91.02273254394531,0.6343902397155762,0.048365632558565325,0.5742576718330383,0.69552640914917,18.535862884521485,2.179294932770326,16.273880195617675,21.288603591918946,6.093230606437539,0.25779963183266147,5.7041920108987805,6.408480078238711,1952.4704956054688,241.76640660433483,1653.1230712890624,2296.3565673828125,0.04626156646758318,0.014607110840717882,0.02913870047777891,0.06604050695896149
blackswan,C4_fog_blur_noise,3.0,1,50,50,3.0,3.898238182067871,"dagrs,greedy,sam2video",8.310882161946477,1.5134477179977175,6.5713860760120575,10.497266613953606,0.1664937040518171,0.07354762694789807,0.08750270977258251,0.27109860278465286,2028.683515625,969.468183748004,828.9571472167969,3373.0146728515624,0.49727288603782654,0.030138541505136906,0.45172912776470187,0.5293783843517303,26.337620162963866,1.972860946657687,23.896249198913573,29.309745597839356,6.6953660712443765,0.13624952090797948,6.532999391326996,6.897542977080801,2666.3328491210937,1032.9070574340278,1461.500439453125,4150.676953125,0.14642998486757278,0.008896785411378396,0.13509621620178222,0.15924588441848755
blackswan,clean,1.0,1,50,50,1.0,1.0,"dagrs,greedy,sam2video",99.0,0.0,99.0,99.0,0.9999999999999839,1.3122253787660638e-15,0.9999999999999818,0.9999999999999853,459.92613403320314,54.671112040615974,389.9829559326172,527.6890625,0.14598415523767472,0.00340650405210437,0.14106284230947494,0.1498347595334053,52.07374465942383,2.642843183034161,48.477515029907224,55.76917839050293,7.503371311685795,0.05965228246209877,7.416441879435958,7.568280091834213,8203.720205078125,628.7227318372809,7607.7685546875,9153.934765625,0.37272883236408233,0.0032229632058988424,0.3685475468635559,0.37660898864269254
blackswan,dust,3.0,1,50,50,3.0,3.898238182067871,"dagrs,greedy,sam2video",11.684727192495162,1.2127503283730339,10.20080235711241,13.371777173904153,0.6844945833860123,0.04984825632508954,0.6189134059267838,0.748438599587216,123.78123153686523,29.17670556440155,88.43599853515624,167.99845428466796,0.42637978196144105,0.025534437955142913,0.3913524866104126,0.46002099812030794,30.732342948913573,2.512529022484168,27.48487205505371,33.624586486816405,6.941700648911839,0.11707378461766091,6.793417866680882,7.08118711012052,2185.772177734375,497.2700874151242,1616.6853881835937,2890.300732421875,0.23571568518877029,0.023623142468366762,0.20649975687265396,0.26701484620571136
blackswan,fog,3.0,1,50,50,3.0,3.898238182067871,"dagrs,greedy,sam2video",8.488452066604244,1.4337540667002802,6.778221851080808,10.571266787805998,0.5378873403548414,0.07081609082261045,0.44818281730656945,0.6320640836243583,59.04424919128418,24.55205653790243,31.6119441986084,95.76544952392578,0.6207672464847565,0.07463869678333314,0.5169575154781342,0.7177655637264252,25.319208602905274,2.6849156109526646,22.117901039123534,28.95005168914795,6.536513941892517,0.2454130929825484,6.252625153493947,6.842038640866184,1047.6982934570312,430.2257015046194,582.9481323242187,1712.2261108398438,0.06439982764422894,0.021096983570321047,0.03857235535979271,0.09504033774137496
blackswan,lowlight,3.0,1,50,50,3.0,3.898238182067871,"dagrs,greedy,sam2video",12.743497478686491,1.56723207166284,11.005266747996227,15.106336534565292,0.29122295729092146,0.11478271982441283,0.16538690317126956,0.46790186271510026,1375.9402563476563,216.95734836354032,1104.0546264648438,1647.0319213867188,0.024565527215600014,0.013133357661351923,0.009024161659181119,0.04324730336666107,40.33612590789795,6.642128781903093,31.11584758758545,50.047607040405275,6.614849749553149,0.37370068524168315,6.113128734439316,7.10373857335266,5210.70341796875,1165.1520269064147,3828.661865234375,7025.304296875001,0.6992959439754486,0.06242274792897742,0.6064090013504029,0.7700079381465912
blackswan,motion_blur,3.0,1,50,50,3.0,3.898238182067871,"dagrs,greedy,sam2video",25.180003850662892,1.2206306958760158,23.675267754427892,26.505541336820237,0.6538967961703345,0.05999133681618389,0.5820956529404909,0.7328178401289357,27.70015911102295,16.286780198126802,12.188891792297364,51.79777984619142,0.19995604544878007,0.008534393780537258,0.19009070992469787,0.21157905012369155,49.1961491394043,2.8720257082817064,45.07202377319336,53.45632705688477,7.408997426943028,0.07405318395679694,7.297582386824217,7.50334694595757,1657.2040747070312,618.8981870269947,956.5233276367187,2704.3914794921875,0.3605069875717163,0.004719899183213218,0.35396947264671325,0.3664532989263535
blackswan,rain,3.0,1,50,50,3.0,3.898238182067871,"dagrs,greedy,sam2video",11.131015757536684,1.3308978861634164,9.489621153981007,12.97447993559055,0.6411357816057426,0.06883535199733405,0.5526529602492549,0.7276142563546057,124.40713775634765,24.071362490845413,94.83915557861329,160.3256408691406,0.49100740492343903,0.04810589841922021,0.4256134867668152,0.5528562128543854,29.726188621520997,2.385001577429259,26.761681747436523,32.49667587280273,6.896398312414763,0.11584156581891748,6.753630513035516,7.032268883484285,2525.2190063476564,298.11829767654336,2236.99970703125,2856.6257080078126,0.10471216157078743,0.021203502909662355,0.07700817063450813,0.1341446191072464
blackswan,sensor_noise,3.0,1,50,50,3.0,3.898238182067871,"dagrs,greedy,sam2video",25.211158252646378,2.3092711739853033,22.37266208161164,28.583079427163327,0.5434359511491889,0.10518907716102585,0.41657312804925795,0.6984410362241742,2480.943395996094,984.8289707410606,1300.4751831054687,3894.7759277343753,0.0830112299323082,0.014801768990159095,0.06306067109107971,0.10310831442475318,52.917213668823244,2.4840275405686123,49.86599006652832,56.10152015686035,7.573558439314643,0.054326546944106595,7.516020809824412,7.640871905853836,10571.54224609375,1270.6683800551818,8925.5017578125,12200.9369140625,0.44856483697891236,0.027217809624899572,0.4139842242002487,0.4848218232393265
blackswan,snow,3.0,1,50,50,3.0,3.898238182067871,"dagrs,greedy,sam2video",12.048651374183903,1.2219407964605398,10.487343685415079,13.73034890064063,0.6733098870406734,0.05591568056277508,0.5973446167010186,0.7452814267365754,186.69979705810547,18.504328005833983,155.35195770263672,207.64187774658203,0.45224846243858335,0.038739824894719804,0.4001910388469696,0.5030136227607727,32.29922260284424,1.957557672842906,29.55698356628418,34.66761817932129,6.997777076573713,0.09426145741022399,6.876048471292577,7.121263669548911,4217.516552734375,463.34279043857896,3651.5624267578123,4875.158740234375,0.12108138620853424,0.019118565471577392,0.09555883035063743,0.14722391813993455
blackswan,underwater,3.0,1,50,50,3.0,3.898238182067871,"dagrs,greedy,sam2video",11.968904276118396,0.49144407473051605,11.214220222734225,12.61835596319955,0.5737906948044409,0.0610398294159256,0.4983946921785929,0.6570728565201983,41.16875377655029,21.326467367357733,18.443521118164064,79.89972229003907,0.0736626835167408,0.004975350726263333,0.06894109398126602,0.0814567230641842,14.522207717895508,4.1394174976994105,9.948174381256104,20.401445579528808,5.669884251483322,0.3244798813945337,5.269294300011009,6.115104957160487,707.3862722778321,378.37250734292553,291.0672088623047,1337.84697265625,0.5871121019124985,0.0668129011628943,0.4912620663642883,0.6656657159328461
bmx-trees,C1_fog_noise,3.0,1,80,80,3.0,3.8998892307281494,"dagrs,greedy,sam2video",8.70103435837385,1.4651010001223468,6.670995783715566,10.58205965543549,0.2569073650520547,0.09478742623335487,0.14594403328575328,0.3932902623840497,2073.5250175476076,965.2038852402675,893.4038879394532,3435.2384033203125,0.4897591020911932,0.03272987414300704,0.43996531069278716,0.5245212852954865,26.766873693466188,2.5241956624320103,23.6634313583374,29.88456916809082,6.702623977378795,0.13782170392156665,6.546923480335989,6.880135686187978,3270.938247680664,1034.5697158079295,1925.4502197265624,4667.0619140625,0.1593257412314415,0.01704962987043243,0.13962771147489547,0.1862663596868515
bmx-trees,C2_lowlight_blur,3.0,1,80,80,3.0,3.8998892307281494,"dagrs,greedy,sam2video",12.33822061092638,1.7194286666564513,10.144726832065507,14.959132940569516,0.3808811791541744,0.12590967521177615,0.23205651871352884,0.5547476398873286,33.29635193347931,11.870751007080791,20.291875457763673,47.81510276794435,0.04962949571199715,0.013368543222933743,0.03605881743133068,0.07519276812672615,38.287071108818054,6.895991758976244,29.217104721069337,48.752738571166994,6.56856193627552,0.43293807483280716,5.99957888531476,7.130749487572945,1046.1430072784424,516.976225003197,492.7030914306641,1683.310327148439,0.5086087930947543,0.05049309732500158,0.46762325763702395,0.6027396023273468
bmx-trees,C3_rain_snow,3.0,1,80,80,3.0,3.8998892307281494,"dagrs,greedy,sam2video",8.76431883819694,0.9879541888498802,7.256352038804356,9.99184708998716,0.47218205969879373,0.08636973896915881,0.3338632780885344,0.5735643004563684,78.46686835289002,24.14410314482145,50.032484436035155,114.07763977050783,0.6337304294109345,0.048051383834506356,0.567938482761383,0.6910651385784149,18.560671758651733,2.3658745845492914,15.259244537353515,21.97592697143555,6.071983204739238,0.26207766537510385,5.695362810532698,6.398936156568232,1847.622738647461,422.4433147155905,1352.076953125,2425.4931884765633,0.0612632813397795,0.028014588733569483,0.03351585008203983,0.10802621990442277
bmx-trees,C4_fog_blur_noise,3.0,1,80,80,3.0,3.8998892307281494,"dagrs,greedy,sam2video",8.649918580527283,1.4562224227110525,6.623542386261174,10.53568474249281,0.181225864027624,0.0826732222937381,0.08278470805643344,0.2940496235805573,2028.0588539123535,969.1203254285383,819.7942199707031,3394.0742675781253,0.4962674744427204,0.03201662819727699,0.44716188609600066,0.5303861558437347,26.14826908111572,2.4775807030254606,23.27850799560547,29.04492225646973,6.671763230659613,0.13629959253453133,6.520558263122387,6.85212017395039,2656.1737258911135,1061.7479891606397,1448.823486328125,4185.371240234375,0.15823015179485084,0.017174913437989374,0.13835512697696686,0.1853763848543167
bmx-trees,clean,1.0,1,80,80,1.0,1.0,"dagrs,greedy,sam2video",99.0,0.0,99.0,99.0,0.9999999999997102,3.4693703124117464e-13,0.9999999999991148,0.9999999999999583,472.8317255973816,392.6211418531832,127.31142807006836,1160.1179931640627,0.15385477021336555,0.02776809506573271,0.12054333910346031,0.19499053955078124,54.05858073234558,6.494647316754612,45.28233337402344,63.199713134765624,7.595089391895584,0.10587916642691164,7.432771699291015,7.704508529911062,7319.622686767578,3556.851425116137,3441.472021484375,13100.7294921875,0.39259740002453325,0.05698207531609681,0.3321792304515839,0.4980493098497391
bmx-trees,dust,3.0,1,80,80,3.0,3.8998892307281494,"dagrs,greedy,sam2video",12.059925713782892,1.2811004333093718,10.365136454489592,13.916928763235576,0.6850362344694233,0.06602793174872476,0.5814181836542993,0.7616096876246734,120.87451026439666,89.99317803081863,32.336136436462404,250.57193450927753,0.43393403142690656,0.02991402790322305,0.3960669070482254,0.47592935860157015,31.125712323188782,3.8363057258655786,26.151223182678223,36.28835830688477,6.923717593232952,0.17999603106486453,6.654162559182917,7.149664827664894,1897.6755111694335,867.7712511184845,839.0647399902343,2975.1896240234382,0.25310077629983424,0.02799934825176002,0.20615171790122985,0.2780353873968125
bmx-trees,fog,3.0,1,80,80,3.0,3.8998892307281494,"dagrs,greedy,sam2video",8.822695185178826,1.4828613517154414,6.895619956535068,10.96144898803695,0.5451418717870515,0.09225664859646963,0.40464027050830664,0.6590709336133216,53.95199784040451,38.107434549631634,13.930111408233643,108.71016464233401,0.6237811774015427,0.07683772868617232,0.5127693772315979,0.7207158148288727,25.076277208328246,3.4623527370056504,20.598947715759277,30.113888168334963,6.472451625936712,0.27144931505502556,6.081412898388967,6.829448970223283,877.1548952102661,457.6336227806804,333.47393798828125,1382.1280761718758,0.08069993020035326,0.0371769040120039,0.04447437673807144,0.1360106438398362
bmx-trees,lowlight,3.0,1,80,80,3.0,3.8998892307281494,"dagrs,greedy,sam2video",12.375351343728825,1.7280071734922726,10.145842155061738,14.978070809140567,0.31950049022760957,0.10755667844277957,0.19096651971645565,0.46178163409544853,1471.2011344909668,376.0362805110981,993.7453918457031,1967.32666015625,0.013206125141005031,0.010164837587903505,0.002469036588445306,0.0308522688224912,40.96087687015533,6.374886046837495,32.49650344848633,50.52015495300293,6.7782805900637415,0.3380547062724288,6.356997600878104,7.236838907433325,5411.135977172851,1387.0386986758824,3711.6471923828126,6912.335302734375,0.7132675059139728,0.06044137182544764,0.6094977259635925,0.7777064085006714
bmx-trees,motion_blur,3.0,1,80,80,3.0,3.8998892307281494,"dagrs,greedy,sam2video",26.181151342730743,2.879415502892183,22.485146668136068,29.959604191573447,0.6973231051296798,0.14005190419640431,0.47569486936276356,0.8610830460750984,25.316011521220208,18.748399562163744,6.313873815536499,53.711333465576196,0.20284888707101345,0.027576978775003397,0.16060514748096466,0.2375989317893982,51.40019106864929,6.157768138583294,43.81329612731933,59.42509155273437,7.520335354534145,0.10271082157692643,7.3811309810656,7.643200133107752,1615.9073524475098,639.4224077656143,916.16240234375,2458.664819335939,0.37931026257574557,0.06100845728144919,0.3190467357635498,0.49836095571517947
bmx-trees,rain,3.0,1,80,80,3.0,3.8998892307281494,"dagrs,greedy,sam2video",11.488378266953646,1.3926911871940229,9.655451079195956,13.495811177382194,0.64619440570606,0.07886955779847996,0.5288227179895317,0.7425049871977761,118.88617227077484,78.50138446054464,43.604338836669925,238.47788085937512,0.4951410748064518,0.05181737319999674,0.4262190967798233,0.5649178266525269,30.066781306266783,3.608062859494197,25.478662300109864,35.14866142272949,6.878251304487203,0.17428410037073389,6.629395565101249,7.104346685076106,2196.6586601257322,863.3341644469483,1261.2749145507812,3532.37998046875,0.12664589136838914,0.043193839639106286,0.08574504256248475,0.1983459979295731
bmx-trees,sensor_noise,3.0,1,80,80,3.0,3.8998892307281494,"dagrs,greedy,sam2video",25.273154459259523,2.311747314663956,22.45456826573993,28.642546486114362,0.5373860801831233,0.1032835433737129,0.37479467742733513,0.6720682765816954,2468.256695556641,1164.8096046949092,1117.0462036132812,4076.861596679688,0.08791605196893215,0.019576718083218973,0.06283830776810646,0.11433859914541245,54.76733527183533,6.361475469197596,46.00152473449707,63.8516242980957,7.667468262571019,0.10239606913809526,7.499721129368882,7.774656686981697,9641.092694091796,4032.049344620585,5100.483642578125,16092.519628906251,0.46775193475186827,0.05480108707918461,0.3980745792388916,0.537586110830307
bmx-trees,snow,3.0,1,80,80,3.0,3.8998892307281494,"dagrs,greedy,sam2video",12.400070389915081,1.287653863187746,10.701592896695681,14.267560336747037,0.6747737483359222,0.06540473639046233,0.5799356095822513,0.7499731989096307,182.88456010818481,103.87422990521804,83.98187866210938,348.35982971191413,0.4566985499113798,0.043443705855480276,0.39841188788414,0.5186284422874451,32.78951890468598,3.617002597476929,28.210024642944337,37.41402244567871,6.99625214148536,0.16251606998430784,6.771202291580524,7.1950299346995825,3840.871716308594,1232.0444645542425,2421.1072509765627,5697.47939453125,0.14438014598563315,0.043378957452197775,0.10473468527197838,0.2206095948815346
bmx-trees,underwater,3.0,1,80,80,3.0,3.8998892307281494,"dagrs,greedy,sam2video",11.165548899174643,0.4952117446459566,10.66630978831304,11.852443236127437,0.5581023180597967,0.07373810767286208,0.45641125206483046,0.6508233409296017,34.60457553863525,23.170425902918293,9.051905059814453,58.6270622253418,0.07934937328100204,0.007742092357141999,0.06883735805749894,0.08981698006391525,15.144926345348358,4.250326644293064,9.70176420211792,21.03309955596924,5.779688019020535,0.38088314902312365,5.244097212697334,6.292993581904497,559.1136332511902,334.1878471596535,204.2258056640625,980.900085449219,0.5722007490694523,0.07479667822651404,0.47309593856334686,0.6620536744594574
breakdance,C1_fog_noise,3.0,1,84,84,3.000000238418579,3.8995096683502197,"dagrs,greedy,sam2video",8.740394514896831,1.5008238291384093,7.003663672706062,10.916790843462358,0.2878028301577772,0.10362539272590555,0.1703446611588624,0.4432592212150684,2219.7195579892114,896.5910136170285,1116.6084716796875,3487.300146484375,0.48827821229185375,0.030444642780862827,0.44441477954387665,0.5216607987880707,27.70420787447975,2.491727044909147,24.597568893432616,31.10555953979492,6.761754277917953,0.14139819995608743,6.589750248091732,6.9497174170339076,4819.578668503535,492.3004687143968,4267.16826171875,5501.0974609375,0.14261443407407828,0.012186562614857446,0.12872341573238372,0.15977078378200532
breakdance,C2_lowlight_blur,3.0,1,84,84,3.000000238418579,3.8995096683502197,"dagrs,greedy,sam2video",12.03593279167339,1.550133569494313,10.314584375435699,14.439852211384684,0.3442714087137131,0.09951089232821007,0.22889717411016466,0.4955871381374251,89.43600550152007,56.21735678403837,43.63893051147461,179.65060577392578,0.05338641659667095,0.015389618838993743,0.03606826551258564,0.07625880762934685,35.78654911404564,5.892479635867224,27.60360794067383,43.2823371887207,6.564103802852179,0.39461433002352714,6.054997284417776,7.0696291222035,3084.9865918840683,1569.2380320389184,1366.3144287109376,5165.910400390625,0.3824109314453034,0.017380850619767615,0.3589533090591431,0.4016670972108841
breakdance,C3_rain_snow,3.0,1,84,84,3.000000238418579,3.8995096683502197,"dagrs,greedy,sam2video",8.753109054210077,0.9412884764737848,7.627345421779648,10.00598646183293,0.4542139649569854,0.06858188935116669,0.37157494433391686,0.5445185062419814,157.95347567967005,36.564362336805466,119.22422103881836,205.51992645263672,0.6337779661019644,0.048088821569784744,0.5706537902355194,0.6902332365512848,19.04032091867356,2.2145144378401342,16.68100700378418,22.204155731201173,6.134578325295403,0.2417904471710292,5.837139571040828,6.463033614238748,2709.8831961495534,241.60604449547301,2410.27421875,2993.01044921875,0.03709240863099694,0.010887056533255588,0.02446423675864935,0.05143302194774151
breakdance,C4_fog_blur_noise,3.0,1,84,84,3.000000238418579,3.8995096683502197,"dagrs,greedy,sam2video",8.604166799956479,1.45533535119304,6.919021805927063,10.715034264265325,0.1685832156194713,0.0739928191236528,0.08728912395819141,0.28307778397759426,2040.0220954531715,967.8502898943959,835.9869262695313,3414.77138671875,0.5009483226708004,0.027187095356799616,0.4623599320650101,0.5296899735927582,26.217731589362735,2.3799777233216615,23.515631103515624,29.580926132202148,6.674840689807975,0.1338530746644884,6.508163081398998,6.857383596648153,3007.9562029157364,866.3618385363382,2035.1671752929688,4297.444970703125,0.14153509737835043,0.012464248151649454,0.12737729102373124,0.1592516526579857
breakdance,clean,1.0,1,84,84,1.0,1.0,"dagrs,greedy,sam2video",99.0,0.0,99.0,99.0,0.9999999999999428,4.051082685714081e-15,0.9999999999999384,0.9999999999999485,1554.3597717285156,51.62775586955351,1489.2601928710938,1611.2540649414063,0.14756592788866588,0.004632093413463317,0.1428292438387871,0.15623189508914948,55.763893626985094,1.1558354080266708,54.320408248901366,57.6100570678711,7.655547361472081,0.026285989993034407,7.628231266220271,7.704853461667536,19125.48486328125,559.2638205459479,18392.1865234375,19905.00390625,0.2667687020841099,0.006623872685640942,0.2597622901201248,0.2768607348203659
breakdance,dust,3.0,1,84,84,3.000000238418579,3.8995096683502197,"dagrs,greedy,sam2video",12.000339639476861,1.2582649551385798,10.479374825310018,13.74762220968774,0.6817608746430841,0.05217744694971031,0.613202412070967,0.7503918147338733,413.6745759873163,98.47568907728558,292.37644958496094,543.7910949707032,0.4299460763023013,0.02663133305244578,0.3955970823764801,0.4650433510541916,31.88828824815296,2.907704274018317,28.299279403686523,35.56197929382324,6.990712854557889,0.13572073489045527,6.822508917698343,7.154079849133743,5055.096534365699,1185.8780999726034,3499.282275390625,6772.230712890625,0.21507441997528076,0.03420830757105874,0.17062267661094666,0.2588090240955353
breakdance,fog,3.0,1,84,84,3.000000238418579,3.8995096683502197,"dagrs,greedy,sam2video",8.801347128848937,1.4685740794609452,7.0452361688020915,10.898866388690971,0.5294002666320634,0.07834223140851292,0.43198068471238243,0.6375823562699255,196.04761577787855,88.52518445282092,95.91611099243164,323.89794921875006,0.6245039509875434,0.07761212243441962,0.5225409805774689,0.7242126822471618,25.42146146865118,3.35685652699583,20.66896171569824,29.523624229431153,6.553772026783825,0.26298784061519964,6.209150427164666,6.877804933143503,2389.704158238002,1068.898737986541,1132.3952270507814,4003.458642578126,0.0493331041763581,0.015563047339964402,0.030665042437613012,0.07133512943983078
breakdance,lowlight,3.0,1,84,84,3.000000238418579,3.8995096683502197,"dagrs,greedy,sam2video",12.350820803709569,1.6298898871725056,10.532110062077033,14.874589309979596,0.3649747499756505,0.11685863418842386,0.2307255054270829,0.5412373533041482,2464.6113804408483,171.24322988494362,2198.78525390625,2651.6412109375,0.009771863662449289,0.007859319056144795,0.0020607248065061872,0.023257408104836945,42.52729474930536,4.804691415393364,36.25419044494629,48.57232475280762,6.7237390133871395,0.34362224379303274,6.293596781990224,7.1790112443279845,15666.203531901041,1970.5419836661883,13107.83505859375,18122.7837890625,0.6486950339305968,0.0920324369915822,0.5201557278633118,0.7609868347644806
breakdance,motion_blur,3.0,1,84,84,3.000000238418579,3.8995096683502197,"dagrs,greedy,sam2video",21.47039705306891,1.1489478897211154,20.12373321284286,23.10548140941105,0.6041418984366697,0.06800864065951981,0.5155681259515686,0.6941567003991598,66.48577708289737,32.54022635283071,36.25865859985352,93.19881286621096,0.22181807972845577,0.01112851496083711,0.20738059431314468,0.23589710742235184,49.10235018957229,2.0034063450437687,46.37118415832519,51.580623626708984,7.550146707982138,0.0444196129411301,7.496391711359246,7.613947821724609,3681.7919573102677,1203.4844536954254,2265.8509765625,5131.551806640626,0.24580996944790795,0.008177745029820082,0.23464039117097854,0.25625806748867036
breakdance,rain,3.0,1,84,84,3.000000238418579,3.8995096683502197,"dagrs,greedy,sam2video",11.467161402814767,1.371368575470187,9.823133371115924,13.358257045931104,0.6426144124464126,0.0699132628130958,0.5518321655495081,0.7330129746261015,379.25369408017116,95.6126170732542,264.116552734375,507.712973022461,0.49459805694364367,0.05063622733142493,0.4312625199556351,0.560205626487732,30.742201805114746,2.843646036487416,27.363434982299804,34.393021774291995,6.939746919092065,0.1369970490327936,6.776844888380869,7.111112764623863,5011.644932338169,881.313011294724,3903.86875,6313.644677734375,0.0786102239840797,0.014684500785144465,0.06009811572730541,0.09821821823716163
breakdance,sensor_noise,3.0,1,84,84,3.000000238418579,3.8995096683502197,"dagrs,greedy,sam2video",25.320984732093024,2.3023155662932284,22.468807402372814,28.65226146623537,0.6116005019110393,0.08958480312017852,0.5023947465877596,0.7394601803501315,3467.632571265811,927.2153176461562,2301.713623046875,4788.911962890625,0.08312184461170719,0.01999695036102437,0.056014465913176534,0.10831315070390701,56.03441856020973,1.0907643857181288,54.77951202392578,57.77137908935547,7.716119035632209,0.02550904470539946,7.689341109793502,7.757401357991668,21094.52271670387,1203.6373533979358,19648.06640625,22912.46796875,0.3884836123103187,0.03655922794520337,0.3415445894002914,0.4362981766462326
breakdance,snow,3.0,1,84,84,3.000000238418579,3.8995096683502197,"dagrs,greedy,sam2video",12.385357203050974,1.2615148453874856,10.79328254588986,14.133015205686574,0.6757940327631948,0.056288447805326075,0.6001673847114339,0.7504575971609918,494.13410913376583,78.11033096370414,396.63767395019534,591.9309448242187,0.45559957268692197,0.040986129772437124,0.4049880266189575,0.5089721739292145,33.6053595769973,2.1980443116406785,30.6955659866333,36.401618576049806,7.054997980868739,0.10974403504432892,6.910845458105061,7.181743958041762,7218.167067754836,602.7881140342442,6442.757275390625,8025.0255859375,0.09005945193625632,0.01300129579368013,0.0736832432448864,0.10703057572245599
breakdance,underwater,3.0,1,84,84,3.000000238418579,3.8995096683502197,"dagrs,greedy,sam2video",11.271766090085501,0.527767626564061,10.737017925328294,12.066417756726997,0.5501156932511462,0.06772356994864988,0.46740924532830164,0.6418436529094589,129.8563833690825,68.28306231450682,55.217491149902344,227.62185363769532,0.07028494101195108,0.003202817688701604,0.06677645742893219,0.07524317800998688,15.582545053391229,4.440129955203642,10.306215763092041,21.44760971069336,5.819313746045901,0.39986463074589274,5.300590930927056,6.327449974551885,1566.944335210891,827.3730604787461,681.7008850097657,2735.69345703125,0.5910555046229136,0.07089600141848454,0.4869149386882782,0.6737755239009857
camel,C1_fog_noise,3.0,1,90,90,3.0,3.899909496307373,"dagrs,greedy,sam2video",11.721929918549408,1.5521644699799633,9.839752457307032,13.866732159604362,0.336876536289058,0.11733941855618903,0.19610268563108377,0.5032636318952423,2176.916204155816,846.7168750160746,1155.78154296875,3371.3052001953124,0.5526004996564653,0.019032989649723445,0.5267016410827636,0.5745202004909515,26.404595141940646,4.061514970762957,21.506700325012208,31.954593086242678,6.545123129682016,0.17706295032427857,6.321828941899601,6.793681268813461,4628.714154730903,408.7104287260152,4139.277685546875,5199.658642578125,0.13157955275641547,0.011452320540792382,0.11753495261073113,0.14700453579425812
camel,C2_lowlight_blur,3.0,1,90,90,3.0,3.899909496307373,"dagrs,greedy,sam2video",11.360967411069488,2.0216086936867415,9.024033135945695,14.454490722703182,0.4000478046803493,0.08892901051304263,0.29312990604079214,0.5421868772113976,80.8902843899197,37.79117818997624,46.07111740112305,120.43764953613284,0.18846317960156334,0.03774047488407187,0.14262484312057494,0.23889845013618471,52.534593963623045,6.09591870766344,44.80706100463867,60.326393508911146,7.403495747182043,0.16010419529054243,7.180771172801408,7.60615107137678,2534.466142442491,1215.5773187303867,1202.551806640625,4076.6378417968763,0.3774451835287942,0.02450052737647571,0.3442308515310287,0.40659559071063994
camel,C3_rain_snow,3.0,1,90,90,3.0,3.899909496307373,"dagrs,greedy,sam2video",11.810556589139907,0.9018961534941936,10.749961973046556,12.975214695678178,0.5281224509015886,0.06879398779780047,0.44742967122518745,0.6244859187875794,142.6780365837945,33.57204150179729,107.4579231262207,189.93557891845705,0.6755696482128567,0.038059768129236615,0.6237169623374939,0.7263430118560791,18.463167646196155,3.0543777632111944,15.041851425170899,23.317237091064456,5.872299299225329,0.28990508977075957,5.4873163010528865,6.268003836274117,2240.4159912109376,253.31346165390033,1946.022998046875,2518.7502929687503,0.04358513229009178,0.012438404597188504,0.02841720525175333,0.06056716367602349
camel,C4_fog_blur_noise,3.0,1,90,90,3.0,3.899909496307373,"dagrs,greedy,sam2video",11.483806914658079,1.4616026440837242,9.726372186623868,13.507263618903655,0.18408091739322754,0.07437147188122505,0.10417506326632893,0.30296159817946905,2002.0009589301214,924.4725432139934,839.1914367675781,3277.9580810546877,0.5695114698674943,0.013513497039905753,0.5498531818389892,0.5864189445972443,25.078034019470216,3.9006475119068287,20.425088500976564,30.352505493164067,6.493891857427385,0.17800796469735114,6.273312505815459,6.746383724827985,2831.3971652560763,848.2691996303762,1845.1186889648438,4067.2637207031253,0.13098510429263116,0.011678038505791617,0.11681687384843827,0.14660721868276597
camel,clean,1.0,1,90,90,1.0,1.0,"dagrs,greedy,sam2video",99.0,0.0,99.0,99.0,0.9999999999999948,1.4305180470562174e-15,0.9999999999999921,0.9999999999999959,1523.459332953559,133.4648312563136,1356.161328125,1665.2635009765625,0.307679405146175,0.01043154759640247,0.2960244596004486,0.3247446924448013,64.73650987413194,2.1911315304388626,62.14281234741211,68.43351135253906,7.647226288394006,0.014615676617702307,7.627962052848382,7.667705783886161,17789.788953993055,713.2962004919325,16586.0763671875,18421.176171875002,0.25849741250276564,0.007597882804817861,0.2484222963452339,0.26950797736644744
camel,dust,3.0,1,90,90,3.0,3.899909496307373,"dagrs,greedy,sam2video",15.128737429717454,1.1982461486328346,13.644330477053895,16.650415199360108,0.758222989104095,0.047007967762668836,0.6987376675933858,0.8177892695116833,401.50489095052086,83.63444212957587,301.45164489746094,513.6807006835938,0.4966480741898219,0.01602811105950563,0.47641984820365907,0.5175641059875489,33.90506543053521,3.9049960404860324,28.760979461669923,39.464975738525396,6.786722206419581,0.17475831094995223,6.5555339752191975,7.0166051811521335,4674.020152452257,981.8922638947342,3375.888916015625,5944.127685546876,0.2407163401444753,0.027579480326942518,0.20344458967447282,0.2759306043386459
camel,fog,3.0,1,90,90,3.0,3.899909496307373,"dagrs,greedy,sam2video",11.863382095539588,1.4275971885187555,10.1407306602271,13.833128136304593,0.613819679322852,0.07464159821910356,0.524838696344356,0.7145250254945231,188.24577882554797,75.07795448129768,100.87262268066407,294.03482666015634,0.6782326261202495,0.06285131793761782,0.5942230999469758,0.7588894784450532,24.133180978563097,4.463349981178952,18.54621982574463,30.247068977355962,6.083522256445983,0.4073747691388021,5.540170748946051,6.603816138628489,2194.1278483072915,896.8702009747863,1123.8286499023438,3506.320068359375,0.05733025641077095,0.01726840765592166,0.037662215158343317,0.08205816745758057
camel,lowlight,3.0,1,90,90,3.0,3.899909496307373,"dagrs,greedy,sam2video",11.578156071664544,2.122982922390913,9.110949718122397,14.832597369783052,0.4834560491394378,0.11950780507545065,0.3334926228312625,0.6471996650354073,2681.545297580295,376.6742170424607,2180.1271240234373,3162.582763671875,0.08844053554866049,0.04255007894505204,0.038274433091282846,0.14608116149902345,57.138483895195854,5.402045144720926,50.067395782470705,64.30074615478516,7.5051917913941555,0.13287840663553221,7.324414713572797,7.669813660814533,15022.29189453125,1648.1535760738982,12765.70498046875,17460.4109375,0.491004451447063,0.06015712457792896,0.41229098439216616,0.5674562990665436
camel,motion_blur,3.0,1,90,90,3.0,3.899909496307373,"dagrs,greedy,sam2video",22.02499867137435,1.0059666091682389,20.860924190263816,23.46062972774849,0.5300996622801974,0.07022412342012403,0.4391358647808307,0.640216449058332,69.4812395731608,28.28070034934402,41.9100944519043,101.80379562377934,0.4199499570661121,0.015350487969814575,0.4000092536211014,0.44129752516746523,60.07055172390408,2.6913691420293735,56.998382568359375,64.43276977539062,7.599938604284734,0.025354156689901174,7.56649491759795,7.638234092493115,3100.6174207899307,1037.174679637761,1836.3135620117187,4395.137841796875,0.24508221546808878,0.007390116554170799,0.235272616147995,0.2557526022195816
camel,rain,3.0,1,90,90,3.0,3.899909496307373,"dagrs,greedy,sam2video",14.558074289766488,1.286015364915966,12.963429671031314,16.218909676190528,0.727974947824704,0.061468997043717194,0.6538354589342098,0.8052810359963455,361.5243277655708,83.34842002423729,263.5694061279297,476.7497100830078,0.5711861815717485,0.03907684799538467,0.5211631953716278,0.6232799112796784,32.01207898457845,4.037960895123878,26.783717727661134,37.91433753967285,6.723180098731022,0.17420595724913376,6.492192026179056,6.951359966046268,4431.84593641493,825.659557211404,3361.97109375,5551.1251953125,0.0893656835373905,0.01588747929831578,0.06985066011548043,0.11098348572850228
camel,sensor_noise,3.0,1,90,90,3.0,3.899909496307373,"dagrs,greedy,sam2video",25.32045986369627,2.2874181318067324,22.506225297860773,28.644256296065496,0.6498867829197097,0.09155668188243696,0.535617776690749,0.773221365027845,3469.585462782118,953.599289677459,2323.8526123046877,4727.593798828125,0.2541305030385653,0.02242987070005459,0.22112858146429062,0.27870911359786993,65.18612954881456,2.120481109467048,62.65622177124023,68.70172729492188,7.742183828374262,0.029304703366636615,7.701505002518182,7.781487118255386,19939.6873046875,1228.6307232204172,18691.5001953125,21731.9015625,0.30133881602022383,0.018241917731495205,0.27758401036262514,0.32451147139072417
camel,snow,3.0,1,90,90,3.0,3.899909496307373,"dagrs,greedy,sam2video",15.42420610108389,1.1822086991023575,13.920343901019711,16.947363151638186,0.7526325774412553,0.05029003488072039,0.6894536840722807,0.8183216824779094,469.7222405327691,69.79864189477722,384.4091369628906,566.6345886230469,0.5398127896918191,0.03108657216151692,0.5006617605686188,0.5822331845760346,35.49333926306831,3.3887315454427203,31.031682395935057,40.21495933532715,6.888450850243726,0.13644958820604727,6.704083781177093,7.071936558497798,6223.107796223959,577.8573512265092,5490.724072265625,7013.417138671875,0.1013607144355774,0.013945036822810753,0.0834292434155941,0.12008774653077126
camel,underwater,3.0,1,90,90,3.0,3.899909496307373,"dagrs,greedy,sam2video",7.461747434728329,0.5526749805329614,6.854263244816163,8.320478361275324,0.47544780579128587,0.0788807893923522,0.3899611183001407,0.5911039021097058,127.5783684624566,63.25384281917972,59.025933837890626,216.33423004150393,0.1067953692542182,0.0175673995211809,0.08933390155434609,0.13376917988061907,18.83875338236491,5.65037976938086,11.976283168792724,26.294247436523438,6.152092948901518,0.42682497896178573,5.567891076221312,6.697630502981637,1478.7137051052518,753.7526654728732,640.2408813476562,2547.7285644531253,0.5617215341991848,0.08375922211190312,0.4365519344806671,0.6594666540622711
car-roundabout,C1_fog_noise,3.0,1,75,75,3.005295515060425,3.8974721431732178,"dagrs,greedy,sam2video",9.790451169068666,1.5743797722977657,7.866506954569594,11.960773630987381,0.2967189715650816,0.1102573611210948,0.1678292434334382,0.46394175005114496,2179.943116861979,895.5800911667204,1094.419775390625,3428.62373046875,0.5135887070496877,0.025788451185946824,0.4731738865375519,0.5424334764480591,26.28677314758301,2.6620138364137413,23.26828498840332,30.215078353881836,6.637608178309992,0.14714129363947043,6.476862727318353,6.858052050030241,4891.422399088542,500.35836490952187,4259.879296875,5603.1172851562515,0.13097285568714143,0.01620016972215716,0.10950326770544053,0.15118686556816102
car-roundabout,C2_lowlight_blur,3.0,1,75,75,3.005295515060425,3.8974721431732178,"dagrs,greedy,sam2video",11.26583275278681,1.7276073015413314,9.321538060115437,13.882463129256353,0.3920826958476394,0.10155464562609798,0.2704451942914319,0.534239945803365,71.32370223999024,47.330528231254775,32.698157501220706,124.66339874267584,0.10018367121616999,0.0271346000904052,0.06697428226470947,0.13780809044837952,34.31495913187663,7.1894701227890945,25.058380126953125,44.643817901611335,6.733801823985138,0.36395597039628735,6.276284634320128,7.241059683716664,2656.2433561197918,1522.073405938686,878.6656127929688,4768.277441406255,0.2693643538157145,0.028840692657740502,0.2314661532640457,0.29702721834182744
car-roundabout,C3_rain_snow,3.0,1,75,75,3.005295515060425,3.8974721431732178,"dagrs,greedy,sam2video",9.911081467143848,0.9548474792809404,8.713103499039665,11.294452948954085,0.5348845395506601,0.0606793217948104,0.4590745534129725,0.6202945703116768,130.89515421549478,24.841656866602527,105.96429443359375,170.2379028320313,0.6572105058034261,0.04201173017656916,0.599098014831543,0.7097328782081604,17.9964656829834,2.076940587598826,15.544733238220214,20.680424880981445,5.957761058144697,0.2579097393846733,5.628424596710483,6.276057102081725,2621.7552180989583,267.30658484569017,2297.581689453125,3002.8124023437504,0.023010289097825685,0.008805689974350238,0.013043922558426856,0.03688217550516129
car-roundabout,C4_fog_blur_noise,3.0,1,75,75,3.005295515060425,3.8974721431732178,"dagrs,greedy,sam2video",9.620456471084987,1.5134341924935928,7.778501764785161,11.702831143714342,0.1833258705057452,0.07929438103949601,0.0949587405816537,0.29967869063940994,2042.0337939453125,958.5325101616095,833.3952514648438,3383.4647949218756,0.5275591917832693,0.021959167848602138,0.4913249909877777,0.5512981057167053,24.777325846354167,2.502883213808581,21.7480525970459,28.1383358001709,6.557591273491912,0.13856137882938477,6.39714937425509,6.7635267197022255,3008.220712890625,856.6678236489612,2031.990576171875,4269.31611328125,0.13019533465305963,0.016422259841083052,0.10843701362609863,0.1507388174533844
car-roundabout,clean,1.0,1,75,75,1.0,1.0,"dagrs,greedy,sam2video",99.0,0.0,99.0,99.0,0.9999999999999674,2.5836872077698093e-14,0.9999999999999377,0.9999999999999858,1227.9015543619792,132.4617532442614,1082.543603515625,1415.650390625,0.23598738869031272,0.010580229333156005,0.21779237687587738,0.24593107402324677,55.834556376139325,2.336783375790249,53.08941879272461,59.88207015991211,7.609277489473457,0.07836221664445232,7.537894743742106,7.7578851320493705,19902.819921875,1767.523051188023,17775.412109375,22361.5875,0.16323560376962026,0.030206136428062434,0.14084447920322418,0.21599296629428866
car-roundabout,dust,3.0,1,75,75,3.005295515060425,3.8974721431732178,"dagrs,greedy,sam2video",13.031650471210506,1.3362368599504675,11.339365288391836,14.766435223860734,0.7442468117831867,0.04536607659541975,0.6869197262299284,0.8068051145775904,321.90432312011717,84.26826348847494,222.22312927246094,436.5661621093751,0.47228643417358396,0.020917901474945027,0.4442058324813843,0.49646220207214353,30.91733662923177,2.9419067882129175,27.29301338195801,34.49219284057617,6.85469950784468,0.15237383729375317,6.65523452497161,7.034124871321053,5193.246432291667,1275.8709684187486,3623.51962890625,6829.073144531251,0.18602273444334666,0.03992718538240665,0.13064964413642882,0.2345316857099533
car-roundabout,fog,3.0,1,75,75,3.005295515060425,3.8974721431732178,"dagrs,greedy,sam2video",9.877603252975417,1.5279226357542652,8.051147555887693,11.919441045163177,0.6115025796607881,0.06661684173149275,0.5297815324353229,0.7050925412721094,151.5974582417806,68.78495553900403,73.46350708007813,247.17644042968752,0.6553235626220704,0.07037718768941845,0.5595097064971923,0.7414689779281617,24.073780949910482,3.380124267263247,19.763996887207032,28.80952186584473,6.3399230802951765,0.29329216095032634,5.9779941217880745,6.709949387731512,2439.205110677083,1070.2169730115168,1217.625927734375,3966.3277343750005,0.030662347127993903,0.012563621123219008,0.01678327061235905,0.04832712411880495
car-roundabout,lowlight,3.0,1,75,75,3.005295515060425,3.8974721431732178,"dagrs,greedy,sam2video",11.523934017024903,1.8125594601840336,9.476190075993237,14.263817502517758,0.3689162311376798,0.12253852971685152,0.22516416710422044,0.5436905026531208,2100.9835286458333,244.5542821083245,1700.936328125,2394.134521484375,0.032734068557620045,0.026911038533333095,0.0025092702358961104,0.07300872206687928,40.32934908548991,6.347923519400148,32.41993255615235,50.00195083618165,6.936467702448557,0.29683094761934653,6.566904034597328,7.35951785205789,13542.601263020833,2972.0977945383556,10303.871484375,18478.937109375,0.5297238890329997,0.08821749914201844,0.40499110221862794,0.638268232345581
car-roundabout,motion_blur,3.0,1,75,75,3.005295515060425,3.8974721431732178,"dagrs,greedy,sam2video",21.55126045121047,1.2526828209182785,20.09049957528048,23.243246123735247,0.6364746243464097,0.06426182030069245,0.5568654324820708,0.7375736509166783,70.65437024434408,58.350700903920064,24.728225326538087,150.44980163574223,0.3109271780649821,0.016595042841750635,0.291215717792511,0.33255723118782043,49.34643020629883,2.7540736347317885,46.65618209838867,54.02375946044922,7.478132296257359,0.10285394693757745,7.388390919628761,7.670951348830096,3896.0400634765624,1690.7393012070959,1975.7029052734374,6598.6564453125,0.1512075185775757,0.030218349406723372,0.12994606494903566,0.20391630530357363
car-roundabout,rain,3.0,1,75,75,3.005295515060425,3.8974721431732178,"dagrs,greedy,sam2video",12.607258509314441,1.4194919532359176,10.846201358738263,14.444536993868464,0.7069559793198202,0.06361233426311463,0.624460322299053,0.7899351422747231,295.6455017089844,79.91517005391407,202.19545288085936,403.34276123046885,0.5380169200897217,0.046249520910918704,0.47542279958724976,0.5955959916114807,29.693755289713543,2.9005541080219785,26.2069953918457,33.39631576538086,6.80457708924431,0.1492621868414164,6.614687516166775,6.979190649086857,5036.8588671875,1013.8525838599306,3793.457568359375,6366.135253906251,0.0489991922924916,0.014680244473316399,0.03309432044625282,0.07076855450868608
car-roundabout,sensor_noise,3.0,1,75,75,3.005295515060425,3.8974721431732178,"dagrs,greedy,sam2video",25.208162617678145,2.3123009471496068,22.363133498049617,28.57502371913508,0.5760698875845096,0.09367297470703176,0.46251666520425344,0.707460010776212,3218.5346435546876,945.0275897592082,2027.213037109375,4533.11962890625,0.15399377326170605,0.019849817064256717,0.1294281542301178,0.18168705105781555,56.45530227661133,2.279547279953681,53.447575378417966,60.130922698974615,7.697339127434454,0.0715568551488791,7.596579085901929,7.8086621251823045,22114.879401041668,1965.9666858664557,18968.227734375,24190.79609375,0.30208735704421996,0.0404028933503098,0.24529834389686583,0.35190662145614626
car-roundabout,snow,3.0,1,75,75,3.005295515060425,3.8974721431732178,"dagrs,greedy,sam2video",13.520071007410914,1.305744542795745,11.825496733091885,15.191442369158553,0.7316299833736273,0.0517780108853208,0.6624069394105729,0.8005658336536056,395.06327677408854,69.05919875147316,310.8929870605469,491.5881774902344,0.5033743886152903,0.038015958625096276,0.4525998294353485,0.5508057236671448,32.63998448689779,2.3523592988515265,29.994815063476562,35.56460266113281,6.940673421713644,0.12236070821566342,6.783455790818217,7.086325409997789,7208.17357421875,840.1443760596358,6480.55263671875,8389.3642578125,0.05607579121987025,0.01497955127421634,0.04045880362391472,0.08037867397069932
car-roundabout,underwater,3.0,1,75,75,3.005295515060425,3.8974721431732178,"dagrs,greedy,sam2video",10.401537386269219,0.5869849591058034,9.702159946120714,11.342002349445472,0.5497814905077995,0.06025603109864421,0.48523230993250877,0.6394562379921083,104.34583999633789,56.25771551661165,43.465956115722655,183.46354980468752,0.07935494840145112,0.00694705363984222,0.07286594659090043,0.09046073257923126,15.84128968556722,4.673354607648497,10.372834968566895,22.572977066040043,5.862793567754571,0.44775059861835714,5.282048036373982,6.4239761566815075,1647.4596565755207,878.0281144355222,689.449462890625,2860.1661621093754,0.6209214091300964,0.06509114231370212,0.5263366341590882,0.6947537064552307
car-shadow,C1_fog_noise,3.0,1,40,40,3.0,3.8968522548675537,"dagrs,greedy,sam2video",10.657933121849078,1.7478695864153342,8.644727337673901,12.926130122973905,0.29312284769365266,0.11180768838669777,0.17155095877337534,0.4574001141817403,2073.3732833862305,914.7242242868865,952.9573608398438,3364.1875244140624,0.5472439050674438,0.015214414603380725,0.5321920454502106,0.5618741512298584,27.748534059524538,3.1302839848546764,23.873104095458984,32.20915184020996,6.743270270023653,0.16778969627782708,6.5178738673838135,6.986069080633292,3836.380230712891,592.0458372882571,3247.86630859375,4711.33193359375,0.1250506630167365,0.01835630669112327,0.1001697912812233,0.1491827890276909
car-shadow,C2_lowlight_blur,3.0,1,40,40,3.0,3.8968522548675537,"dagrs,greedy,sam2video",11.740848751367105,1.7662667927905513,9.775894658090852,14.363798154594543,0.42836387562506195,0.10537567913387486,0.30755112184628025,0.5713454016071688,48.402955055236816,19.23809566115983,32.05164813995361,73.63109588623048,0.1688069634139538,0.04915239764066492,0.10226167365908623,0.24465828984975815,57.845477199554445,7.136085437829094,47.469683456420896,67.59340362548828,6.998955817657932,0.4127940467432218,6.367888334722978,7.515045336290439,2378.1418518066407,983.2012834915952,1118.6474365234376,3607.88037109375,0.2795148178935051,0.032118071875466406,0.22675819396972657,0.3156181812286377
car-shadow,C3_rain_snow,3.0,1,40,40,3.0,3.8968522548675537,"dagrs,greedy,sam2video",10.851855612122726,1.2291705954812981,9.030412710404656,12.491964030620805,0.5974142547706283,0.06829189210871897,0.5099883052706715,0.6828541947501494,85.72716178894044,5.979972737332195,77.03288116455079,93.24572448730468,0.6817037731409072,0.0337371664190366,0.6375423014163971,0.7225107252597809,19.88734996318817,2.7169693950365765,16.765630531311036,23.24482078552246,6.154293776296787,0.24039700758327598,5.847170064629375,6.446765609031119,1981.3561157226563,177.79797380328566,1800.2164794921875,2274.4119140625,0.024898463883437215,0.007173034533227737,0.016861107759177686,0.03648203983902931
car-shadow,C4_fog_blur_noise,3.0,1,40,40,3.0,3.8968522548675537,"dagrs,greedy,sam2video",10.520751601176183,1.6908217362291393,8.558514603879896,12.705936780273317,0.19645143783028574,0.08113024667302943,0.10799071713041339,0.3080966109799046,2008.5400421142579,948.9073404124781,837.8256591796875,3337.8003173828124,0.5596353799104691,0.013468184665814448,0.5466045439243317,0.5739184796810151,26.828853034973143,3.039844328434858,22.98050479888916,31.174880981445312,6.692103121002818,0.16433550476499217,6.466742253936181,6.931270642409776,2702.313180541992,977.8638681222304,1542.765185546875,4080.727880859375,0.124696646630764,0.018549455080220836,0.09966607764363289,0.14916217923164368
car-shadow,clean,1.0,1,40,40,1.0,1.0,"dagrs,greedy,sam2video",99.0,0.0,99.0,99.0,0.9999999999999926,1.876982985716355e-15,0.9999999999999897,0.9999999999999947,591.6901580810547,15.8971422511297,576.6628540039062,610.4468322753906,0.3409766316413879,0.03417384507466415,0.2975795745849609,0.38439383208751676,66.5677059173584,1.323803601026049,65.0921859741211,68.27958145141602,7.557612447538569,0.02174889343248689,7.5267241321678995,7.5841313039297,11439.98349609375,433.5119225196647,11054.19833984375,11882.484765625,0.1744827453047037,0.02270678369213102,0.13900031596422197,0.20040523111820222
car-shadow,dust,3.0,1,40,40,3.0,3.8968522548675537,"dagrs,greedy,sam2video",13.811317170445955,1.5292586343881767,11.79276664627041,15.938302513756659,0.7965189438799676,0.04586465522965543,0.7375230795686079,0.8594542125801828,154.12544479370118,37.35438317676794,109.5665397644043,206.40965270996094,0.5287567175924778,0.013924904072216361,0.5087467193603515,0.5434599280357361,35.67051725387573,3.3139707668923784,31.65886344909668,39.94366188049317,7.02071927238824,0.10465807189804757,6.888464702566592,7.15240487992829,2974.575646972656,756.5985812291636,2125.42333984375,4020.8108642578127,0.14972811602056027,0.0486766418304297,0.08486840799450875,0.21257026493549347
car-shadow,fog,3.0,1,40,40,3.0,3.8968522548675537,"dagrs,greedy,sam2video",10.874745572464992,1.7496230224610017,8.508868423578539,13.299886482575255,0.6746754091719952,0.07026265470058946,0.5875874124229226,0.7688581292199616,73.20283918380737,33.15280336056427,35.719491958618164,124.15699996948243,0.6868965566158295,0.05769205497538437,0.6101320505142211,0.7519396126270295,26.332938623428344,4.045582633797316,21.31448154449463,31.935621643066405,6.52331810828732,0.28101278815313335,6.180049010591978,6.869615178250969,1415.047770690918,657.3071416753069,701.345263671875,2402.7850585937504,0.03344726748764515,0.010450921847745822,0.023533920757472515,0.048619616776704795
car-shadow,lowlight,3.0,1,40,40,3.0,3.8968522548675537,"dagrs,greedy,sam2video",11.850420760839516,1.8032206991799014,9.858951101375707,14.549045748734015,0.38426630605663803,0.10768746399986459,0.2573322219553982,0.5292395880463969,1914.4905548095703,302.9397894139825,1504.9735595703125,2307.1583740234373,0.07610349073074758,0.0404595229647786,0.02648653890937567,0.1372427448630333,61.95126371383667,6.615347831672552,52.31581764221191,71.14612579345703,7.239360355240516,0.280753632299523,6.802119719160611,7.589766156147977,13527.836108398438,1595.5950316601545,11576.365234375,15638.24013671875,0.4836622342467308,0.11060382332615136,0.32745609879493714,0.6284480273723603
car-shadow,motion_blur,3.0,1,40,40,3.0,3.8968522548675537,"dagrs,greedy,sam2video",23.630859467580205,1.2345211953492334,22.28088484397607,25.64986893766732,0.7084262963728357,0.0507607699365348,0.6576797499255604,0.7838521031485183,30.556357908248902,25.236872382177996,11.43074312210083,58.78486099243165,0.412112670391798,0.034775362184866,0.3705337196588516,0.4527663797140121,63.337613105773926,1.5829668780571107,61.31233367919922,65.7305923461914,7.54378083493131,0.04507103957954424,7.500370600427598,7.6319579045079475,2202.7021209716795,990.4706545587468,1093.2448608398438,3576.02109375,0.1689320333302021,0.021686501320574727,0.13592092841863632,0.192727667093277
car-shadow,rain,3.0,1,40,40,3.0,3.8968522548675537,"dagrs,greedy,sam2video",13.58069059787137,1.6190615424499597,11.403228715301012,15.783299928899716,0.7573843214649694,0.06772274271694366,0.6679125075627137,0.8457407723652497,147.53212718963624,32.79415802285455,109.57450714111329,194.8835876464844,0.5850177988409996,0.0345468187773461,0.5365147113800048,0.6308574557304383,33.89911308288574,3.474209507020226,29.843341255187987,38.56090888977051,6.96384553273344,0.1151705523637624,6.822327582708257,7.113435491772267,3074.6034545898438,478.9757054671376,2540.73896484375,3775.9076171875004,0.054331382364034654,0.010415493199990253,0.04420795738697052,0.07079008147120476
car-shadow,sensor_noise,3.0,1,40,40,3.0,3.8968522548675537,"dagrs,greedy,sam2video",25.301256805694674,2.3265247158409124,22.447656621956344,28.62253741714663,0.4992939774994987,0.10198194690227443,0.38011490271281434,0.6381677764029763,2538.711285400391,944.0042158495361,1365.820703125,3869.846142578125,0.23419558815658092,0.054316971885713466,0.15475693345069885,0.31463035345077517,66.8616153717041,1.1721322148384254,65.54034881591797,68.28624649047852,7.682226729429075,0.028939214224081702,7.642740612718761,7.718648023573944,13534.99267578125,1000.4827039771368,12154.966015625,14756.66171875,0.256500581651926,0.04510773996493976,0.19126389920711517,0.31847643554210664
car-shadow,snow,3.0,1,40,40,3.0,3.8968522548675537,"dagrs,greedy,sam2video",14.480257597301165,1.499331519910469,12.411494956889387,16.55105703391016,0.7783520787495085,0.054238010532628035,0.7067422873842767,0.8534091064461827,212.21460723876953,21.349153618381486,179.305810546875,237.90003967285156,0.5556759387254715,0.028246908850476884,0.5136734187602997,0.5930042147636414,37.397304916381835,2.741453994191416,34.27074127197265,40.81661796569824,7.074240711197694,0.08382848366986033,6.972499993157768,7.1829272702578475,4687.82222290039,380.7033767801204,4145.05478515625,5103.981689453125,0.06267491355538368,0.009788061481244259,0.0516724981367588,0.07832096219062805
car-shadow,underwater,3.0,1,40,40,3.0,3.8968522548675537,"dagrs,greedy,sam2video",8.885227049315017,0.6612265061897327,8.082123758043899,9.81231091843407,0.5893376125387658,0.048674621071979444,0.5306026583177164,0.6623055472805883,50.19291172027588,25.29328979701494,21.83742485046387,84.64879989624025,0.09619377329945564,0.0166422569764158,0.07872898131608963,0.12425261214375496,19.096841669082643,5.884478472475095,12.060439777374267,28.115026473999023,5.952323984829849,0.3935368864541987,5.454794192266632,6.509423254071116,956.4246490478515,506.37648785351104,388.6006256103516,1702.9622802734375,0.6506261318922043,0.05578876956015006,0.570328688621521,0.7133195579051972
cows,C1_fog_noise,3.0,1,104,104,3.0,3.899272918701172,"dagrs,greedy,sam2video",10.691829538741732,1.5985658996114611,8.762558073566682,12.927925683159922,0.35911717709641905,0.12448232853271816,0.21286706180715603,0.5410498196571736,2276.3404376690205,858.5406274897942,1235.6226806640625,3520.698413085938,0.5073472298681736,0.031626590121283445,0.46009532511234286,0.5429592788219452,22.46675029167762,1.5606794409097295,20.388053703308106,24.19326686859131,6.412239821666495,0.080956295851232,6.30545518704758,6.502609256553455,4952.913865309495,444.2356625098333,4463.6361328125,5485.06162109375,0.13932673539966345,0.010664323481595793,0.1256633922457695,0.15383175760507584
cows,C2_lowlight_blur,3.0,1,104,104,3.0,3.899272918701172,"dagrs,greedy,sam2video",10.775023893765033,1.711229036893639,8.830929389410427,13.402999384809007,0.2635290067703634,0.09511763514777623,0.15915485363799986,0.40799925668615666,90.47627438031711,44.91161954395122,46.7355541229248,145.1805618286133,0.07873857010585758,0.02099566476897219,0.05435203202068806,0.10825108662247658,26.22788667678833,4.713732018157157,20.3085205078125,32.616384506225586,6.577697787832171,0.27578286512530276,6.203682230275249,6.923815236531987,2182.844633249136,1279.030756794159,830.8393066406251,4190.696142578126,0.3827286912844731,0.021772529791693314,0.35024077296257017,0.40611359775066375
cows,C3_rain_snow,3.0,1,104,104,3.0,3.899272918701172,"dagrs,greedy,sam2video",10.982168452277987,0.9865480673884586,9.770592804077348,12.337465686855511,0.4688807235443708,0.08076759423355641,0.36941088609692196,0.576859954799274,185.9467294399555,47.939500726220004,133.60281524658203,248.23356018066406,0.6360432637425569,0.0473950701236838,0.5716335296630859,0.6955527901649475,15.471480479607216,1.4768281627369322,13.722020721435547,17.628615188598634,5.66665005510465,0.22881857046063392,5.377303849582064,5.955821307189719,2594.621746356671,290.02753160259965,2258.84033203125,2973.9955810546876,0.04201756215367753,0.01225467634281733,0.027710015885531902,0.059169559925794604
cows,C4_fog_blur_noise,3.0,1,104,104,3.0,3.899272918701172,"dagrs,greedy,sam2video",10.465390887031646,1.5055681541986814,8.640926451120237,12.57152773409446,0.15460701239243904,0.06343463246695259,0.08662268583837852,0.24772113798828596,2034.2085283719575,959.2914557346138,836.762158203125,3398.1014404296875,0.5289414201218349,0.023121608237728863,0.4937225729227066,0.5553256392478942,20.73509267660288,1.3733058411732324,18.963812637329102,22.34251003265381,6.300335414388343,0.07737543383081996,6.199784717642584,6.3942324040752325,2852.503842867338,914.7055661710999,1788.907177734375,4203.64697265625,0.1384726631670044,0.010863886272212917,0.12477854192256928,0.15330982804298401
cows,clean,1.0,1,104,104,1.0,1.0,"dagrs,greedy,sam2video",99.0,0.0,99.0,99.0,0.9999999999999957,8.059049799016508e-16,0.9999999999999942,0.9999999999999961,2041.18797654372,44.0274342998312,1982.1075927734375,2096.43994140625,0.1509531156088297,0.003018106007346619,0.1466207817196846,0.15473192781209946,43.8998826100276,0.2372312338009692,43.513315200805664,44.212571716308595,7.366617618717841,0.030861380486625345,7.32504923721407,7.412375523477698,20120.644399789664,284.57611545883753,19783.116796875,20484.407421875,0.2472751781057853,0.005887994070051949,0.24092640429735185,0.25878487825393676
cows,dust,3.0,1,104,104,3.0,3.899272918701172,"dagrs,greedy,sam2video",14.259018783595366,1.2695228486047034,12.750677872035778,16.121156167134945,0.7339360793456264,0.05768469651698166,0.6618985626237791,0.8153179658285744,537.8227451031024,118.67751770922456,390.6957702636719,701.8974975585937,0.4324362813853301,0.026853341321083444,0.393324077129364,0.4646464139223099,24.72861961218027,1.912904901381387,22.39046268463135,27.39119701385498,6.517932582188933,0.1257037280900571,6.356982790214095,6.688976238786799,5284.270458514874,1140.437082105846,3951.5454833984377,7063.390185546875,0.23366601793811873,0.0287289878992316,0.1943490982055664,0.2711939036846161
cows,fog,3.0,1,104,104,3.0,3.899272918701172,"dagrs,greedy,sam2video",10.814384715975573,1.5419463488318728,8.966054236526665,13.168901873698186,0.5556736554821525,0.09325893711903598,0.44083439646059214,0.6912924686743485,252.40807599287766,109.58300950533649,130.7298568725586,408.7003448486328,0.6285250760041751,0.07636748115946895,0.5207430899143219,0.7234731912612915,19.819488525390625,2.220732430416326,17.03169479370117,23.01682815551758,6.051022908579925,0.23883521702698704,5.741165023039813,6.380212686731838,2473.168467595027,1057.9040445663554,1305.3620849609376,4191.382177734375,0.05516077664036017,0.017783276218165986,0.034338682517409326,0.08083177655935288
cows,lowlight,3.0,1,104,104,3.0,3.899272918701172,"dagrs,greedy,sam2video",11.05076509272338,1.8234563155908685,8.952786394945125,13.856102710188134,0.47164742685069905,0.14307984448530386,0.29430577016760223,0.6732192730987681,3002.6905188927285,185.49702169203923,2744.5299560546873,3247.5037353515627,0.007802088657626882,0.0080455723694563,0.0009726237622089684,0.021909281983971598,34.10603198638329,3.8830016177037505,29.07904396057129,39.087896728515624,6.941459276046951,0.2222269181749935,6.6424605834896795,7.208405233435785,15895.456890399639,2353.9148579147413,12814.0392578125,19006.4486328125,0.5613295453099104,0.08326404841464646,0.4508070558309555,0.6690105259418487
cows,motion_blur,3.0,1,104,104,3.0,3.899272918701172,"dagrs,greedy,sam2video",21.251751150336368,0.9156850288737651,20.175927349100363,22.453965843432318,0.44354343285219733,0.07075344446328334,0.3573395490323367,0.5400574810946998,88.71511488694411,43.06707977333938,41.33727378845215,143.59701080322267,0.28450931580020833,0.01708236713359072,0.2604720562696457,0.3081624537706375,36.3268094429603,1.2427051592860825,34.569495010375974,37.8928840637207,7.046998039720622,0.058988900769761786,6.966847459400914,7.117549964217129,3275.4000643216646,1276.502023313936,1788.3807006835937,5206.4455078125,0.23733670608355448,0.00636851115219483,0.23228644132614135,0.25082528591156006
cows,rain,3.0,1,104,104,3.0,3.899272918701172,"dagrs,greedy,sam2video",13.652973808425049,1.3951413230536975,11.990315547992202,15.666543921770574,0.6987539028925522,0.07361997620922375,0.605016637047034,0.7997948067501761,483.48014303354114,119.90786787992255,337.5858215332031,650.6885070800781,0.49875784006256324,0.05011883732253732,0.4300150334835052,0.5614309787750245,23.92897996535668,1.8345124301312123,21.75785541534424,26.588766670227052,6.478698866966651,0.1126455344598826,6.339406399404915,6.642150896840402,5050.6299062875605,934.5400764119904,4030.4434326171877,6602.609423828125,0.08718472726356524,0.01676977745669598,0.06665192097425461,0.11097522303462029
cows,sensor_noise,3.0,1,104,104,3.0,3.899272918701172,"dagrs,greedy,sam2video",25.161502949275302,2.3372893361300453,22.266276945428054,28.565592654254626,0.7169823309619244,0.0845417105208891,0.6076686413771133,0.8318406755953096,4069.602569580078,1001.7310270743662,2845.0739990234374,5490.288134765625,0.09368050284683704,0.017799257282686574,0.07112258821725845,0.11652167290449142,44.940285022442154,0.637079144313207,44.087845993041995,45.73604888916016,7.435185544846904,0.042866964998291644,7.368081002176932,7.489506784051112,22476.552640474758,1283.7088235997035,20868.8685546875,24215.2658203125,0.3280375642845264,0.026323818423292535,0.292514032125473,0.3614461928606033
cows,snow,3.0,1,104,104,3.0,3.899272918701172,"dagrs,greedy,sam2video",14.571088143430602,1.2723462962649155,12.992347419909708,16.42058771910183,0.7353777831273736,0.05879323333955956,0.6587525185791662,0.8181110111418043,622.3165391775278,98.13659139661075,505.22450866699216,759.2544067382812,0.45955739055688566,0.04052394913332482,0.4036624878644943,0.5103497922420501,26.502826929092407,1.3069054544784855,24.922207832336426,28.212409210205077,6.613928774734378,0.09228675270869666,6.50419674338159,6.739325151441675,7175.013141338642,612.7812438920508,6457.260009765625,8059.2578125,0.09947246836068538,0.014880606417653361,0.08117071241140365,0.12088760063052177
cows,underwater,3.0,1,104,104,3.0,3.899272918701172,"dagrs,greedy,sam2video",10.011937899872756,0.5142652261906974,9.467695647230723,10.82426926746042,0.4688883408823838,0.07992418732568911,0.3720225637189895,0.5853992425368646,171.2287879723769,88.63746863172216,71.89375381469726,303.78159790039064,0.07848430188516012,0.005549757710061733,0.07337205037474633,0.08756687566637993,12.911856522926918,3.9318110504673633,8.117746734619141,18.560395431518554,5.576519558421918,0.49017650659944506,4.908114736389253,6.197098591066669,1667.5228262681228,872.5400116231767,685.2288818359375,2998.580004882813,0.5708409324288368,0.07737206341868064,0.45502813458442687,0.6628285765647888
dance-twirl,C1_fog_noise,3.0,1,90,90,3.0,3.8980700969696045,"dagrs,greedy,sam2video",10.274280262417479,1.5041144395802106,8.393455490276171,12.513296893005174,0.30026844996657603,0.11198261372977152,0.167952440846437,0.4666063684121723,2098.5554124620226,925.741106840616,971.6958984375,3399.601708984375,0.5230657302671009,0.022319342738465336,0.4905636578798294,0.5515981614589691,25.54475214216444,2.7481493991956825,22.570264434814455,29.41132507324219,6.612330430899825,0.14665661452201834,6.4471846239795685,6.813185705406698,3915.8387451171875,682.0547744910139,3050.6868408203127,4839.44228515625,0.13324557774596743,0.014316329085839179,0.11489035412669182,0.151458378136158
dance-twirl,C2_lowlight_blur,3.0,1,90,90,3.0,3.8980700969696045,"dagrs,greedy,sam2video",11.280253801026506,1.783383859075511,9.298423767924925,13.915144764701882,0.3977843236671966,0.09948635453723562,0.2714666209099771,0.5371343184105073,44.42660085890028,19.05811547236464,27.42859992980957,63.08279914855957,0.1190591826207108,0.025153770998803598,0.09021212756633759,0.15833631604909898,41.53882433573405,5.964413492428209,35.23708724975586,50.907636642456055,6.794945157013028,0.28105421389669005,6.434502604657334,7.2274366054368695,1731.9036444769965,890.6070197413635,771.5672119140626,2961.2764892578143,0.3005957176287969,0.012908472470784067,0.28311890959739683,0.3151157170534134
dance-twirl,C3_rain_snow,3.0,1,90,90,3.0,3.8980700969696045,"dagrs,greedy,sam2video",10.437986892749773,0.9897565903442015,8.985489132567945,11.859287850906957,0.5381979351186627,0.06807490792293622,0.4388994844695531,0.6228090920712803,93.42507904900445,22.620099027078695,68.45283584594726,118.74993972778321,0.6611568755573697,0.04422549344809994,0.59866703748703,0.7154596984386444,17.511945417192248,2.407152751410559,14.823190212249756,21.240901374816893,5.930856805043795,0.25947408452239745,5.603112280394258,6.298284441290817,2048.2285210503474,240.07729241439017,1735.6644287109375,2329.170849609375,0.030195351565877597,0.009752311710175803,0.01849959809333086,0.04472749866545201
dance-twirl,C4_fog_blur_noise,3.0,1,90,90,3.0,3.8980700969696045,"dagrs,greedy,sam2video",10.14495978564047,1.4666035631903893,8.301602834385825,12.30893420660328,0.19093502324481307,0.07841809233029967,0.10371757288558181,0.30850206541383773,2021.8501722547744,956.5398509172658,830.0417297363281,3366.4402099609374,0.5349492798248927,0.01886973911498159,0.5069556295871734,0.5581143379211426,24.44551730685764,2.650111393295432,21.571362113952638,28.257277488708496,6.559379392357089,0.1442360062745143,6.393003436252626,6.763979448197006,2798.1760199652776,930.0490061080211,1688.7618286132813,4158.65810546875,0.13220951068732473,0.014586946467157972,0.11351330205798149,0.150945083796978
dance-twirl,clean,1.0,1,90,90,1.0,1.0,"dagrs,greedy,sam2video",99.0,0.0,99.0,99.0,0.9999999999999536,1.2169055034069512e-14,0.9999999999999376,0.9999999999999701,670.9253784179688,303.81073297238925,319.4670684814453,1159.7359863281251,0.2553118098113272,0.024813617270257427,0.2306738927960396,0.29806705415248874,55.527371131049264,5.359662851652499,45.607469177246095,60.08637924194336,7.525133638560401,0.12052852541954481,7.323512895306256,7.640259440782348,11746.814171006945,2416.8978952304137,8687.1947265625,14707.658300781251,0.2091236223777135,0.008962288575264397,0.19898540824651717,0.21933161318302155
dance-twirl,dust,3.0,1,90,90,3.0,3.8980700969696045,"dagrs,greedy,sam2video",13.56729279252134,1.281785172199427,11.751220026904704,15.245152321088316,0.7523981186286216,0.04759745534564307,0.6755549822928861,0.8076549896797856,177.16798650953504,83.87044983725161,75.60606002807617,279.93055725097656,0.4792137344678243,0.022344405007130447,0.4489018827676773,0.5105096936225891,30.098685031467014,3.4259708765777592,25.677882575988768,35.224800491333006,6.793541698088054,0.15987929459014158,6.5961343553391165,7.0108370231105654,3101.625990125868,940.0218975560897,1860.7066162109375,4248.86337890625,0.20216608494520188,0.03633219133896313,0.1521176815032959,0.2479409694671631
dance-twirl,fog,3.0,1,90,90,3.0,3.8980700969696045,"dagrs,greedy,sam2video",10.363557950886937,1.4750243406443546,8.42406900532143,12.435247753102589,0.6174915901424384,0.07136599189914869,0.5013521928602215,0.7070982103951273,83.50694896909926,49.25731774708587,27.491529273986817,137.81474304199224,0.6602313306596544,0.06898119740840594,0.5626424610614776,0.7471675336360931,22.96574985716078,3.358190217465502,18.919728088378907,27.982726860046387,6.270224777656581,0.2905354993768351,5.908238216835676,6.651104245350298,1466.3739030626084,700.7958589813064,661.4928894042969,2409.3290771484376,0.04041862727867233,0.013386805963711649,0.0243647376075387,0.057583573088049886
dance-twirl,lowlight,3.0,1,90,90,3.0,3.8980700969696045,"dagrs,greedy,sam2video",11.404195540694758,1.8350584401876053,9.362321243808212,14.128878686992213,0.3751159565688396,0.13347363890005576,0.22076606953728242,0.5678333141609253,1720.1584784613715,355.10384629869253,1238.9626708984374,2166.025170898438,0.051682354509830476,0.024331030789589942,0.02686575911939144,0.09373611584305763,45.19682405259874,5.661869365392722,38.80881195068359,54.01514205932617,7.045144034469008,0.22813872732785515,6.759313393274861,7.3903434821584195,8393.45474717882,1801.0593560642606,6119.09384765625,10565.875390625,0.5186828464269638,0.08529453189111912,0.4030081212520599,0.6282568871974945
dance-twirl,motion_blur,3.0,1,90,90,3.0,3.8980700969696045,"dagrs,greedy,sam2video",23.483584081920814,1.3721398273070542,21.708859135569195,25.571024390925267,0.6322248787778761,0.0694333041097049,0.5333073537050338,0.73013592404708,38.87329791386922,18.042594662928114,13.153551292419433,59.631538391113295,0.32807069453928206,0.021225769041845692,0.3070382118225098,0.36406524777412413,51.29775013393826,5.304192444347448,42.072392272949216,56.16170654296875,7.385926220795925,0.14402548906512616,7.149742419243239,7.516573912956781,2714.848611111111,768.2118856764174,1652.97021484375,3728.2984130859377,0.19248093780544068,0.009334070230099167,0.18041163086891174,0.2029230296611786
dance-twirl,rain,3.0,1,90,90,3.0,3.8980700969696045,"dagrs,greedy,sam2video",13.116693468461936,1.3658809462931325,11.204818499570036,14.910383041278454,0.7164011748283415,0.06261119702983552,0.6221811705489707,0.7920960481684525,167.3901788075765,74.20457949990062,80.0020034790039,255.1815399169922,0.5458841913276249,0.04629583800082835,0.48252576887607573,0.6063729405403138,28.8232664320204,3.3195013675690586,24.635311126708984,33.81193428039551,6.7465771652052124,0.15621996546934191,6.552843111163306,6.9668644024107005,3168.7305352105036,723.3024781315119,2251.96279296875,4047.49716796875,0.06465958857701884,0.013318796858099467,0.04794777669012547,0.08037540018558502
dance-twirl,sensor_noise,3.0,1,90,90,3.0,3.8980700969696045,"dagrs,greedy,sam2video",25.221817444896324,2.310714168342081,22.365761847518804,28.644454141141004,0.5719468190005037,0.11315529344443896,0.41144852837313717,0.72441991173215,2666.075158691406,1004.818566860655,1426.49365234375,4091.3079101562507,0.18350300838549932,0.022027214662440182,0.14711913466453552,0.20591933131217957,56.216207928127716,5.343340646728622,45.946630859375,60.861120986938474,7.674794592278325,0.14130471743549367,7.383817820791067,7.804531513168222,14054.83505859375,2517.9226017245155,11081.57861328125,17585.754101562503,0.31100826693905725,0.031074994475319362,0.27131001353263856,0.358446803689003
dance-twirl,snow,3.0,1,90,90,3.0,3.8980700969696045,"dagrs,greedy,sam2video",14.028028817414475,1.259546518039341,12.281533639049082,15.651051480583844,0.7394364345478696,0.05139662675736783,0.6595694871728515,0.8032532344366566,239.03328179253472,82.69870998274334,145.5720184326172,345.4238220214844,0.512214657664299,0.03884880750917365,0.46038604974746705,0.5667633414268494,31.871054204305015,3.0706031959967324,27.546132278442382,36.070747756958006,6.88252629942693,0.1393868994947052,6.683430481358896,7.058677530695142,4899.7959201388885,708.8676615488563,4017.70537109375,5899.07919921875,0.07411471067203415,0.012196729962011273,0.058017068356275556,0.08800260052084923
dance-twirl,underwater,3.0,1,90,90,3.0,3.8980700969696045,"dagrs,greedy,sam2video",9.817864507357458,0.6492208409109439,9.100216879317799,10.71416047463109,0.5334901795068021,0.06377495184930536,0.45163346167138824,0.6283996364841306,57.99643096923828,38.204391136847114,15.885443592071534,107.68666305541993,0.08720101474059952,0.008786038486859332,0.07650174722075462,0.10083988830447196,16.206353441874185,4.642743292621537,10.736104583740234,22.693984031677246,5.856980307539623,0.4449755291162086,5.254655640034415,6.450933883758774,999.7517930772569,561.6019230451577,381.4595947265625,1816.3540405273438,0.6010098626216253,0.06931618542946935,0.4976982682943344,0.6824344277381897
dog,C1_fog_noise,3.0,1,60,60,2.999999761581421,3.896777629852295,"dagrs,greedy,sam2video",11.950348014840138,1.633228005207673,9.790868525853655,14.34611093529044,0.30541196246652474,0.12095295479583251,0.1688950427083711,0.46952459183631223,2050.8953572591145,937.3594924583277,901.6296813964844,3356.8671142578123,0.553133969505628,0.018438443544135732,0.5290775120258331,0.5748351633548736,20.22486357688904,2.442370476855896,17.936935424804688,23.601884269714354,6.266716687934044,0.12823083173915653,6.144732964274367,6.458188649217734,3073.925646972656,872.3720071663168,2002.8259887695312,4240.223486328126,0.12967606435219448,0.013752458007250879,0.11268226057291031,0.1479771003127098
dog,C2_lowlight_blur,3.0,1,60,60,2.999999761581421,3.896777629852295,"dagrs,greedy,sam2video",10.68951302695563,1.976251678187532,8.499059701161451,13.611308503454659,0.4372593499732674,0.1087824211918243,0.30840433374345405,0.5920507720533447,35.72864402135213,15.8439312023297,20.982394218444824,61.95192680358887,0.13164648227393627,0.03660316708043574,0.09060286357998848,0.18567367047071456,30.417887846628826,5.281657414586349,22.902115440368654,37.88154602050781,6.743437540442153,0.29043349691778136,6.315754039617052,7.0879154650291385,953.0688079833984,612.8184566270738,345.3837005615234,1870.2001953125,0.3950990224877993,0.03479998806795272,0.3491702139377594,0.44644469022750854
dog,C3_rain_snow,3.0,1,60,60,2.999999761581421,3.896777629852295,"dagrs,greedy,sam2video",12.577194235523192,1.1927413157010667,10.786478298449149,14.433208088578652,0.6000000283875845,0.06659654787059056,0.508478144105442,0.6829289833792853,67.84310766855876,12.823715778914734,50.30140953063965,80.87281494140625,0.6778573334217072,0.04191118517438931,0.6207098603248596,0.727516257762909,14.364297914505006,1.9670979537759687,11.970499610900879,17.239161491394043,5.4928856960624435,0.30273749047618814,5.1282491034782645,5.931356433210481,1548.9661071777343,261.16759009623456,1215.4076049804687,1874.5012084960938,0.04179548751562834,0.012096557318484387,0.027296862192451955,0.058604879304766655
dog,C4_fog_blur_noise,3.0,1,60,60,2.999999761581421,3.896777629852295,"dagrs,greedy,sam2video",11.868598237607939,1.600552079562283,9.735403529178619,14.11472707806287,0.20792200952713594,0.08336969508673504,0.11891558112239295,0.3335857913757672,2017.571026611328,955.0827698125014,819.8850036621094,3346.723291015625,0.5609816193580628,0.015600012103129158,0.541157853603363,0.5777624070644378,19.638184722264608,2.472002632289207,17.205556678771973,22.955498504638673,6.22746912909184,0.13342200426384948,6.101166906336363,6.42306125945793,2569.6748901367187,1047.6128669502702,1319.2424682617188,4034.3858642578125,0.12948846829434235,0.013812367341242292,0.11240869462490082,0.1479071334004402
dog,clean,1.0,1,60,60,1.0,1.0,"dagrs,greedy,sam2video",99.0,0.0,99.0,99.0,0.999999999999995,2.8148040281365125e-15,0.9999999999999903,0.9999999999999986,290.0667105992635,156.87292194660557,116.03807907104492,438.3542724609375,0.3302538787325223,0.04067511753574706,0.2740957021713257,0.38992802500724794,39.8450935681661,6.4405256319688835,30.474759674072267,48.0570873260498,7.203611023974331,0.20085184750277577,6.937211824651244,7.486721031323894,5180.474468994141,2108.746366711929,2729.2575439453126,7508.437939453125,0.22899113347133002,0.009046282473649036,0.2189142197370529,0.24342257678508758
dog,dust,3.0,1,60,60,2.999999761581421,3.896777629852295,"dagrs,greedy,sam2video",15.924666039602384,1.3987121027807377,13.973486405088032,17.86829343366298,0.8100233984519212,0.041644107704542584,0.7442790348731694,0.8589041780185364,79.93635263442994,49.92748154609002,32.11939582824707,138.9597152709961,0.5060735692580541,0.026146404867273376,0.47211297452449796,0.5350174069404602,22.647512070337932,4.525785104101961,17.08479175567627,28.7500093460083,6.3176371025209255,0.2623227205258655,5.951295895102621,6.691927559387157,1394.2047993977865,699.0325017820815,636.33193359375,2326.644580078125,0.24033768996596336,0.028777013934459222,0.20171133279800416,0.27584579586982727
dog,fog,3.0,1,60,60,2.999999761581421,3.896777629852295,"dagrs,greedy,sam2video",12.244296149303773,1.5948850589297001,10.124305705381275,14.408872146659737,0.6802840752991172,0.06510786152729653,0.5873059812939925,0.7642911046662922,38.95774501164754,28.911516210110545,12.884075164794922,79.21305084228516,0.6852156082789104,0.0671898301507497,0.5934590995311737,0.7676672995090484,18.20611745516459,3.8714911082511034,13.284651374816894,23.430613899230956,5.860169087687864,0.31434424123687577,5.469588100181489,6.297822536122906,670.5746518452962,423.8979797330051,253.7430404663086,1263.5400146484376,0.05360516809547941,0.015909937028224463,0.03470890782773495,0.07505152300000191
dog,lowlight,3.0,1,60,60,2.999999761581421,3.896777629852295,"dagrs,greedy,sam2video",10.679732270329106,1.9996769552959346,8.459930471160762,13.685898223138492,0.39070591201222626,0.14871397386577045,0.22374981794650073,0.5890494075791547,1643.2611857096354,424.70085601661316,1062.8827026367187,2210.6382080078124,0.048240327090024945,0.03554913435487229,0.011723814066499472,0.10359809771180153,33.72460778554281,4.595724282474382,27.201087188720702,40.23546028137207,6.983509753461434,0.21396313532506817,6.675099376123287,7.2746752264301335,5599.2919514973955,1638.6370165164778,3786.292041015625,7872.4330078125,0.4955901379386584,0.07949787060180524,0.38959900140762327,0.5997322797775269
dog,motion_blur,3.0,1,60,60,2.999999761581421,3.896777629852295,"dagrs,greedy,sam2video",27.780346316281854,2.450615797322194,25.1124703606562,30.900232921173036,0.6845067876005358,0.09800644096300169,0.5642929354313477,0.8033860988010937,21.85989441871643,18.7640896327885,4.735218095779419,48.41897888183594,0.39634504268566767,0.03288790404442143,0.34574092030525205,0.432069855928421,37.421389738718666,6.914355995633788,26.472417449951173,46.01664695739746,7.060923320569885,0.23559043126874682,6.696665777888138,7.374468093873991,1195.8180859883626,632.6322958888716,489.2731170654297,2139.9773193359374,0.22578123559554417,0.008147395700863263,0.21703190356492996,0.23937557637691498
dog,rain,3.0,1,60,60,2.999999761581421,3.896777629852295,"dagrs,greedy,sam2video",15.237293007335625,1.4762094409952977,13.281895428822919,17.27168407585539,0.7696497017968238,0.05687690274303593,0.6936303964459809,0.838717382216132,80.15758584340414,43.49032683778362,36.844742965698245,131.54002990722657,0.5818055252234141,0.04821493095588026,0.5178816199302674,0.6404949724674225,21.966841745376588,4.1681551593179345,16.79365177154541,27.4520622253418,6.296545731700188,0.23342947072074968,5.996705610115189,6.633766818335016,1593.6078145345052,528.5317909164859,1013.5529052734375,2205.972998046875,0.08420643111069998,0.01476128464458043,0.06529326662421227,0.10373247563838958
dog,sensor_noise,3.0,1,60,60,2.999999761581421,3.896777629852295,"dagrs,greedy,sam2video",25.14838298652774,2.34271828664696,22.2516559077895,28.539413964402822,0.5277125220847366,0.1437135719812356,0.35784173651547263,0.7045094513048653,2331.535148111979,966.8018144516315,1166.1042724609376,3652.4331787109377,0.2466183679799239,0.03413730536343093,0.20156808644533158,0.28641433715820314,41.12337013880412,6.026690531801048,32.53031463623047,48.640663146972656,7.296881905546916,0.1817401502656643,7.056536640620126,7.534751726217578,7619.14892985026,2102.004223515938,4822.796240234375,10447.52685546875,0.27112554137905437,0.022645625025448063,0.24324503391981125,0.309310245513916
dog,snow,3.0,1,60,60,2.999999761581421,3.896777629852295,"dagrs,greedy,sam2video",16.14346472004992,1.3658303573434387,14.315290277733677,17.994384933151046,0.7870033879886636,0.04606254246245435,0.7235717264681173,0.8410811496731238,133.63886019388835,46.94170411834837,85.24408493041992,175.99093170166017,0.5518767411510149,0.04260355512133903,0.49646351039409636,0.6020461797714234,24.433459536234537,3.939572692923148,19.277090644836427,30.17307949066162,6.426405616828043,0.2352455725147423,6.109033958024751,6.766998462069196,2936.541709391276,672.8150863615703,2040.553662109375,3786.7183837890625,0.09580006363491217,0.012882968966523464,0.078376142680645,0.11258034035563469
dog,underwater,3.0,1,60,60,2.999999761581421,3.896777629852295,"dagrs,greedy,sam2video",9.016144182073337,0.6792354850116595,8.316009992653294,10.035221924420316,0.5307078147673724,0.06316055262946857,0.4527646684969447,0.6146026043727628,27.27413596312205,21.181043278717066,8.08893175125122,53.92604331970215,0.11264518015086651,0.018216549085109623,0.09271223247051238,0.1410051763057709,12.380949393908184,4.333965025791841,6.424609756469726,17.9620792388916,5.497408561520249,0.5792366850475488,4.615383271233288,6.169279816757547,457.17198810577395,326.8425557476646,144.11272125244142,904.7042846679688,0.5500854149460792,0.09388838067698776,0.4132535606622696,0.6573383688926697
dogs-jump,C1_fog_noise,3.0,1,66,66,3.000000238418579,3.8983314037323,"dagrs,greedy,sam2video",9.789143210031561,1.5440381589103973,8.020144126404176,12.056322716400153,0.22554491422349532,0.09265300284897081,0.12452506795416049,0.36785655968257447,2038.6396447383995,948.168612092546,861.6720275878906,3360.6629638671875,0.5443847486467073,0.013081351960101592,0.5302605032920837,0.5613628327846527,27.431759574196555,2.9588650903187044,23.86698055267334,31.12897777557373,6.656326945931383,0.14229107771217755,6.4637712029096885,6.831821528787938,2699.2045343572445,1038.2075817181644,1449.9949340820312,4167.992919921875,0.12844604174747612,0.017076030346300827,0.1064942255616188,0.15088054537773132
dogs-jump,C2_lowlight_blur,3.0,1,66,66,3.000000238418579,3.8983314037323,"dagrs,greedy,sam2video",11.711919424946279,1.9028249269484554,9.481939551857067,14.540541110932821,0.5427484143141988,0.09343079975503593,0.42933622040092845,0.6774983827742527,22.205066912101977,3.4082646495553774,17.531010627746582,25.816129684448242,0.17416681044481017,0.04403342507401264,0.12230687588453293,0.23718838393688202,44.60369537815903,6.170160646451412,36.31316566467285,52.41359329223633,6.8180696230868945,0.30500973783021174,6.447736390470148,7.202297213614445,317.3110518022017,101.65544245354808,198.17550659179688,461.1942901611328,0.2293736392801458,0.01259675654595787,0.21394939720630646,0.2459694668650627
dogs-jump,C3_rain_snow,3.0,1,66,66,3.000000238418579,3.8983314037323,"dagrs,greedy,sam2video",9.950612843217518,1.027103260619377,8.71156799044956,11.396579734794354,0.6469958519453038,0.04735813790576985,0.5868213125130832,0.713122030712038,62.21539514715021,11.165744239752149,48.18918228149414,78.92859649658203,0.6880684169855985,0.034688340248624695,0.6418808996677399,0.7324175238609314,19.295911904537316,3.0256832705272663,15.480751514434814,23.406030654907227,6.030598232835437,0.28809332951420813,5.648422733160652,6.393271754525367,1429.5479061242306,382.5569833802975,897.6874389648438,1949.6907348632812,0.020546791030827797,0.006836313978054877,0.012096032965928316,0.02993703167885542
dogs-jump,C4_fog_blur_noise,3.0,1,66,66,3.000000238418579,3.8983314037323,"dagrs,greedy,sam2video",9.765904012025906,1.5360826613037122,8.006317864855827,12.019572486099856,0.20127071078808587,0.08292625953805759,0.11132661366059526,0.329626365941515,2016.3135505445075,957.9154320703157,824.5028381347656,3351.2325439453125,0.5467582363070864,0.012443220576292697,0.5335432291030884,0.5632212460041046,27.168144659562543,2.9567260669511377,23.570144653320312,30.900440216064453,6.648091198954627,0.14274701558791777,6.451989022634059,6.823839960037068,2505.296445904356,1105.2194103453467,1141.6228637695312,4047.4512939453125,0.12819473761500735,0.01715212019260222,0.10618330165743828,0.1507442444562912
dogs-jump,clean,1.0,1,66,66,1.0,1.0,"dagrs,greedy,sam2video",99.0,0.0,99.0,99.0,0.999999999999736,2.26259279180302e-13,0.9999999999994216,0.9999999999999656,196.4517903183446,13.788665189313878,182.69796752929688,211.73723602294922,0.3764194837122252,0.008476800708524735,0.3648632913827896,0.3873218595981598,62.31408911040335,0.8548067974887225,61.36393928527832,63.605342864990234,7.609117435156165,0.04823114199823813,7.553419761217096,7.672651042681858,2162.4938206528172,170.70024854035387,1953.3422241210938,2410.7347412109375,0.22337514907121658,0.003656311767178811,0.21917598694562912,0.22842546552419662
dogs-jump,dust,3.0,1,66,66,3.000000238418579,3.8983314037323,"dagrs,greedy,sam2video",13.076648503163755,1.3888062349257515,11.5067461741305,15.021679874044734,0.7833061726903812,0.028714114929240933,0.7473666396493728,0.8252031754530538,53.84626796028831,13.080276804091948,36.679718017578125,72.21085739135742,0.5251709714983449,0.01134686167996818,0.5120320022106171,0.5400286912918091,33.78511720715147,3.296369397744213,29.4937105178833,38.161659240722656,6.942874244644893,0.14456722476412937,6.769334607136667,7.123085083092706,590.2318471272787,138.73032114372447,403.2501220703125,792.4961547851562,0.20464644061796594,0.03652869666439545,0.1544068530201912,0.250616654753685
dogs-jump,fog,3.0,1,66,66,3.000000238418579,3.8983314037323,"dagrs,greedy,sam2video",9.963788755686439,1.5754313882816549,8.174556073185776,12.200546825650488,0.712338162493454,0.039232996780658363,0.665241508588903,0.7663863494926646,26.073871670347273,11.19613877727385,12.818925380706787,41.337228775024414,0.695730956214847,0.057472329512414454,0.6230357885360718,0.7651300132274628,25.452177567915484,3.8471407253517085,21.224244117736816,30.41329860687256,6.369027180894164,0.3138990013180604,5.979433402275351,6.771829527351321,291.1694858435429,118.52799879726227,146.69524383544922,475.3919677734375,0.02832994672159354,0.009798623085259138,0.01716178935021162,0.04175852611660957
dogs-jump,lowlight,3.0,1,66,66,3.000000238418579,3.8983314037323,"dagrs,greedy,sam2video",11.615596857009876,1.9022487035021622,9.384787563338701,14.447196745003726,0.25973022521845984,0.09546277168887297,0.14915679263785575,0.40394258727180554,1292.0031174168441,377.646546950567,818.2770385742188,1821.6098022460938,0.10280727386248834,0.055741068022591954,0.037085626274347305,0.18403948843479156,45.66993094935562,5.800151529843151,37.8985710144043,53.07612228393555,7.102019578477664,0.20688621199337784,6.8321336178327225,7.3593457505981545,2135.8482980439157,270.95237627218603,1793.8348388671875,2527.256591796875,0.47203761790737964,0.07509528968123635,0.37153561413288116,0.5703580975532532
dogs-jump,motion_blur,3.0,1,66,66,3.000000238418579,3.8983314037323,"dagrs,greedy,sam2video",31.08096542775248,1.2447630424741265,29.59112476208741,32.888480555742376,0.8464883135198834,0.023225717309459052,0.8181979524145593,0.882635443569501,9.564805825551352,2.696914077966053,6.236105680465698,13.25662899017334,0.39518927534421283,0.008866289926080786,0.3848089575767517,0.40964649617671967,61.53418465816613,0.8241714038492136,60.58473205566406,62.66174507141113,7.545729078117483,0.04680816862994518,7.500734201023931,7.622073518541221,573.1158576734139,126.22615857960587,407.6683349609375,753.12060546875,0.21386013744455395,0.00382208856626495,0.20911378413438797,0.2192840501666069
dogs-jump,rain,3.0,1,66,66,3.000000238418579,3.8983314037323,"dagrs,greedy,sam2video",12.651992547638484,1.4837837585892943,10.953125065196812,14.708423400048835,0.7437345208012847,0.0502164599386171,0.6813589055634536,0.8092886285034044,59.765997510967836,8.76320764220677,48.74886703491211,72.70754623413086,0.5993496856906197,0.034588484967390906,0.5560360252857208,0.6418485045433044,32.21009263125333,3.3765646698348117,28.022208213806152,36.737937927246094,6.8773315648190065,0.15254903673290557,6.689410375628137,7.069728894207238,988.9994155421401,283.619172819122,659.9456481933594,1359.8758544921875,0.04754630690722755,0.01041144774132075,0.034627439454197884,0.06121806800365448
dogs-jump,sensor_noise,3.0,1,66,66,3.000000238418579,3.8983314037323,"dagrs,greedy,sam2video",25.31374690729828,2.304347977549875,22.47023909109891,28.631214689204874,0.3746897131802239,0.10837901513152443,0.24413105842407706,0.5348016348661082,2170.7772586706915,950.6748760207047,996.2255249023438,3510.3736572265625,0.28210887493509235,0.03082308157665995,0.24417535215616226,0.3246474862098694,62.69650262774843,0.8627970558963368,61.62361526489258,63.96840476989746,7.7182087940651645,0.05042789799790374,7.641407672666961,7.779493814547095,4476.088489879261,1130.8673189299627,3084.6939697265625,5947.828857421875,0.32890277378486865,0.031097864031690455,0.2886728495359421,0.36807820200920105
dogs-jump,snow,3.0,1,66,66,3.000000238418579,3.8983314037323,"dagrs,greedy,sam2video",13.557597965606487,1.376453575135359,11.95433150734368,15.490296243569478,0.7472840582024945,0.04187764280365295,0.6912149636749649,0.807216099395976,108.9706099539092,12.023350522546888,93.8232192993164,124.86437225341797,0.5720613680102609,0.02753429842358767,0.5376140177249908,0.6061891615390778,35.52602424043597,2.7007437429088705,32.248043060302734,39.04583549499512,7.025477468509278,0.1113844239664453,6.8912800246540975,7.159901611867387,2276.4692123875475,605.414562349889,1480.7235717773438,3202.5634765625,0.055612664274645576,0.009667475064663906,0.04318367689847946,0.06872359290719032
dogs-jump,underwater,3.0,1,66,66,3.000000238418579,3.8983314037323,"dagrs,greedy,sam2video",9.725132824251169,0.5250782936625479,9.113360817819006,10.476431680960182,0.6150431342932742,0.05181166427672171,0.5601056664902835,0.6897548899659712,17.598289374149207,8.385041989985577,8.318720817565918,29.75922679901123,0.10364795273000543,0.016328904987687107,0.08737233281135559,0.12926331162452698,18.299350449533172,4.872456872605276,12.730180263519287,25.27751922607422,5.961380846950396,0.3644313193309666,5.531887546947432,6.415290876661188,183.16037738684452,88.27421011120961,80.8473129272461,314.81829833984375,0.5974660858963475,0.06860758711980601,0.4967687577009201,0.6758602559566498
drift-chicane,C1_fog_noise,3.0,1,52,52,2.999999761581421,3.8997039794921875,"dagrs,greedy,sam2video",14.618355361832718,1.8815258389043408,12.524074195366135,17.22645801285324,0.295385463164873,0.11104963743626338,0.17113671815779022,0.4641724877646835,2058.1991178072417,913.7016432325001,897.5687927246094,3339.257641601562,0.590367833009133,0.006915678225640423,0.5828195452690125,0.5980846047401428,17.728032680658195,1.3018733828183549,16.30719566345215,19.525523376464843,6.142731463206287,0.09143252599349809,6.038566389476066,6.240721091645038,3060.5919823279746,858.425727463647,1992.6978149414062,4217.39296875,0.1234034039080143,0.01541059262072364,0.10485532656311988,0.14391379952430725
drift-chicane,C2_lowlight_blur,3.0,1,52,52,2.999999761581421,3.8997039794921875,"dagrs,greedy,sam2video",10.507957361435645,2.0595326572335604,8.091042093945509,13.655733906889475,0.5530077062976493,0.10319212588580307,0.43041553069117416,0.6917245008862695,53.48406784351055,31.97103574423215,36.49413871765137,76.68167343139648,0.2190040172292636,0.056577692046830684,0.1519154354929924,0.3006101459264755,34.65244351900541,3.0620951008637114,30.388388633728027,38.09684257507324,6.946230738664482,0.1341041363302183,6.767923515227645,7.098204643417708,1122.6689758300781,809.2742474122925,489.25201721191405,2325.008581542968,0.3301020533992694,0.03620309113271926,0.2788252145051956,0.37243880033493043
drift-chicane,C3_rain_snow,3.0,1,52,52,2.999999761581421,3.8997039794921875,"dagrs,greedy,sam2video",15.55464082857904,1.1448801401346178,14.234588342246948,17.040166169054135,0.7364614318139279,0.05280159683135876,0.6708124257080457,0.8066035514869242,77.0046286216149,8.288248146187463,66.72104568481446,88.32773284912109,0.7187810895534662,0.027082916532717834,0.6833309233188629,0.7548926115036011,12.158665877122145,1.009799187739736,10.723738479614259,13.511674880981445,5.320799663904187,0.2420298464247099,4.993460981387918,5.622470698860651,1414.809567964994,197.09546344516136,1157.3608764648438,1712.1340698242186,0.03652788075403525,0.010066752221685392,0.0240172328427434,0.049701562523841857
drift-chicane,C4_fog_blur_noise,3.0,1,52,52,2.999999761581421,3.8997039794921875,"dagrs,greedy,sam2video",14.477769389235018,1.8171702921421806,12.439910835935917,17.024872852962126,0.2251758959444919,0.08923908186030959,0.1289010109061005,0.35739603750050075,2003.1541607196514,937.7816452626003,815.3288269042969,3321.801513671875,0.594642297579692,0.0066154049232324385,0.5873672008514405,0.6031855762004852,17.18328641011165,1.258965192569785,15.59284257888794,19.06211128234863,6.100038738267506,0.09194706133364207,5.991871566463322,6.208686477193266,2513.9722853440503,1050.9635954841933,1207.2968017578125,3982.9108398437497,0.12315422669053078,0.015515276331907536,0.1043504536151886,0.1438095435500145
drift-chicane,clean,1.0,1,52,52,1.0,1.0,"dagrs,greedy,sam2video",99.0,0.0,99.0,99.0,0.999999999999998,2.6755435811868387e-16,0.9999999999999977,0.9999999999999979,510.82596118633563,44.94114747495233,443.076318359375,561.3720581054688,0.4922768817498134,0.011969585861027419,0.47576809525489805,0.5070134162902832,35.22110557556152,2.1442271076807518,32.39539260864258,38.49973335266113,7.006955601693019,0.08247733892554206,6.902483088193503,7.104482110266502,5568.489990234375,580.713264573981,4659.785498046875,6281.717724609375,0.18122182815120771,0.003301135479161523,0.17748018801212312,0.18591490238904954
drift-chicane,dust,3.0,1,52,52,2.999999761581421,3.8997039794921875,"dagrs,greedy,sam2video",17.39130935743617,1.650381825441869,15.431338700472104,19.799957016452158,0.8907027733872114,0.02802701059417957,0.8546173965259336,0.9299201684713889,138.6643691429725,33.06743255063591,94.16229019165038,177.73240814208984,0.6165879231232864,0.007653754649144678,0.6068567574024201,0.6247717857360839,18.954954862594604,2.0679858410913163,16.049690818786623,21.491224098205567,6.155484840835362,0.16681609834141012,5.917347106996076,6.340900246354095,1488.0327711838943,366.8130051416107,1013.0669799804688,1915.3572631835937,0.13522713946608397,0.046674582212081345,0.07426926866173744,0.19795153588056563
drift-chicane,fog,3.0,1,52,52,2.999999761581421,3.8997039794921875,"dagrs,greedy,sam2video",14.98364189320364,1.8548834764090594,12.83176258705666,17.762119452900134,0.815045223577871,0.04534438949436808,0.7607187363096082,0.8801713539140487,65.98266575886653,27.806534455224803,31.96079902648926,97.66747817993163,0.7356717873078126,0.050131373501339296,0.674986618757248,0.8027628183364868,14.602284009640034,1.9386899977121816,11.572621822357178,17.097831344604494,5.62689041203272,0.30057376421677384,5.23273048171776,5.982711473338152,702.9261908897987,302.582564564488,324.58837890625,1092.1144653320312,0.047552820366735644,0.014555165736909445,0.030217202194035054,0.06740225106477737
drift-chicane,lowlight,3.0,1,52,52,2.999999761581421,3.8997039794921875,"dagrs,greedy,sam2video",10.484318735204242,2.076846404400007,8.043341164802806,13.637207395104912,0.3660733814597155,0.11242433207080238,0.22819973271923671,0.5287142009601133,2079.3029198279746,496.1870784334511,1420.8865112304688,2746.3266357421876,0.11857166757377294,0.06611467581355372,0.044833122938871386,0.21801028102636336,38.22907000321608,2.496272614402162,35.0180004119873,41.238891220092775,7.152154261272222,0.08886249899116115,7.035753615106907,7.270595593818367,8405.367365910457,558.7909210057578,7549.6267578125,9110.70185546875,0.3913472363582024,0.07348740508032667,0.2960710495710373,0.4874319463968277
drift-chicane,motion_blur,3.0,1,52,52,2.999999761581421,3.8997039794921875,"dagrs,greedy,sam2video",27.2536710736396,1.1283864752569241,26.101810852057312,28.75988029710617,0.7630802496643236,0.04280453461390559,0.7255610582377338,0.8466290643314891,24.418702290608334,16.87611187261592,11.23561305999756,45.07627906799316,0.5281155063555791,0.013259426246269497,0.5108867168426514,0.5453650236129761,32.87930881060087,2.174492203177094,30.006689834594727,35.93618202209473,6.915461299788095,0.08528384223123565,6.801027306783286,7.034459070551618,869.2361667339618,587.1193531395779,333.8119171142578,1768.3349365234376,0.1784702682724366,0.0036521775286931396,0.17415546923875808,0.1829925537109375
drift-chicane,rain,3.0,1,52,52,2.999999761581421,3.8997039794921875,"dagrs,greedy,sam2video",18.214442660895514,1.6253237405608392,16.346596897397426,20.685180880299466,0.858318956932319,0.048572632322792145,0.7963311666426188,0.9205256159901043,129.26574266873874,30.640368192323134,87.789697265625,166.74822082519532,0.6563527675775381,0.029683425039589848,0.623654592037201,0.6971747219562531,18.277343823359562,1.8841458850045294,15.58414249420166,20.55009021759033,6.120432991111817,0.1470740279661758,5.899471934018901,6.287684425402161,1590.181894155649,240.67583582468265,1298.6106567382812,1888.5405395507812,0.07348426753798357,0.0132428673076298,0.056629369780421254,0.09092879742383957
drift-chicane,sensor_noise,3.0,1,52,52,2.999999761581421,3.8997039794921875,"dagrs,greedy,sam2video",25.1512870899209,2.335692149228748,22.25193363528087,28.59149420316906,0.42249437738075135,0.10553887068386705,0.29551243178912345,0.5769766356059837,2540.106952373798,991.0090455546564,1305.6485107421875,3933.9608154296875,0.37462477729870725,0.037256981912754346,0.3299541562795639,0.42626866102218625,36.5942104779757,2.0877428940748177,33.762963104248044,39.21788482666015,7.169295450751639,0.08365218390458726,7.044315504267936,7.247863696550661,7959.841440054087,1247.9902878583416,6135.057763671875,9407.63876953125,0.21812121484142083,0.017602834963437213,0.19556251764297486,0.24100670218467712
drift-chicane,snow,3.0,1,52,52,2.999999761581421,3.8997039794921875,"dagrs,greedy,sam2video",19.076602253201138,1.4787839151286029,17.29826547307889,21.356826095590584,0.8591191628007646,0.03940721852553246,0.8054314206593597,0.9123479815619531,191.0033504779522,23.78435689785572,162.98664245605468,215.0463668823242,0.6347328905875866,0.02389160539906003,0.6059594035148621,0.668106472492218,20.7318602341872,1.4826108276236676,18.441552734375,22.72638568878174,6.261649344822421,0.13278655459565425,6.092583802825842,6.406121569100107,2800.905282827524,299.96763389662016,2367.644580078125,3177.5825927734377,0.08308586478233337,0.011559144117765124,0.06819442436099052,0.09862653613090515
drift-chicane,underwater,3.0,1,52,52,2.999999761581421,3.8997039794921875,"dagrs,greedy,sam2video",8.14545312098281,0.5941225644424283,7.465875949728535,8.99380851436095,0.5731955734208456,0.0588433286669935,0.5046984094508115,0.662192715591135,44.734920538388764,21.78816487243075,17.619442558288576,78.21568374633789,0.1182318263902114,0.022097498991165355,0.09638732224702835,0.1514520525932312,12.218358892660875,4.079633128241798,7.149442768096924,16.803463745117188,5.402881965113559,0.5325703291878424,4.681197809846915,6.01711468558311,469.68518154437726,244.35594661748118,189.22899322509767,833.0909790039062,0.6632242752955511,0.05313867855451527,0.5827145218849182,0.7243285119533539
drift-straight,C1_fog_noise,3.0,1,50,50,3.0,3.899984836578369,"dagrs,greedy,sam2video",11.05192923971057,1.9714868179793916,8.57711804291502,13.776847149484741,0.3183217295875477,0.11787289427910527,0.19206684725076786,0.4961887645425152,2057.8127453613283,926.7874771056697,921.7849975585938,3358.3380859375,0.5452327561378479,0.018891300214486036,0.5229380369186402,0.5750906109809876,26.67765277862549,3.216320443420828,22.379190254211426,30.936016464233397,6.649825906802156,0.1871631449963942,6.441523181077561,6.879176050670789,3981.66115234375,698.1105072336335,2994.72900390625,4792.601904296875,0.12707900762557983,0.01943070443027888,0.10258937105536461,0.1514840304851532
drift-straight,C2_lowlight_blur,3.0,1,50,50,3.0,3.899984836578369,"dagrs,greedy,sam2video",11.429810636450418,1.8610115751888798,9.360795362479438,14.257654342588571,0.4512975066814481,0.1256546386189754,0.2831386085263033,0.6463126799002725,51.772426795959475,45.76080870445267,24.62445659637451,82.96918716430665,0.15508627340197564,0.06219402270380389,0.08299373909831047,0.24189345985651017,49.799282989501954,8.972857287041846,36.4687744140625,62.22715835571289,7.24990652608917,0.33403011937062627,6.790428189210921,7.646391301236845,3309.386668701172,2312.2685634929385,1219.939794921875,6178.77001953125,0.2515163043141365,0.049456080662079197,0.16680760234594344,0.30500024259090425
drift-straight,C3_rain_snow,3.0,1,50,50,3.0,3.899984836578369,"dagrs,greedy,sam2video",11.272282938787995,1.599169676914753,9.255667032383627,13.45787149454388,0.5351244097606022,0.08731723743007483,0.4269186438026405,0.649017798696289,75.83735939025878,8.42113178156759,65.25671310424805,87.4485580444336,0.6780909824371338,0.03403620834768973,0.63502237200737,0.7173283159732818,18.799621868133546,3.100314971175626,15.455787372589112,23.327882766723633,6.04621777790756,0.31499004020591337,5.628375006328172,6.485008921275906,2065.1575122070312,332.2276617600351,1629.7764770507813,2520.940771484375,0.02541965262964368,0.007490844451274566,0.016793548502027987,0.034589747339487074
drift-straight,C4_fog_blur_noise,3.0,1,50,50,3.0,3.899984836578369,"dagrs,greedy,sam2video",10.887946778807782,1.9122638366424793,8.484848532784277,13.558496667046452,0.2119494624610799,0.09027429052918855,0.10574402428761051,0.3286890543031683,2014.642276611328,952.1808767640066,837.3375915527344,3354.7230224609375,0.5556120550632477,0.017550158339993863,0.537764447927475,0.5818324446678161,25.529568519592285,3.044991273269859,21.787589263916015,29.559297561645508,6.590627843066087,0.18165809717007173,6.408302866248789,6.829020684424676,2887.8321435546877,977.1403642170702,1655.0582275390625,4222.9796875,0.1260053437948227,0.01946037477650547,0.10057485997676849,0.15064160972833635
drift-straight,clean,1.0,1,50,50,1.0,1.0,"dagrs,greedy,sam2video",99.0,0.0,99.0,99.0,0.9999999999999908,5.701511402332519e-15,0.9999999999999801,0.999999999999995,426.6536199951172,91.16613092478381,321.68553771972654,521.4291809082032,0.32325661659240723,0.05720745871158678,0.2721412718296051,0.42629618346691134,62.25148757934571,4.466271609118939,56.49965553283691,67.90892715454102,7.746358827470261,0.07511304002460552,7.608720172095798,7.821012273388263,13029.49634765625,3190.9724572179093,9043.71728515625,16720.141796875,0.17370026141405107,0.03805208471609457,0.10519934818148613,0.21276831328868867
drift-straight,dust,3.0,1,50,50,3.0,3.899984836578369,"dagrs,greedy,sam2video",14.210550548382914,1.8760187862817765,11.804240097455994,16.62923274665064,0.7560573614762675,0.06473328692321337,0.6671565536733797,0.8392617076621083,114.30656341552735,32.325147673741405,75.8598747253418,154.85095672607423,0.517958869934082,0.0202505751298053,0.49216329753398896,0.5477451622486115,32.95886909484863,4.148589229672276,27.270989418029785,38.32113151550293,6.943001837195802,0.19944319411055017,6.703487833451307,7.172495676662448,3421.841682128906,1091.7009885862976,2283.528466796875,5047.483691406251,0.17901734471321107,0.043612499305323696,0.11845148354768753,0.23207659870386124
drift-straight,fog,3.0,1,50,50,3.0,3.899984836578369,"dagrs,greedy,sam2video",11.198494499452012,2.0726552986090936,8.632202094246004,13.963735892710076,0.61382705669191,0.095206497785774,0.4911968305638658,0.7397476234578105,54.71615619659424,25.013312135583345,27.300453186035156,87.35173721313477,0.6849945747852325,0.05846161067080447,0.6098544657230377,0.7520536720752716,24.24053548812866,4.510002363887159,18.913349533081053,30.167428398132326,6.348567571905546,0.3634213061274226,5.9171903645313275,6.791178351370796,1607.8061499023438,805.4839674608482,841.0206787109375,2794.736596679688,0.03314464658498764,0.010560609115530929,0.019189367070794106,0.04662953279912472
drift-straight,lowlight,3.0,1,50,50,3.0,3.899984836578369,"dagrs,greedy,sam2video",11.578208949842592,1.89576891842306,9.408722052166652,14.502531985638377,0.440625948702486,0.12474408405998623,0.28438678512106114,0.6184443724523645,1704.325517578125,357.59046816475416,1261.1322875976562,2176.74853515625,0.07690599042922258,0.05231622497841223,0.013887670170515776,0.153503093123436,54.713255081176754,8.431040471543056,42.06020584106445,66.34654006958007,7.381440062809786,0.2887935772033632,6.983565499194557,7.719294363758978,12768.2965625,2998.555950738072,9567.3951171875,16983.2755859375,0.45928039073944094,0.11714999088842414,0.30510870814323426,0.610928863286972
drift-straight,motion_blur,3.0,1,50,50,3.0,3.899984836578369,"dagrs,greedy,sam2video",23.211051540466766,2.5743194361023325,20.194486734809782,26.2334010390177,0.6345786387220943,0.10854693042860059,0.5004124892246382,0.7635534993330917,22.887041368484496,33.375786593442626,6.625312280654907,30.982965660095225,0.38750026941299437,0.05358986581363056,0.3351613372564316,0.48934573531150816,57.08485900878906,4.959408931580104,50.73683395385742,62.147118377685544,7.691672062657272,0.1024644730110678,7.521160336695272,7.7896828123705175,2985.7854260253907,1831.5638165994283,1636.1045043945314,4951.411474609376,0.15925653383135796,0.03286842927093647,0.0980270467698574,0.19249766021966935
drift-straight,rain,3.0,1,50,50,3.0,3.899984836578369,"dagrs,greedy,sam2video",13.924398198900327,1.9978160642406564,11.41136484488813,16.534008212398966,0.7234171918421406,0.08040220146091773,0.6157277306254808,0.8266682718183624,111.35292350769043,27.576598794676634,81.67358474731445,145.08917083740235,0.5800441610813141,0.03715144060385856,0.5312611997127533,0.6270927906036377,31.374739570617677,4.1529689179983675,25.72170696258545,36.66319541931153,6.874811979409525,0.2050107943388845,6.6296653875392435,7.116067095835948,3417.2083178710936,901.3204453222995,2478.5849853515624,4688.032275390626,0.053849235735833646,0.01226908886260815,0.03692380785942078,0.06653972864151
drift-straight,sensor_noise,3.0,1,50,50,3.0,3.899984836578369,"dagrs,greedy,sam2video",25.250897739389817,2.314130167364166,22.411586848361946,28.548401820380857,0.5978996613991352,0.09796786011377295,0.47300496537536235,0.7316471194189864,2403.7345556640626,960.7035845382026,1243.737451171875,3705.7734375,0.22950665563344955,0.0712653246699173,0.15019678175449372,0.34751478731632235,62.702650451660155,4.2472863107420755,57.512380599975586,68.24162063598632,7.8087921941044325,0.06691408529190015,7.688565864172372,7.856198282140265,15276.724140625,3474.053415469294,10456.503515625,18950.1705078125,0.26815989911556243,0.059604948040729626,0.1888729527592659,0.34690330624580384
drift-straight,snow,3.0,1,50,50,3.0,3.899984836578369,"dagrs,greedy,sam2video",14.82127705794515,1.8880415706129081,12.482491062631592,17.28165772019518,0.7495904961619396,0.0658422107888866,0.6562771863176391,0.833814296566594,168.82987518310546,24.121791839792014,138.21718139648436,201.55809478759767,0.5495502495765686,0.03272369177788917,0.5077000558376312,0.5936859250068665,34.68043598175049,3.652600066784408,30.229236602783203,39.37942657470703,7.02201712169451,0.17035208654038894,6.829294420881941,7.209342974281266,5091.310341796875,972.3308995623794,3801.75166015625,6333.83876953125,0.062060199528932575,0.013046173506164882,0.041093057766556744,0.07416402250528335
drift-straight,underwater,3.0,1,50,50,3.0,3.899984836578369,"dagrs,greedy,sam2video",8.72441842733735,0.5845458637757907,8.049312852169797,9.477262162968536,0.5197337828331855,0.06864618110551775,0.4340831033584615,0.6207481499593152,37.68333667755127,20.121009764491493,16.475972366333007,65.32173614501953,0.09511132702231408,0.018374630531087253,0.07794693633913993,0.12630463242530823,18.223376426696777,5.593594892766742,11.568120193481445,26.06855125427246,6.0661384624780625,0.4322835773104281,5.504396205906609,6.631771192513009,1072.6605047607422,642.3140033679821,480.97425231933596,2063.789697265625,0.6236375081539154,0.06182556471358464,0.5336839854717255,0.6923179268836975
goat,C1_fog_noise,3.0,1,90,90,3.0,3.8992443084716797,"dagrs,greedy,sam2video",11.812918907751696,1.675472916736545,9.768259939399751,14.113114491256452,0.364805550822214,0.12926897177348223,0.21305531082927937,0.5488454778393308,2126.5955159505206,903.8157021482917,1028.5280029296875,3408.491870117188,0.5326161394516628,0.023679161410989018,0.4960471510887146,0.5594644844532013,21.052080896165634,1.3971169826395353,19.172995185852052,22.71212024688721,6.352606591877426,0.09205347731949591,6.23996903931978,6.46359373058936,4411.641281467014,489.82591232696603,3755.9181640625,5042.34130859375,0.13340471867058012,0.012334974801610183,0.11862710118293762,0.1499561160802841
goat,C2_lowlight_blur,3.0,1,90,90,3.0,3.8992443084716797,"dagrs,greedy,sam2video",10.643020962305458,1.8239964616043256,8.558276147677898,13.45888464151296,0.3372902779874495,0.11003060266496162,0.2082844848641366,0.502925808376248,62.98268820444743,21.88635218287071,39.343447875976565,93.38658752441408,0.10327768963244226,0.027607834348389464,0.06905967816710472,0.14417654126882554,31.53460956149631,4.3447945847244664,25.62989025115967,37.003594970703126,6.874003815006967,0.23790050920455572,6.550174489475385,7.1466113795009045,2529.277788628472,1185.3905857677378,1274.9427368164063,4303.592187500001,0.4207925776640574,0.03438064175039358,0.3713870018720627,0.46051637828350067
goat,C3_rain_snow,3.0,1,90,90,3.0,3.8992443084716797,"dagrs,greedy,sam2video",12.223745032440966,1.0366638079587958,10.894242527610526,13.669899671404192,0.5009778923866693,0.07832657188218833,0.4009137845117893,0.6051620424787542,106.06566628350151,21.866272874582457,86.13406600952149,131.50076904296878,0.659454478820165,0.043334549553148916,0.6019205749034882,0.7155866086483001,14.353633032904732,1.3464774646439022,12.774238777160644,16.107554054260255,5.600717149818415,0.2588895716291099,5.263793598835445,5.925275450603996,2215.516817220052,224.4502816862697,1946.0718017578124,2482.157666015625,0.045486930033399,0.012967601877479888,0.02917363736778498,0.0638039007782936
goat,C4_fog_blur_noise,3.0,1,90,90,3.0,3.8992443084716797,"dagrs,greedy,sam2video",11.575522441090248,1.580491256684409,9.651585094512617,13.765351354546825,0.18606288960588213,0.07695758973901023,0.10365490426458962,0.30186445293692427,2023.6856391059027,955.119701361218,823.4102416992188,3378.2605468750003,0.5488990717464023,0.01804454897722179,0.5190504133701325,0.5689225494861603,19.44383381737603,1.2131461097848781,17.721800231933592,21.067424964904784,6.258083407892011,0.08560057269382441,6.145195557450527,6.369493415793217,2844.4847005208335,897.2162425530487,1855.6702392578125,4160.74892578125,0.1329362311296993,0.012508871002624853,0.11794871985912322,0.14978041499853134
goat,clean,1.0,1,90,90,1.0,1.0,"dagrs,greedy,sam2video",99.0,0.0,99.0,99.0,0.9999999999999988,2.1483445058034778e-16,0.9999999999999988,0.9999999999999991,861.7548210991754,142.84363970592653,732.7495849609375,1103.09765625,0.2399353747566541,0.01130978714310214,0.2217138558626175,0.25334422886371616,42.243867577446835,0.9098728886032595,41.192558670043944,43.611138916015626,7.328308839859892,0.041613348986096046,7.281934408929173,7.395009966715278,15569.30849609375,1106.950032865622,14658.0109375,17464.543359375,0.2535726972752147,0.0055032279642578275,0.24739794284105301,0.26118269860744475
goat,dust,3.0,1,90,90,3.0,3.8992443084716797,"dagrs,greedy,sam2video",15.646392880798246,1.372605682503632,13.853876852745437,17.407200012753368,0.766382600652097,0.05542162725586903,0.6895475982179818,0.8360112457502993,234.9912375556098,84.56324150420036,144.42366638183594,365.48191528320325,0.4680113133456972,0.02412595796647931,0.43476539850234985,0.4994032591581345,23.417899131774902,2.2691701892856813,20.807651710510253,26.31321144104004,6.476749825507419,0.16377289060461517,6.261156799947453,6.6863114905993095,4167.778561740452,1121.5532060065461,2859.3755615234377,5726.55439453125,0.24949443754222658,0.026329383270557314,0.213128525018692,0.28296067118644713
goat,fog,3.0,1,90,90,3.0,3.8992443084716797,"dagrs,greedy,sam2video",12.00786756753831,1.6566351935936214,9.930824825774454,14.273390076184466,0.5935390494483701,0.09025539885665101,0.47917017052338745,0.7136454206796675,114.20872323777941,64.93349020068472,50.00609016418457,205.70398101806654,0.6564149035347833,0.0715015126722369,0.5654110491275788,0.7476871192455292,18.42409618165758,2.4843524228424485,15.543039131164551,21.795387077331544,5.941914760214765,0.31003828140695056,5.539076703545431,6.350481605707396,1986.7095486111111,949.1673436004947,947.6150756835938,3338.6217285156254,0.06048734680645996,0.018463691332659706,0.03844491839408874,0.0850795105099678
goat,lowlight,3.0,1,90,90,3.0,3.8992443084716797,"dagrs,greedy,sam2video",10.839336742054217,1.8954104579982132,8.664468584776833,13.737019238020983,0.49393272759149354,0.14678555735594614,0.31144100615822384,0.7016099855206432,2150.3015109592016,313.44024227971664,1652.1663330078125,2548.7900146484376,0.026481182521416083,0.01811280455221555,0.007171382335945964,0.054712644591927546,38.36825095282661,3.735458846275805,32.99017562866211,42.82677345275879,7.119520245827166,0.1810790135307662,6.869675662056547,7.3373209075156645,13985.528580729168,2299.7564481352765,10998.01689453125,17181.607812500002,0.5264983518256081,0.09012631377987329,0.40434828102588655,0.6408052146434784
goat,motion_blur,3.0,1,90,90,3.0,3.8992443084716797,"dagrs,greedy,sam2video",22.238423107197235,1.0078681039988076,21.021516138425643,23.756057420412425,0.5055206208714929,0.07005952573155502,0.41761529457814983,0.6047857551622701,51.769241926405165,18.422099166662623,31.253822326660156,82.90814971923828,0.3417805506123437,0.017398912926153774,0.31728028059005736,0.36112786531448365,35.3192568037245,1.5468069636935198,33.458810043334964,37.657704544067386,7.131064529925913,0.0624566963279707,7.056046731862453,7.2329339331980425,3076.738084581163,927.2456414387791,1880.7541259765626,4287.034716796877,0.24746776753001742,0.005424199888255158,0.2413359448313713,0.25482707619667055
goat,rain,3.0,1,90,90,3.0,3.8992443084716797,"dagrs,greedy,sam2video",14.93877957341276,1.5002158805667958,13.015503286112539,16.856935928023265,0.7303767787896791,0.07258774498102591,0.6331520945940023,0.819303440805336,217.11093961927625,79.42352725966899,133.7917053222656,336.89393310546893,0.5400766799847285,0.047349334368833755,0.47759423553943636,0.6024147868156433,22.587514517042372,2.1564079389041577,20.161154556274415,25.346687889099123,6.4396616159635,0.14662487040217995,6.265674954081976,6.634492189657577,4022.448605685764,916.806279475041,3020.107421875,5302.878857421875,0.09457871955302026,0.01698089917430395,0.07308021187782288,0.11622541546821596
goat,sensor_noise,3.0,1,90,90,3.0,3.8992443084716797,"dagrs,greedy,sam2video",25.139983498573947,2.345068613867255,22.23953508676955,28.56924659644558,0.6952467908590538,0.09815505317371515,0.5723187782238703,0.8291947384925925,2904.8468668619794,944.6090013551548,1694.4397827148437,4261.53056640625,0.16756271488136715,0.026281301188544683,0.1342528134584427,0.20673498660326003,43.414530224270294,0.9105338031820536,41.83474884033203,44.59778480529785,7.404722808272757,0.04092409991948467,7.329534187906236,7.457335331148608,17995.453016493055,1225.7634597067376,16057.98046875,19471.7341796875,0.28833245866828494,0.019173912674048256,0.26453336179256437,0.31482850313186644
goat,snow,3.0,1,90,90,3.0,3.8992443084716797,"dagrs,greedy,sam2video",15.845641843382888,1.3744812207357855,14.02425762453238,17.589094103026532,0.7629071140449464,0.05809462717590473,0.685098078288502,0.8366072083412106,297.0342027452257,72.29511246395384,231.8453826904297,419.3446075439453,0.5055078562763002,0.03892893844331037,0.4552049577236176,0.5570858776569366,25.147343275282118,1.6489757575911301,23.472247505187987,27.21515827178955,6.582595228962332,0.12510216968895826,6.432509780674114,6.746801030931957,5847.163926866319,698.4062120483159,5152.700244140625,6837.310693359377,0.107511777513557,0.014771086026522183,0.08818306028842926,0.12721365690231323
goat,underwater,3.0,1,90,90,3.0,3.8992443084716797,"dagrs,greedy,sam2video",8.967142138370182,0.5178434793865763,8.432045653559264,9.69772862842829,0.4645772410806869,0.07556821802698241,0.37323557019461456,0.5698865337874888,78.41009606255426,48.47553329832176,29.592331314086913,155.16390686035157,0.09754646345973014,0.012981043336646545,0.08479347079992294,0.11789840832352638,12.928494469324749,3.941055353411036,7.934051513671875,18.0288179397583,5.58258682522103,0.4504000724405338,4.975180461098627,6.14414642201558,1336.0674648708768,738.0041036176682,543.6577026367188,2376.511669921875,0.5360355175203747,0.09866368682492443,0.3906652837991714,0.652202981710434
gold-fish,C1_fog_noise,3.0,1,78,78,2.999999761581421,3.899493455886841,"dagrs,greedy,sam2video",8.169090060748061,1.4300426736945544,6.452017687439559,10.126933668136028,0.20250426534352914,0.08292744130576021,0.11023149654375515,0.3273748764489483,2037.5268898988381,978.4459928985139,828.6345703125,3424.9455322265626,0.44963071170525676,0.04052097995408404,0.3929791241884232,0.49790658950805666,25.216187330392692,1.896103925344283,22.69247360229492,27.634127616882324,6.609210651972565,0.09203738176703974,6.489639523913673,6.734714825977512,2695.1328125,1092.2711822076703,1373.4951782226562,4271.524462890625,0.25531567614047956,0.04423534302842809,0.2065547987818718,0.3194972604513168
gold-fish,C2_lowlight_blur,3.0,1,78,78,2.999999761581421,3.899493455886841,"dagrs,greedy,sam2video",13.1624691037703,1.7630820852858222,11.141079358358105,15.865207806129316,0.5217915816927065,0.07780433550197774,0.4345855521910277,0.6407097627239943,19.26780633437328,3.6277930663316544,14.022068309783936,23.589627838134767,0.013689168896048497,0.0016421181267718872,0.011785239540040493,0.016674454696476458,20.54496212494679,3.7388612903074643,15.69762306213379,25.60781192779541,5.970807357809773,0.34671230459220637,5.513272294710124,6.430090816988462,439.06790904509717,160.67220049934275,264.2411285400391,657.7267639160156,0.870905883037127,0.01743177423510069,0.8460481345653534,0.8911986470222473
gold-fish,C3_rain_snow,3.0,1,78,78,2.999999761581421,3.899493455886841,"dagrs,greedy,sam2video",8.106690604673044,0.9202354220834252,6.976357924937426,9.379276156235692,0.50422318709728,0.04889064986788821,0.4437140658458202,0.5694991816148083,54.53660730215219,16.18002893129576,33.702585983276364,79.335986328125,0.6075722498771472,0.05318899486489067,0.5335802495479584,0.6726969599723815,16.80784320831299,1.3372477862177587,15.311904525756836,18.798867607116698,5.88739290834829,0.18019948801093902,5.638184153631636,6.127402613195545,1621.5945520645532,471.6923370456009,951.9569580078125,2309.2132080078127,0.17163103226667795,0.046759836471489735,0.11345064491033555,0.2401503473520279
gold-fish,C4_fog_blur_noise,3.0,1,78,78,2.999999761581421,3.899493455886841,"dagrs,greedy,sam2video",8.151524831065986,1.4272860999393548,6.439243077579736,10.106971830193126,0.177548103894857,0.0771113356976675,0.09355495744762272,0.2947374890073341,2034.3410010704627,981.3505796484532,821.7733337402344,3426.236889648437,0.45164707150214756,0.040237955911662904,0.39526438117027285,0.4995895355939865,24.88375013302534,1.8850639095328126,22.44354591369629,27.279202461242676,6.58996269836424,0.0939181477399707,6.4713545926850005,6.715310300027006,2548.6477582882612,1129.8605224515818,1176.5577270507813,4174.310498046875,0.2546453099602308,0.04432975382415474,0.20579330027103424,0.3189318388700485
gold-fish,clean,1.0,1,78,78,1.0,1.0,"dagrs,greedy,sam2video",99.0,0.0,99.0,99.0,0.9999999999995917,3.8126083108365415e-14,0.9999999999995189,0.9999999999996265,39.13794246086707,3.500034254736837,34.27003288269043,43.32050552368164,0.05573253586697273,0.0030099947199442316,0.0519218023866415,0.060428325086832047,34.175018066015,0.7665086510991753,33.28703231811524,35.2874153137207,6.985980507111107,0.032087241977701735,6.950291333081335,7.0323080235672055,1939.9937180739182,159.3026710668245,1705.234765625,2135.4111328125,0.8130171833894192,0.007420248546552023,0.8020793080329895,0.8220440745353699
gold-fish,dust,3.0,1,78,78,2.999999761581421,3.899493455886841,"dagrs,greedy,sam2video",10.465984360800592,1.318367197373231,8.920884082987707,12.294617261377592,0.6414597655195383,0.03932660805221308,0.5940169618282183,0.6967393592970174,12.109439984346048,2.057293227400921,9.457991886138917,14.595420551300048,0.4646050968231299,0.05223486599152133,0.39275859892368314,0.5263237118721008,24.96187413044465,1.5571668063298698,23.030368423461915,26.57903251647949,6.618268032897315,0.08799086977906259,6.499155266702538,6.704145985855919,509.2632391513922,90.55712311538038,398.5247528076172,635.6139953613281,0.22946225221340472,0.0695335775940632,0.15308515578508378,0.3325080186128616
gold-fish,fog,3.0,1,78,78,2.999999761581421,3.899493455886841,"dagrs,greedy,sam2video",8.244182060941478,1.381979597787513,6.622879908100068,10.188436666388702,0.5637356288941627,0.047930426753946466,0.5069100033517853,0.6320003091795923,6.57593183639722,1.9587676767344888,4.3111827850341795,9.356169605255127,0.5878971100617678,0.0807105084753716,0.477876752614975,0.6865486919879913,23.602731411273663,1.8052860155469266,21.17859001159668,25.485412216186525,6.368856528091509,0.16505422754608778,6.137476256658584,6.591876582601929,259.8817341144268,84.83686523562676,163.59213256835938,384.9611419677734,0.2210341020463369,0.06122499152670845,0.14579057544469834,0.3064156174659729
gold-fish,lowlight,3.0,1,78,78,2.999999761581421,3.899493455886841,"dagrs,greedy,sam2video",13.06980199682888,1.749646137631903,11.056810203603954,15.736699108358057,0.2989215400422252,0.08203991929570267,0.20338401304203438,0.4229247365113378,1022.8695835211338,236.49155820479123,702.3940368652344,1321.0952880859375,0.0007613341932562311,0.0010456574290030932,7.372424988716375e-06,0.002510656137019396,23.04310864668626,2.9630668802564966,19.06655044555664,27.032476806640624,6.213846552284005,0.2523502645972779,5.881549395190576,6.555036906876757,2253.454616448818,146.98258857978345,2042.5596069335938,2430.1259277343747,0.9196721284817426,0.011437693153775273,0.9014932751655579,0.9308049023151398
gold-fish,motion_blur,3.0,1,78,78,2.999999761581421,3.899493455886841,"dagrs,greedy,sam2video",30.689225650371437,2.31852352738849,27.962582672565098,33.93428192240433,0.8753995339890464,0.0343176217722263,0.832323828674921,0.9220722478730023,5.6867715670512275,1.2091212418583976,4.24651346206665,7.446272850036621,0.07336759404876293,0.003348899323897894,0.0682936280965805,0.07708724290132522,32.49673442351512,0.812696320849891,31.394006156921385,33.550621795654294,6.934784304854736,0.032236261034896255,6.895584121056344,6.977347849133119,671.5384951860477,149.65179414481847,483.72954711914065,888.8788452148438,0.8101860987834442,0.007254652795335938,0.7998272955417634,0.8192919373512269
gold-fish,rain,3.0,1,78,78,2.999999761581421,3.899493455886841,"dagrs,greedy,sam2video",10.823508112632057,1.2915433241028245,9.28078605500561,12.603438065820317,0.6216374925885909,0.05371363028790742,0.5563132285371505,0.6924621839478806,27.904577255249023,7.259749719150622,20.079757118225096,37.531853866577144,0.4451479162925329,0.05229349151399186,0.3771067589521408,0.5105101227760315,24.981961592649803,1.5600872478216066,22.764007759094238,26.452663230895997,6.625296421732775,0.0837092362805639,6.5141504538580675,6.718971944851602,1106.8227906838442,456.70787573164773,630.3995300292969,1691.1554565429688,0.3390369208959433,0.05274721494745338,0.27221000492572783,0.40941327512264253
gold-fish,sensor_noise,3.0,1,78,78,2.999999761581421,3.899493455886841,"dagrs,greedy,sam2video",25.52013799622189,2.237659692758403,22.769543958896158,28.751140629788114,0.3980729604107705,0.10525185440432458,0.27304387822477455,0.5546441635732907,1956.994121844952,907.252480964405,832.3591247558594,3242.1755126953126,0.015220850998631272,0.0059878841237768045,0.008454796299338341,0.024590293318033217,35.30301759181879,1.0368850115740096,34.12356262207031,37.041497802734376,7.101214904338972,0.04880075149071819,7.044917185719204,7.180638706693691,4171.5965419671475,1162.320569749867,2768.15205078125,5788.170166015625,0.8165752360453973,0.007610263169596136,0.805375212430954,0.8255514919757843
gold-fish,snow,3.0,1,78,78,2.999999761581421,3.899493455886841,"dagrs,greedy,sam2video",11.729453241095264,1.1841391494447122,10.279326541139294,13.35357749080944,0.6379294638517292,0.04474057424016215,0.5796652408590468,0.7004243670750936,67.54532090211526,19.54439530848582,42.51588935852051,97.85412673950195,0.4022207814149367,0.042152219749366164,0.3488548696041107,0.4559924304485321,26.52510012113131,1.673769233228415,24.638764953613283,28.689154434204102,6.696154659017707,0.0774413137879124,6.596870975255991,6.775170223917768,2562.874812199519,824.5712138013001,1440.7046142578124,3854.6705810546873,0.38251489248031223,0.044332161325043314,0.32509351670742037,0.44070976972579956
gold-fish,underwater,3.0,1,78,78,2.999999761581421,3.899493455886841,"dagrs,greedy,sam2video",12.734713234728206,0.5369918633552722,12.181346061540617,13.466791881863475,0.7235207480080199,0.03162878596436329,0.6885216799065986,0.7676303573425088,4.946653980475205,1.6836425980579226,3.077360439300537,7.566027832031249,0.04482509625645784,0.006557920040234166,0.036830748245120046,0.054221483692526815,10.378906023808014,2.489989617599055,7.613319396972656,14.010383892059327,5.261960228629956,0.3100161882617979,4.868509774309037,5.685715766129131,166.0996046310816,74.51235892732122,87.42645034790038,279.2438629150391,0.8377492993305891,0.010730901528287868,0.8231465458869934,0.8511450827121735
horsejump-high,C1_fog_noise,3.0,1,50,50,3.0,3.8972883224487305,"dagrs,greedy,sam2video",12.834347360497567,1.7252842026880353,10.81580725110695,15.144261701481126,0.2984728428170125,0.10976737673848212,0.1742310125433833,0.4635734878413518,2098.5291748046875,890.218786989502,980.2889038085938,3349.6826904296877,0.5641055452823639,0.013967084450812151,0.5430456519126892,0.5783681392669677,22.506108741760254,2.526341443268968,19.46998233795166,25.880696868896486,6.311984851141038,0.10042130210650023,6.193434089026097,6.45644025123854,3877.9852001953127,515.0680174413438,3319.58955078125,4629.71552734375,0.13577838346362114,0.009131295807929674,0.1234908752143383,0.1478812053799629
horsejump-high,C2_lowlight_blur,3.0,1,50,50,3.0,3.8972883224487305,"dagrs,greedy,sam2video",10.938048589289801,2.0707664489344513,8.518206505058531,14.11259493448447,0.5386282216788465,0.09247136604851813,0.42083758979086405,0.67221881458171,57.70579696655273,29.59311243722252,34.429884338378905,77.85342636108402,0.18729960322380065,0.04490377201863733,0.13159555047750474,0.24871426373720168,39.19854389190674,5.329464607504223,31.991888809204102,46.038143920898435,7.055302712543355,0.17926373762622166,6.79125362219581,7.297963740849481,1932.2427221679689,916.0043244967659,1003.8066955566406,3143.6779296875,0.40569061040878296,0.029141674610937394,0.3668311834335327,0.443052676320076
horsejump-high,C3_rain_snow,3.0,1,50,50,3.0,3.8972883224487305,"dagrs,greedy,sam2video",13.14056693134223,0.9817563111423504,11.866545844845138,14.372444542180158,0.672877417902754,0.057272940232811126,0.5963592926507071,0.7499988234639611,96.82914749145507,14.702073790262975,79.48509902954102,116.72332458496093,0.6914521980285645,0.033496227274206224,0.648169094324112,0.7349167883396148,15.753849315643311,2.0046694838009835,13.503983879089356,18.242672157287597,5.415955157956225,0.29649900219003783,5.032609079465059,5.829537059020299,1856.9454345703125,174.76612548450535,1625.9892578125,2026.8834960937502,0.05119054850190878,0.014971247578571076,0.0332596056163311,0.07158080115914345
horsejump-high,C4_fog_blur_noise,3.0,1,50,50,3.0,3.8972883224487305,"dagrs,greedy,sam2video",12.608373203316187,1.6436181356654964,10.68392352475119,14.75976136404501,0.21706120892377803,0.0864755446602262,0.12283851028582979,0.3485685558083098,2007.9279711914062,936.7581154094134,822.4793701171875,3323.41240234375,0.574650764465332,0.011029136640917654,0.5578376710414886,0.5872652471065521,21.400788841247557,2.3802928621918347,18.59438819885254,24.59093494415283,6.262768420021623,0.09762575371521387,6.147842628752847,6.403131846239525,2742.9473510742187,919.0745795573209,1683.2569580078125,4065.8845703125003,0.1350760751962662,0.009322912880170975,0.12282159253954887,0.1474944144487381
horsejump-high,clean,1.0,1,50,50,1.0,1.0,"dagrs,greedy,sam2video",99.0,0.0,99.0,99.0,0.9999999999999932,9.042696677806655e-16,0.9999999999999923,0.9999999999999943,793.5158776855469,81.29354855213751,655.2018249511718,864.2301086425781,0.37597070455551146,0.00976167955539532,0.36294732689857484,0.3873701304197311,52.16493133544922,0.7410817785948095,51.19582290649414,53.057701110839844,7.274264676948247,0.082842245062478,7.169761667628173,7.378165367983941,11924.58712890625,685.30267260869,11132.021875,12825.58271484375,0.2630708348751068,0.004786022630867195,0.2556571543216705,0.2683082759380341
horsejump-high,dust,3.0,1,50,50,3.0,3.8972883224487305,"dagrs,greedy,sam2video",15.862460960327848,1.433458616508931,14.202782292641265,17.774560464828454,0.8409545205409416,0.033549925228559055,0.7930696504932359,0.8834100605405746,210.02589782714844,56.4842046846066,132.7630470275879,277.6295501708984,0.5489286327362061,0.011352884369161927,0.5337111234664917,0.5623154819011689,27.197278099060057,3.288343541750552,22.928957366943358,31.460922622680666,6.3137159473985935,0.20888344763230562,6.043901164625684,6.5757099931860115,3121.4811962890626,726.1055098283015,2218.4423828125,4036.423828125,0.19777047604322434,0.02986516699245991,0.16234150528907776,0.23924178034067153
horsejump-high,fog,3.0,1,50,50,3.0,3.8972883224487305,"dagrs,greedy,sam2video",13.0147272508668,1.6470697838785187,11.08056883404947,15.259267537995733,0.7513754430592928,0.051797189354840525,0.6783740390285895,0.8205382185537026,98.5812784576416,45.5925375251346,45.824261856079104,155.25713806152345,0.7001773083209991,0.05834385136163297,0.6259930372238159,0.774310290813446,19.619334564208984,3.919839999295731,14.173526287078857,25.102739906311037,5.707033170260503,0.3363508671311651,5.284518446324222,6.117064807290293,1454.7946002197266,635.1935463030384,706.8923461914062,2247.0030517578125,0.06616149246692657,0.02064253157145827,0.04130305871367455,0.09469595551490784
horsejump-high,lowlight,3.0,1,50,50,3.0,3.8972883224487305,"dagrs,greedy,sam2video",11.053689431577942,2.123401169537187,8.571054606724516,14.287245120364632,0.3833924634217874,0.10882606636305078,0.25107252948904224,0.5402087025937674,2049.4726977539062,370.41372834182215,1580.8596923828125,2551.0649169921876,0.09579841699451208,0.05301801124071491,0.03221606016159058,0.1721633717417717,43.627355346679686,4.543906930772362,37.4433780670166,49.455610275268555,7.2545442413815735,0.13586862259202942,7.058177757726825,7.445673300964658,10337.67017578125,1145.1838470758282,8895.5078125,11940.992578125,0.49108810007572173,0.05811997721876293,0.41221786141395567,0.5676014721393585
horsejump-high,motion_blur,3.0,1,50,50,3.0,3.8972883224487305,"dagrs,greedy,sam2video",23.478555834401032,1.1725615641856941,22.09286158261546,25.280870568924424,0.7283201423971696,0.04269370772085482,0.6765848947860968,0.788207387994339,38.00358833312988,15.124858217203133,22.930590629577637,58.97789649963379,0.4446469575166702,0.010025550352448707,0.43276875615119936,0.4581734538078308,47.82679229736328,1.1156151759338961,46.29084396362305,49.33873062133789,7.199226177927354,0.08834532791884361,7.090645052393561,7.3028237852639055,2268.840104980469,595.8340796394148,1586.2870971679688,3126.5627929687503,0.25220416754484176,0.00617376861845164,0.24307687133550643,0.26011286675930023
horsejump-high,rain,3.0,1,50,50,3.0,3.8972883224487305,"dagrs,greedy,sam2video",15.85141179723326,1.4811741441742854,14.175149401227515,17.811696923436816,0.8107482350493505,0.0515283703050133,0.7410051426729983,0.8723806774234701,192.8684927368164,53.543906039666936,123.46470489501954,257.4181823730469,0.6031928443908692,0.03519471470577969,0.5604305148124695,0.6476605534553528,25.81953845977783,3.342100745081555,21.525492477416993,30.34921970367432,6.275836977306625,0.18630641206677576,6.0564600133307644,6.509914971130336,3045.2206713867185,574.5431679589975,2345.50244140625,3778.6236083984377,0.1017528748512268,0.018892895385648638,0.07885668575763702,0.12703246325254441
horsejump-high,sensor_noise,3.0,1,50,50,3.0,3.8972883224487305,"dagrs,greedy,sam2video",25.19120968876362,2.32361242472942,22.345449197330886,28.60897923933061,0.4813958250745403,0.09541066552778994,0.36709119080492747,0.6193799676692935,2810.9165625,958.0071051954478,1638.8231811523438,4137.368505859375,0.29271339923143386,0.030591658891789712,0.25158059448003767,0.33084356784820557,53.00307434082031,0.8118946706488759,51.819155883789065,53.96593589782715,7.4544705442425485,0.07780119932993962,7.347056354395735,7.570653684397841,14274.6894921875,1381.0887976930057,12463.41845703125,16170.9705078125,0.30078806579113004,0.015056055547023535,0.2837390065193176,0.3235864758491516
horsejump-high,snow,3.0,1,50,50,3.0,3.8972883224487305,"dagrs,greedy,sam2video",16.722022800654827,1.3677512575745818,15.080853566373552,18.55714652591297,0.8158221394227474,0.042992297493371454,0.7569396189307535,0.8703009836369553,267.42689239501954,43.88649524037548,210.8163101196289,321.7946075439453,0.5754130625724793,0.027788788366291846,0.5418934643268585,0.6115392088890076,28.931477508544923,2.597437644922458,25.374924850463866,32.26938514709473,6.43780303445435,0.16714002715714288,6.202850325434129,6.660454430718571,4576.755263671875,438.6045027297444,4031.885595703125,5202.375439453125,0.11473630994558334,0.01665021122437709,0.09454087987542152,0.13663116842508316
horsejump-high,underwater,3.0,1,50,50,3.0,3.8972883224487305,"dagrs,greedy,sam2video",7.790927632105902,0.5589671783144885,7.20484033559113,8.619199183163966,0.5536285697058301,0.0657273553796844,0.4792885539742338,0.6498983309929242,68.4053524017334,35.414845119884234,30.83691272735596,119.5711555480957,0.11269325375556946,0.01986775407483946,0.09193818643689156,0.1419814184308052,16.15171672821045,4.622931841064851,10.475922966003418,22.20759525299072,5.870076307717646,0.4621738325562085,5.229704625331681,6.415301438368261,994.3522821044921,490.86557253631025,457.3290679931641,1686.0665283203125,0.6038024866580963,0.06880113385721282,0.5036042511463166,0.6832047462463379
india,C1_fog_noise,3.0,1,81,62,2.988983631134033,3.8996880054473877,"dagrs,greedy,sam2video",8.48547778093665,1.5201656288993075,6.643687556377733,10.547500643082117,0.23157931051759417,0.09123542141643755,0.13153419014809295,0.36152498963461904,2030.841249819155,967.4237754615211,847.2059326171875,3405.833984375,0.4915249660427188,0.032116530360795245,0.44445836544036865,0.5275625586509705,26.998161221727912,2.4904390381403316,24.276498794555664,30.715803146362305,6.706525644201541,0.14294784153065007,6.559065144023489,6.882485013390875,3006.9495970172648,1014.5382465373867,1780.6962890625,4436.8603515625,0.1507952783578708,0.007584856570990967,0.1421709954738617,0.16069947183132172
india,C2_lowlight_blur,3.0,1,81,67,2.988983631134033,3.8996880054473877,"dagrs,greedy,sam2video",12.70077868511406,1.753706009923168,10.553393782754304,15.169164152707843,0.425416520857297,0.10929793064606237,0.3007524650541549,0.5937761433739832,26.52407208195439,7.583247815981182,19.432767868041992,35.79178237915039,0.052426918444258196,0.020896800518185755,0.03272011876106262,0.08644042909145355,34.87812894656334,8.52896832676657,24.275325775146484,47.522247314453125,6.30465315524944,0.4786275891015584,5.685719449219439,6.933356242146312,927.2496202256945,469.1212270529637,508.5468444824219,1690.8275146484375,0.5091913820784769,0.024765122192977995,0.4813740849494934,0.5385826826095581
india,C3_rain_snow,3.0,1,81,63,2.988983631134033,3.8996880054473877,"dagrs,greedy,sam2video",8.50437863286592,1.042279610934552,7.185803575315762,10.043798610752068,0.5128189021252726,0.07215114450446049,0.42730740942440937,0.6197053018429374,62.12784307974356,14.818281328747176,41.1192626953125,80.68228912353516,0.6399991983248864,0.04802269927309577,0.5735238194465637,0.6995759606361389,18.184197237462172,2.2636351171859244,15.76546573638916,21.695728302001953,6.037243186245344,0.2430134704661606,5.708958438025811,6.363452944474724,1719.8695286880304,384.4815066630341,1115.2723388671875,2214.1376953125,0.05379364510745178,0.01637336980266612,0.03401092067360878,0.07668962329626083
india,C4_fog_blur_noise,3.0,1,81,62,2.988983631134033,3.8996880054473877,"dagrs,greedy,sam2video",8.451488470107627,1.5144298343914273,6.615376650692304,10.525873040941306,0.1860204198721822,0.08244793179307772,0.09624345820939323,0.31869336751609173,2013.6940593954957,976.3149223512236,811.7317504882812,3397.675048828125,0.49562702723491336,0.03155227589602651,0.44941702485084534,0.5315876007080078,26.477557947606215,2.485189310714351,23.750417709350586,30.486398696899414,6.677168703126177,0.14420532452129997,6.529990625941272,6.862780373354193,2602.5628858024693,1085.5667003252174,1346.2391357421875,4160.279296875,0.15018323413383813,0.007648521679818385,0.1415025144815445,0.1601240634918213
india,clean,1.0,1,81,62,1.0,1.0,"dagrs,greedy,sam2video",99.0,0.0,99.0,99.0,0.9999999999999706,6.7048624446616286e-15,0.9999999999999595,0.9999999999999801,165.60260311173803,99.29653909349184,64.0108413696289,329.38250732421875,0.18223962206163524,0.03513272229831545,0.15655286610126495,0.2418135702610016,50.84519237942166,6.072732559401574,43.3189697265625,61.083499908447266,7.411950504721176,0.14041787393478947,7.16600085655708,7.529054707060679,4796.123437198592,1713.8036248269555,2577.581787109375,7333.8984375,0.3948664786639037,0.020627869281293763,0.36482763290405273,0.41952788829803467
india,dust,3.0,1,81,62,2.988983631134033,3.8996880054473877,"dagrs,greedy,sam2video",11.777483974064275,1.289141198972686,10.077082232612236,13.532352259265162,0.7073755865969865,0.05383747475803132,0.6385341295406335,0.7836720915990721,45.073578422452194,30.98367703952644,17.2852725982666,78.99987030029297,0.4440179066157635,0.030697913479504717,0.40289902687072754,0.48728442192077637,29.890721403522257,3.53224828030959,25.904964447021484,35.81324005126953,6.858148129270631,0.14353657334246328,6.666269350536089,7.0641544048536575,1259.366801697531,545.2427827266162,675.8151245117188,1966.3934326171875,0.25520866171077444,0.0236456475919668,0.22203610837459564,0.2879175543785095
india,fog,3.0,1,81,62,2.988983631134033,3.8996880054473877,"dagrs,greedy,sam2video",8.564748364351285,1.4946673640162784,6.675947812354678,10.647715893729776,0.5812409786333288,0.07531897022876327,0.48907427002176135,0.6916391914886328,21.942180751282493,18.062190923459106,9.253341674804688,35.17378616333008,0.6311464854228643,0.0760135238637854,0.5228165984153748,0.722463071346283,24.644228452517662,3.197229257050144,20.539419174194336,29.003143310546875,6.4526656184353275,0.26719163910190785,6.073971190936366,6.7735376128933185,604.5926830150463,350.44300169067276,334.1350402832031,1137.4300537109375,0.07235267073099996,0.023738986922573552,0.043931540101766586,0.10805916041135788
india,lowlight,3.0,1,81,62,2.988983631134033,3.8996880054473877,"dagrs,greedy,sam2video",12.700082629392806,1.7519706766699437,10.522830218800705,15.190952028085235,0.2817852692087139,0.09303360748426176,0.17823664146527296,0.4191399921716126,1241.397020128038,284.9991765847395,836.0418701171875,1624.9949951171875,0.01821542946897723,0.01642017458589726,0.0026718999724835157,0.04279628023505211,37.61297423751266,7.967463386212582,27.537677764892578,49.92160415649414,6.548403954139856,0.38361610513556627,6.068309890053343,7.041713105867481,4358.113098898051,1225.135338188956,3101.7919921875,5941.04345703125,0.7179886706081438,0.06277984883814719,0.6303781270980835,0.7940970063209534
india,motion_blur,3.0,1,81,62,2.988983631134033,3.8996880054473877,"dagrs,greedy,sam2video",27.89895212595332,2.887199616807074,25.268117314328904,31.538480710373914,0.8206817511945745,0.0651419396941551,0.7514171977489489,0.9116998316847784,14.798685833259865,10.259420929720152,6.3833699226379395,30.289997100830078,0.21360497654956065,0.03435833423958473,0.18459177017211914,0.2769266664981842,48.591413615662375,6.03298394414268,42.69132995605469,58.98332977294922,7.378644522417486,0.1331231557385661,7.167876349005686,7.482392994915685,1343.1244032118057,538.8616472116137,842.325439453125,2230.387451171875,0.38919388585620457,0.021023122489332555,0.35623860359191895,0.4141315817832947
india,rain,3.0,1,81,62,2.988983631134033,3.8996880054473877,"dagrs,greedy,sam2video",11.21304658794582,1.4158722473359941,9.373338713266449,13.133951723205657,0.6623888868504185,0.07223408313139187,0.5703383263934485,0.7632179434518399,54.52358523710274,27.317247052106147,30.088956832885742,83.26390838623047,0.507238906474761,0.0511265519318869,0.4362437427043915,0.5709909200668335,29.013635140878183,3.286685717372606,25.399267196655273,34.18387222290039,6.822459518366624,0.13860370673683292,6.648398028446442,7.005280230371581,1667.324376989294,537.4914303411811,881.40869140625,2265.86083984375,0.11667491284049587,0.023596441584098033,0.0874720886349678,0.15101811289787292
india,sensor_noise,3.0,1,81,62,2.988983631134033,3.8996880054473877,"dagrs,greedy,sam2video",25.258997303055324,2.320653105105948,22.36613489634058,28.609744605639072,0.4385722533239739,0.1005396339331258,0.3240917809618929,0.5990484635558614,2159.163168071229,972.2598150770109,917.269775390625,3561.071044921875,0.09026355645906778,0.03787903397726195,0.05348612368106842,0.15691843628883362,51.67200229786061,5.96577292001899,44.0970573425293,61.530086517333984,7.533278274963328,0.14281545049524969,7.2811516338553135,7.6502779068010875,7167.878402898341,2219.0139424702543,3854.654296875,9420.908203125,0.4661171318572245,0.036733552965304034,0.4078526496887207,0.5116922855377197
india,snow,3.0,1,81,62,2.988983631134033,3.8996880054473877,"dagrs,greedy,sam2video",12.125421349786544,1.309953635778349,10.382495449434883,13.904936269395927,0.687155343047581,0.05887118567188331,0.6128304077141724,0.7677492487795767,102.45351475845149,34.46808209011732,67.40264129638672,161.31114196777344,0.4705092469115316,0.043090897684716745,0.41269218921661377,0.5276054739952087,31.54709184905629,3.23883342983378,27.895788192749023,37.14535140991211,6.927958513686555,0.12212641237680977,6.794693795507513,7.087771661539872,3204.3915367597415,858.0279069106405,1821.247802734375,4207.90185546875,0.13434597537105467,0.0213003357089691,0.10829374194145203,0.16522255539894104
india,underwater,3.0,1,81,62,2.988983631134033,3.8996880054473877,"dagrs,greedy,sam2video",11.772330816244418,1.0982228314255666,10.331678393586277,13.406310322206629,0.6403097361628886,0.06177768200795584,0.5679682968219381,0.7208988680473616,15.539763312280915,13.776778950940422,5.45135498046875,26.998117446899414,0.08894880566700006,0.011879225811380055,0.07776521146297455,0.10561326891183853,14.555318938361275,4.185332332659707,9.774123191833496,19.96477508544922,5.653840263177832,0.3347781744861155,5.198954985296509,6.08630927645084,398.3083982114439,275.81944104319285,175.50550842285156,813.871337890625,0.5362403102127122,0.09306707549661909,0.40488067269325256,0.6481694579124451
judo,C1_fog_noise,3.0,1,34,34,3.0,3.8968982696533203,"dagrs,greedy,sam2video",9.66090549535864,1.513020102916284,7.941475081062756,11.891030451754345,0.24561882524069087,0.09714024555225986,0.13736677382686702,0.3912230857373183,2053.863379983341,964.6235274923755,867.020428466797,3411.807275390625,0.5211386338752859,0.01735940656862429,0.4934996396303177,0.5397380709648132,23.748964814578784,1.9140916192289195,21.235446739196778,25.73688316345215,6.508275394642768,0.09327171684297032,6.370311004449715,6.60462892564486,3114.291593663833,924.2880124395944,2096.6291015625,4440.694384765625,0.13450442166889415,0.016112164681621105,0.11345970556139946,0.15592159777879716
judo,C2_lowlight_blur,3.0,1,34,34,3.0,3.8968982696533203,"dagrs,greedy,sam2video",11.443503894981186,1.672195568179069,9.567219972041766,13.997588198410599,0.46876495808516533,0.1199441587750389,0.3288648293977052,0.6447079339033239,28.03621718462776,5.42712689547168,21.588494300842285,33.86364974975586,0.09655681800316362,0.03284114870210867,0.059367412328720094,0.1452159360051155,26.89022372750675,4.862802754420563,19.970533180236817,33.1975284576416,6.3107201497450855,0.3541917348299551,5.833740759544557,6.7588206991720226,868.6299977022059,324.75285858340897,463.6041748046875,1321.4662353515625,0.31222569854820476,0.018501935890338463,0.28354697227478026,0.3334647685289383
judo,C3_rain_snow,3.0,1,34,34,3.0,3.8968982696533203,"dagrs,greedy,sam2video",9.862254727067006,0.9978692032545634,8.619679944792564,11.232334024217458,0.6398972315671588,0.05912639188665816,0.5649006636026038,0.7202279358271573,63.222486047183764,10.964012222848107,49.46703987121582,80.31237487792968,0.6707500114160425,0.039008543931003385,0.6186638176441193,0.7201151072978973,16.431342405431412,1.4671867887144925,14.568145847320556,18.345661926269532,5.783924199573583,0.21132414269435063,5.50621697475785,6.044085152757546,1696.9818581973805,305.13928089601364,1276.0360961914062,2105.3427734375,0.02761833057464922,0.008230222730545777,0.01720469184219837,0.039278282597661016
judo,C4_fog_blur_noise,3.0,1,34,34,3.0,3.8968982696533203,"dagrs,greedy,sam2video",9.607228652102284,1.4974845516627249,7.903718326646311,11.812032825593157,0.2062536771255659,0.0870549276992925,0.1107670499008998,0.3354979383963311,2032.2032327090992,975.2281877259237,827.1452270507813,3401.409985351562,0.5262937160099254,0.016011992488797408,0.5008342444896698,0.5431744456291199,23.155334697050208,1.8700989828528187,20.654766082763672,25.102038764953612,6.472628268869472,0.09353869173210695,6.331725479359465,6.56488145498388,2631.788351619945,1071.1835199300606,1364.6122192382813,4171.0458984375,0.1340249318848638,0.016111812445825772,0.11296541541814804,0.15550199151039124
judo,clean,1.0,1,34,34,1.0,1.0,"dagrs,greedy,sam2video",99.0,0.0,99.0,99.0,0.9999999999999846,4.1409629200042493e-16,0.9999999999999839,0.999999999999985,207.76974756577437,5.912472556479866,200.0633056640625,213.14747009277343,0.29598811882383685,0.00367624118888283,0.2905737698078156,0.2997442036867142,44.30909426072065,1.5942204940610534,43.17739677429199,47.337693786621095,7.1630496975860884,0.08402795584901131,7.091839047107251,7.305159486530081,5553.67471852022,263.5679073437666,5282.617138671875,5912.501611328124,0.1884247270577094,0.0037303326695612296,0.18523100763559341,0.19543658643960954
judo,dust,3.0,1,34,34,3.0,3.8968982696533203,"dagrs,greedy,sam2video",13.115467809643885,1.339259376839179,11.45093557420798,15.017879190983692,0.8106849455958551,0.03563317194066773,0.7635289752075678,0.8577605200498067,58.0106777864344,14.012362989853997,40.25996780395508,77.87067108154297,0.4892491137280184,0.01606736304449356,0.4664940983057022,0.5094067573547363,26.011574015897864,1.9156979056441477,23.604075813293456,28.52369327545166,6.601621239743347,0.1279669799983179,6.423431317705442,6.750053763234272,1515.492919921875,362.2979656770939,1076.2105590820313,2032.8594116210938,0.20833665921407588,0.035558296782171976,0.1603495329618454,0.25372604131698606
judo,fog,3.0,1,34,34,3.0,3.8968982696533203,"dagrs,greedy,sam2video",9.845390949995108,1.5629560402713722,7.9701063576074525,12.117139640106595,0.7144500446825517,0.054721942075060176,0.6416684612945746,0.7897450634872819,28.43140184178072,12.383810814634892,14.08685598373413,46.14587211608887,0.6685228452962988,0.0650583440052933,0.5801986515522003,0.7509629607200623,21.70915642906638,2.2693347013273657,18.29934368133545,24.58714027404785,6.207922845595144,0.2222386483445795,5.926776782625775,6.472555516965532,735.5378224989947,322.8886199083757,359.71002807617185,1210.604931640625,0.03822390044875005,0.011869135189369101,0.02514311820268631,0.0563291635364294
judo,lowlight,3.0,1,34,34,3.0,3.8968982696533203,"dagrs,greedy,sam2video",11.439486765045768,1.6872969463632144,9.543730138524648,14.024618396252077,0.2613583113728918,0.09903418178785321,0.15086526944691778,0.4110213859620428,1378.1628920611213,335.3456896320454,933.3626342773438,1824.3078369140626,0.033870086065315476,0.03116369266665881,0.001821437664330006,0.08229653760790824,30.142347111421472,4.094350716197041,24.22169895172119,35.45098876953125,6.624619506115157,0.2665219254521784,6.270309685456129,6.967048401158894,4631.029713350184,276.0735471633564,4304.475341796875,5028.78779296875,0.5538551553207285,0.10659826235700241,0.40924531817436216,0.6893562257289887
judo,motion_blur,3.0,1,34,34,3.0,3.8968982696533203,"dagrs,greedy,sam2video",26.76867348286001,1.472699791251769,25.00934298687157,28.985866875151622,0.8458617898715547,0.031245125586738864,0.8083990070373697,0.8925325348834978,15.827220916748047,4.605845967761469,11.425225639343262,22.38443489074707,0.32765983395716725,0.0045246969499637074,0.32115699350833893,0.3339526325464249,41.607758914723114,1.3847997168070532,40.00645446777344,43.84327354431152,7.10441973694503,0.08031417588245605,7.023981634736485,7.233656809674664,1360.6268472110523,323.30377837453545,994.4354797363281,1827.0741088867187,0.18324622687171488,0.0032354090634320472,0.18074129223823548,0.18904835134744644
judo,rain,3.0,1,34,34,3.0,3.8968982696533203,"dagrs,greedy,sam2video",12.61698154828476,1.4448229373350308,10.838819105825163,14.657329708697837,0.7621988234879824,0.06096791141332529,0.6830730577734361,0.8392380257642059,64.86446762084961,9.026054584160194,54.21510620117188,78.11042404174805,0.5606274289243361,0.040116213660576494,0.5058804154396057,0.613167405128479,25.45684870551614,1.779810381896254,23.28756504058838,27.79719696044922,6.584102550329966,0.10977056569165194,6.459310632622298,6.7230394054641724,1866.5080961339613,217.09705100487633,1551.2403930664063,2113.8822021484375,0.06070757427198045,0.011040257339040491,0.04821906909346581,0.07679229229688644
judo,sensor_noise,3.0,1,34,34,3.0,3.8968982696533203,"dagrs,greedy,sam2video",25.187073432457595,2.3254658049620067,22.330040779324978,28.539056679618835,0.40168002820493864,0.09796246574014951,0.289235872640816,0.5475226122455702,2219.7889350442324,973.2429752358115,1022.5220581054688,3610.7581787109375,0.18214767689214034,0.03195853623025386,0.14053520560264587,0.22529119849205018,45.26180839538574,1.7971438685809504,43.78798561096191,48.47868461608887,7.426257008957915,0.09323434596533547,7.320117389579734,7.577840299857964,7891.924876493566,1222.3229470283272,6415.36767578125,9559.50751953125,0.3110261743559557,0.03840665617506364,0.25960483849048616,0.360789293050766
judo,snow,3.0,1,34,34,3.0,3.8968982696533203,"dagrs,greedy,sam2video",13.539333390961188,1.3311607961041616,11.802244787398118,15.431988008178914,0.7761105807883358,0.04814768739117264,0.7078496562598434,0.8410728570811564,115.70840072631836,12.704248046384992,102.9416290283203,134.78496856689452,0.5293605126002255,0.03193974643816852,0.4855209082365036,0.571764099597931,27.859060399672565,1.5309969512535022,26.18889751434326,29.634192848205565,6.696896078458529,0.09996845764277486,6.567679072704708,6.814176440395785,3396.0553409352024,522.5961623123619,2811.0312744140624,4164.76044921875,0.06952728079084088,0.009654203883160333,0.05832599475979805,0.08344692885875701
judo,underwater,3.0,1,34,34,3.0,3.8968982696533203,"dagrs,greedy,sam2video",11.2562279432837,0.5116883709466609,10.698103058208178,12.03301222159615,0.6508112625652036,0.04571267929946289,0.6019318042675262,0.7194551240339291,19.14676412414102,9.717364208619683,7.604231691360474,33.84052391052246,0.09392259905443472,0.011660491858436928,0.08245054930448532,0.11345217451453209,13.293479035882388,3.5662619433115776,8.665499114990235,18.601311111450194,5.597685577920965,0.4332002363468717,4.9791709204912475,6.182799807965702,479.51659393310547,254.9271389590202,177.1187271118164,895.3778564453124,0.5926501610699821,0.07348881021805241,0.4818980425596237,0.6750551879405975
kite-surf,C1_fog_noise,3.0,1,50,42,3.0,3.8937995433807373,"dagrs,greedy,sam2video",10.88220879452373,1.5633816996257528,9.065742511897309,13.086634349187364,0.27185318677527937,0.10700493748741731,0.1521330430603499,0.4278120483204772,2052.404504394531,950.440228769481,861.6981079101563,3363.5283935546877,0.5263962656259537,0.0211679153522441,0.4959003984928131,0.5519528448581695,20.67731174468994,1.028735316636846,19.21044158935547,21.83323440551758,6.369758437164925,0.06934784227058836,6.268572552813777,6.459371867643719,2941.9133349609374,958.3822423901752,1796.0785522460938,4334.4861328125,0.15325598984956743,0.006241119028217987,0.14598295241594314,0.1594909980893135
kite-surf,C2_lowlight_blur,3.0,1,50,38,3.0,3.8937995433807373,"dagrs,greedy,sam2video",10.972320748045679,1.8066723102900626,8.898878757920361,13.815154446639982,0.44367695470373264,0.11734939161811131,0.30816904964840025,0.6101291782798655,32.548051834106445,7.142386960356345,22.630647659301758,42.07094230651855,0.09884843677282333,0.026102164413146802,0.06891082376241683,0.13660521805286407,32.16578990936279,2.9354466944891002,28.390268325805664,35.5679817199707,6.3678452880426475,0.28195146912366603,5.970664579266472,6.714005009968655,691.2096600341797,336.855859039581,345.1810272216797,1219.1269897460938,0.5181163597106934,0.022110890945233115,0.489156511425972,0.5501821219921113
kite-surf,C3_rain_snow,3.0,1,50,38,3.0,3.8937995433807373,"dagrs,greedy,sam2video",11.253141891110188,1.0249206763512946,9.979362198758778,12.708828896768564,0.6381992739777829,0.060435280654617285,0.5588954993577042,0.7195374338875188,65.24937469482421,9.723499251367967,51.025818252563475,79.63438873291015,0.6645214784145356,0.04280050753869231,0.6043573021888733,0.7193576097488403,14.1460786819458,1.05403726315204,12.865867805480956,15.605002117156982,5.607871813211213,0.2077333464341799,5.318722706416314,5.8695203084591165,1516.9498974609376,293.3666429615122,1028.1275146484375,1912.1494262695312,0.0647335459291935,0.021140474731967892,0.040583284199237825,0.09558522403240204
kite-surf,C4_fog_blur_noise,3.0,1,50,38,3.0,3.8937995433807373,"dagrs,greedy,sam2video",10.827078707448242,1.5440810743424367,9.024787129910214,12.976137977745724,0.20476033314975545,0.08474264475963007,0.11205780994183404,0.3267447622482184,2021.4847131347656,963.886838920236,804.7995910644531,3351.4450927734374,0.5310928076505661,0.019770757227637457,0.5022693932056427,0.5553511023521424,20.19777442932129,1.0362793545656244,18.869085121154786,21.40755558013916,6.338161129921156,0.07028571709674068,6.23516149030663,6.419053646753293,2524.814523925781,1095.863443197855,1173.264501953125,4067.600537109375,0.1527041357755661,0.006265099543609315,0.14547916799783706,0.15889417231082917
kite-surf,clean,1.0,1,50,38,1.0,1.0,"dagrs,greedy,sam2video",99.0,0.0,99.0,99.0,0.9999999999999784,7.748831803564341e-15,0.9999999999999668,0.9999999999999849,278.72560638427734,32.32031338378957,248.0993896484375,323.4690399169922,0.2727547624707222,0.008371751951437894,0.26186569929122927,0.2839114785194397,37.28574844360352,1.0879550794763215,35.887154006958006,38.70387153625488,7.01432632226872,0.04077724794825028,6.957739702125633,7.069867426727447,4247.245498046875,490.8671921470862,3596.8776123046873,4897.66240234375,0.3733586549758911,0.014088451631728912,0.35974894762039183,0.3956418365240097
kite-surf,dust,3.0,1,50,38,3.0,3.8937995433807373,"dagrs,greedy,sam2video",13.944772001556915,1.4260827228171071,12.166064744675808,15.943054915990215,0.8153919462860207,0.03662058196887072,0.7731323930816072,0.8613759349390694,73.0011930847168,16.192263935152965,50.034684371948245,94.79132232666015,0.5325217097997665,0.02201709932040801,0.49998792707920076,0.5602876663208007,21.910055198669433,1.593048092699496,19.44478759765625,23.55443878173828,6.395888248447205,0.09996452962699312,6.251216862167346,6.507263639147705,1096.1248547363282,245.19045450356307,787.1761779785156,1427.3512817382814,0.17143382608890534,0.018467858621444542,0.15269487500190734,0.19800035208463668
kite-surf,fog,3.0,1,50,38,3.0,3.8937995433807373,"dagrs,greedy,sam2video",11.059237926487278,1.5923272575184484,9.147569927746849,13.35717806630953,0.7131128674272841,0.058032994717893256,0.6449960117871465,0.7901287745582036,34.18223924636841,14.165801281590431,16.95260992050171,55.73244323730469,0.6653297209739685,0.06867154174975067,0.5714085102081299,0.7551821231842041,18.036051235198975,1.8896941016138655,15.168167114257812,19.936207962036132,6.046841785968732,0.2098329413049265,5.725460754023547,6.2932528676380235,507.47393798828125,214.12306059398173,243.68531494140626,836.3066833496093,0.08472997650504112,0.02863905320361842,0.052875643223524095,0.12889718413352966
kite-surf,lowlight,3.0,1,50,38,3.0,3.8937995433807373,"dagrs,greedy,sam2video",10.94131718278433,1.8180311775060471,8.851028173065433,13.826851557173942,0.31687214686827786,0.1150178182674415,0.18389672182246367,0.480157138803765,1654.6163256835937,435.889565633289,1070.0855590820313,2238.52080078125,0.038796089943498376,0.023890494486800907,0.012841685116291046,0.07528396174311638,35.097474327087404,2.352411119774492,31.853843879699706,37.84359283447266,6.665977851313991,0.14822496492761764,6.467052057643189,6.8571838596236585,5235.0342578125,576.3318865596192,4445.381591796875,5879.170751953125,0.6046874749660492,0.05962587027490658,0.5255123972892761,0.6851973056793212
kite-surf,motion_blur,3.0,1,50,38,3.0,3.8937995433807373,"dagrs,greedy,sam2video",27.64284229660044,1.6900468174729204,25.755454484682822,29.63157140373947,0.719217152193848,0.06463889771887697,0.6519113620823084,0.7898107983157197,13.127815570831299,10.702188361693977,5.44637246131897,21.911979484558106,0.3156431794166565,0.014857306673093967,0.292252853512764,0.3335053831338882,35.046877975463865,1.133505330252219,33.34370307922363,36.38699073791504,6.908604738289261,0.051879472959124054,6.847848128971025,6.9767224865585975,682.1639074707032,412.94482730015346,319.4422210693359,1079.867724609375,0.3677211081981659,0.015251810615795868,0.3525080144405365,0.39173156619071964
kite-surf,rain,3.0,1,50,38,3.0,3.8937995433807373,"dagrs,greedy,sam2video",13.925944622251818,1.4534000429299743,12.141868836515796,15.942043337322081,0.778565265391159,0.05809549722223072,0.7085812490999863,0.8483114831520171,74.85891052246093,12.92886092415399,57.40256538391113,93.31942443847656,0.5537743866443634,0.04464394854062097,0.4917279452085495,0.6139909505844117,21.104749908447264,1.4919840561674553,18.771729278564454,22.714178848266602,6.355036997089833,0.09335616586068611,6.2274127196643345,6.457208649764286,1362.0016479492188,202.12452941380974,1089.796826171875,1636.5880737304688,0.1344447076320648,0.028252052466994106,0.10246991962194443,0.17797966450452804
kite-surf,sensor_noise,3.0,1,50,38,3.0,3.8937995433807373,"dagrs,greedy,sam2video",25.176994529891587,2.3311315453158254,22.340575704852135,28.650475029278336,0.44160522820647236,0.11078438069658972,0.31436465795993856,0.592685082101185,2303.550457763672,991.080884428254,1089.41044921875,3726.6185546875,0.17972928017377854,0.025400571622845446,0.14571260958909987,0.2128030762076378,38.46775634765625,1.334350011092153,36.83641090393066,40.157633209228514,7.134423528067892,0.06816898467717648,7.044039782457633,7.220414437409012,6641.21576171875,1340.6825137238889,5058.733837890625,8405.63388671875,0.40868969619274137,0.014661598262465287,0.3842794865369797,0.4269912391901016
kite-surf,snow,3.0,1,50,38,3.0,3.8937995433807373,"dagrs,greedy,sam2video",14.829959633973722,1.3296248014287908,13.132598622243624,16.699803436530384,0.7904220811286305,0.04655510981985132,0.7303698666533738,0.8509190187574083,128.47500411987303,14.422602214961522,112.57677001953125,145.24145812988283,0.5212087047100067,0.036618340605444694,0.47093760371208193,0.571223509311676,23.449508590698244,1.11743351746143,21.84862651824951,24.679211044311526,6.446841021799781,0.08218096053303951,6.337309480806739,6.547440668000546,2777.4507568359377,474.32118108128225,2188.2751708984374,3443.59228515625,0.15361154735088348,0.025651955949553704,0.12437508404254913,0.1938712775707245
kite-surf,underwater,3.0,1,50,38,3.0,3.8937995433807373,"dagrs,greedy,sam2video",10.601623820421608,0.5106090040401237,10.067134202799252,11.31809192576868,0.5934526029801359,0.04945428610807485,0.540520219348406,0.6640160297808987,23.17891470909119,11.136139374128309,9.04737367630005,37.835492324829104,0.08041730120778084,0.006599457950079296,0.07412174046039581,0.08995143175125123,10.398389444351196,3.521773467412546,6.2151871681213375,15.083084869384766,5.062723382827792,0.5342961616926545,4.354149175893051,5.753788028295377,327.03747406005857,170.31667323463157,119.90719451904297,574.4507141113281,0.7130524432659149,0.03111812789740615,0.6697552919387817,0.7476980030536652
lab-coat,C1_fog_noise,3.0,1,47,47,3.017864465713501,3.8959248065948486,"dagrs,greedy,sam2video",12.057107565054297,1.656742437265564,9.990369180744993,14.32872294340256,0.29916970970684714,0.11070782417159421,0.1757602767572299,0.4634441122850013,2059.3987816343915,909.7285839524789,912.312060546875,3275.662841796875,0.5684211748711606,0.015277682654499527,0.5487618446350098,0.5872605919837952,23.767441323462954,2.895409551414599,20.854163360595702,27.47496185302734,6.542153409647912,0.1683202994071854,6.349459240146174,6.755906455730218,3421.8374646775264,746.0327615072251,2443.443603515625,4477.50791015625,0.12395904530236061,0.016135882591263934,0.1031598538160324,0.14410505592823028
lab-coat,C2_lowlight_blur,3.0,1,47,47,3.017864465713501,3.8959248065948486,"dagrs,greedy,sam2video",11.26465552216582,1.9030309302224793,9.225408895814072,14.087714964097543,0.495514788981292,0.12461224751626764,0.359344125584009,0.6813552056409207,50.36985571840976,13.99748560752659,35.31828765869141,72.3281478881836,0.2012597141747779,0.04689150325906691,0.1545277625322342,0.26489324569702144,57.59803747623525,5.433728916043849,49.6562126159668,65.19031372070313,7.308101254151814,0.24082899587182383,7.060276788814982,7.630946079743044,2176.93967778632,733.0462435808332,1221.00751953125,3259.1279296875,0.28413235538817466,0.04463947633668173,0.22904132008552552,0.3508331060409546
lab-coat,C3_rain_snow,3.0,1,47,47,3.017864465713501,3.8959248065948486,"dagrs,greedy,sam2video",12.332122299912433,0.9915981014260571,11.083695876750395,13.55095827368633,0.6444212198050218,0.06790031144150659,0.565185293082502,0.7285380581290758,73.16547263936793,15.625149420845835,49.688323211669925,92.0573959350586,0.6994446325809398,0.03292614872167569,0.6521479487419128,0.7414710402488709,16.974068438753168,2.2469527229062103,14.52717399597168,19.84113883972168,5.915029521470627,0.25196828212133093,5.599932828495106,6.226217545555434,1666.827189993351,205.40915938189883,1381.092333984375,1941.8748291015625,0.028052686218251573,0.010281385028595578,0.016255127266049385,0.04452713057398796
lab-coat,C4_fog_blur_noise,3.0,1,47,47,3.017864465713501,3.8959248065948486,"dagrs,greedy,sam2video",11.922348754662561,1.6171353294209658,9.896116914547196,14.128085435534881,0.2194672798372813,0.09230164975954107,0.11973695920389371,0.36055195351037106,2014.3692886677195,930.32746254675,818.11083984375,3267.0693359375,0.5768005924021944,0.013972749486315099,0.5586148381233216,0.5936071157455445,22.977622661184757,2.8372733419039933,20.121064758300783,26.70921173095703,6.498366016368879,0.16801787869731397,6.306853145772631,6.717136047654661,2669.023133622839,960.1271104481302,1529.387548828125,4018.358935546875,0.12369499133622393,0.01627704447385732,0.10276505500078201,0.14403474628925322
lab-coat,clean,1.0,1,47,47,1.0,1.0,"dagrs,greedy,sam2video",99.0,0.0,99.0,99.0,0.9999999999999962,9.572442166482842e-16,0.9999999999999952,0.9999999999999978,452.19756333371424,206.72962626657338,203.6592224121094,791.1540649414062,0.4082026912810955,0.03265577862494151,0.37804344296455383,0.46932311058044435,57.1876406568162,5.208491241858312,47.728791046142575,61.916297149658206,7.3949161474221325,0.18939526101843038,7.168147031467204,7.671488499855066,8468.18141206782,1115.1208117930207,6754.0263671875,9717.4767578125,0.15790289767245028,0.03207686260184683,0.1272183120250702,0.21301631331443788
lab-coat,dust,3.0,1,47,47,3.017864465713501,3.8959248065948486,"dagrs,greedy,sam2video",15.339131432649838,1.3374681501235206,13.61517632235496,17.111669160110576,0.8369314620117144,0.0408269812935504,0.7851430964253344,0.8899020485915071,117.09445977718272,56.727264586363574,51.642093658447266,199.29769592285155,0.5424626418884765,0.017468022058743538,0.5234786391258239,0.5690354466438293,30.04242109745107,3.618818731103849,25.255496978759766,34.387908935546875,6.787312912452705,0.17017479286984644,6.557814652632563,6.980886804894133,2199.068411319814,520.0929854695671,1583.5958496093751,2879.3238281249996,0.20299500036746898,0.03851229448878445,0.15176163911819457,0.2508430570363998
lab-coat,fog,3.0,1,47,47,3.017864465713501,3.8959248065948486,"dagrs,greedy,sam2video",12.265366169354653,1.5480705348778332,10.272365887402849,14.349799333445986,0.7248241529296331,0.06708764429562888,0.6499053693432254,0.813009242177797,54.34020145903242,32.734348544880994,20.31674156188965,100.22819824218749,0.7109440679245806,0.0575114215188479,0.6308961510658264,0.7814079165458679,21.748098150212716,3.6755914461686947,16.85230484008789,26.186251831054687,6.269908156278655,0.29133958935920107,5.875446765615732,6.629822452849787,1027.3096462817903,435.60596663459324,542.777880859375,1572.6453369140622,0.03699107987291001,0.014507268769734056,0.020736442133784293,0.059429714083671564
lab-coat,lowlight,3.0,1,47,47,3.017864465713501,3.8959248065948486,"dagrs,greedy,sam2video",11.28763342066361,1.9086947728175163,9.255423683315819,14.118743713570835,0.3790886555647624,0.11047609194883831,0.2514479586597713,0.5382588163869012,1956.4224074343417,539.8093518137489,1176.8470703125,2663.041064453125,0.10494564703487336,0.04910420098320386,0.05219699740409852,0.17648717164993286,61.25960183650889,4.924146190521309,53.82387084960938,67.59214324951172,7.466055411886413,0.20494729862697603,7.239126552187865,7.7491856815346845,11263.998690990691,1617.6267672687977,8739.8462890625,12757.692578125,0.43608515186512725,0.09638408064345971,0.3080456376075745,0.5588719844818115
lab-coat,motion_blur,3.0,1,47,47,3.017864465713501,3.8959248065948486,"dagrs,greedy,sam2video",25.15445320020969,1.5981117793446384,23.34122381642766,27.75295905497454,0.7344503286787392,0.08484641602796508,0.6236406960665903,0.8474027727992537,26.82109861170992,14.729167541368469,13.880570411682129,40.59764328002929,0.466349906109749,0.033956522965833597,0.42685890197753906,0.5227755308151245,54.23283978726001,5.382770022116056,44.18157424926758,59.23307571411133,7.435014510677196,0.17153996649149827,7.1925973902849645,7.657286075209403,1878.6301139669215,579.0825461299384,1143.864990234375,2588.60439453125,0.15347961146146694,0.031691846127345595,0.12222281843423843,0.20741938352584838
lab-coat,rain,3.0,1,47,47,3.017864465713501,3.8959248065948486,"dagrs,greedy,sam2video",15.053862134221381,1.4067608490862635,13.21029059274356,16.851177951845276,0.7985896771287245,0.060752393425751186,0.7220651148452613,0.8756896568667936,111.64842086142681,50.289727879852165,57.06154937744141,184.83036499023436,0.6183406000441694,0.0373898276953586,0.5684248089790345,0.6677655816078186,28.54563031298049,3.557214716707455,24.129655838012695,32.682543182373045,6.730818919946313,0.16759470158438436,6.521462177854655,6.926672980908326,2282.6063466173537,379.0610206160983,1836.451318359375,2796.235888671875,0.05820669590475711,0.016652831395939968,0.038971366733312605,0.08627113699913025
lab-coat,sensor_noise,3.0,1,47,47,3.017864465713501,3.8959248065948486,"dagrs,greedy,sam2video",25.349439348356356,2.3084714686016437,22.59419096945744,28.76763955657451,0.5001316515742833,0.10024505924446164,0.37703337782546653,0.6438395814916913,2359.928246031416,967.1451466638795,1168.3626220703125,3564.824658203125,0.30113119584448794,0.04455303090871828,0.2453448474407196,0.3609589099884033,57.047428131103516,5.187665369768085,47.747100067138675,61.867532348632814,7.572782367118811,0.14296191505208658,7.373587961033977,7.760182575543735,10520.208485704787,1725.4582740712951,7837.283300781251,12815.2662109375,0.22511640381305775,0.035506637811015616,0.17893026173114776,0.27858601212501527
lab-coat,snow,3.0,1,47,47,3.017864465713501,3.8959248065948486,"dagrs,greedy,sam2video",15.931267988619366,1.2967464599809984,14.165372964892837,17.597850034746752,0.8123801984206639,0.04872910053191194,0.7454773615222063,0.8777006367214567,169.77939654411153,59.09698373142644,97.01395874023437,251.19426879882812,0.5921329412054508,0.03193480432855738,0.5505620002746582,0.635230016708374,31.778959152546335,3.204115890164735,27.60291519165039,35.80934829711914,6.860952100841677,0.1548117088454397,6.6411900000477555,7.032575176866126,3674.7174150182846,462.4452360349778,3060.43662109375,4185.6828125,0.06629415553935031,0.016986133265157955,0.04665877595543862,0.09618650376796722
lab-coat,underwater,3.0,1,47,47,3.017864465713501,3.8959248065948486,"dagrs,greedy,sam2video",8.021069842635645,0.8095777352213941,7.020213908201908,9.042714358810032,0.5571233064218705,0.064180674256676,0.48583009793533655,0.648866400422394,35.827184636542135,22.319251704969886,12.469427490234375,72.82273406982422,0.11404431072321344,0.020645695434070778,0.09361335933208466,0.14457475244998932,17.139577703273044,5.140925791180806,10.493896102905273,23.960504150390623,5.889725301061954,0.4649738026243254,5.253872101377259,6.482967681412061,674.9465565782913,334.9496469133534,313.1227600097656,1187.3604248046875,0.5917876337436919,0.08076715540244499,0.4776913166046143,0.6807426571846008
libby,C1_fog_noise,3.0,1,49,49,3.0134084224700928,3.8995115756988525,"dagrs,greedy,sam2video",7.116635491105379,1.462479048858268,5.304667050322683,9.12863925154134,0.19943810086022168,0.08650644920086108,0.10547489195609866,0.33184056413896584,2077.847777074697,982.9858612220426,835.1333129882812,3482.76240234375,0.46543126690144443,0.035230804345636337,0.41361954212188723,0.5025291085243225,26.421478543962753,1.7475665667645173,24.5235294342041,28.787569427490233,6.6820514603022945,0.08413764587276683,6.572789542405611,6.7864957786215125,2946.1503059231504,1060.432572965927,1674.0511474609375,4444.8337890625,0.14219333900480854,0.014954280645139697,0.12360039353370667,0.16056983470916747
libby,C2_lowlight_blur,3.0,1,49,49,3.0134084224700928,3.8995115756988525,"dagrs,greedy,sam2video",14.396477504567459,1.3158059307826273,12.95588103945455,16.296188301690467,0.3026625024916281,0.09360862386349066,0.211942040968905,0.44877692209736686,19.44153133703738,6.343461661513084,13.311606216430665,24.770661163330082,0.021092421223162388,0.007414062470372672,0.014205095730721951,0.03523388803005219,14.535790326643964,4.486214220272445,8.994257736206055,20.542983245849612,4.880248870771771,0.6153542315268844,4.092483449184109,5.6979703360966765,373.8868050088688,216.88648993912523,178.10480041503908,701.4792358398438,0.38346161769360915,0.022915416236415284,0.3592889904975891,0.42111846804618835
libby,C3_rain_snow,3.0,1,49,49,3.0134084224700928,3.8995115756988525,"dagrs,greedy,sam2video",7.089681938996704,0.9325233030193345,5.860105600740333,8.253513426483796,0.39941736387642474,0.0683934737317457,0.3099260377993667,0.4875016525431365,65.29804945965202,15.500470428439518,44.13752059936523,88.65583648681641,0.6216421200304615,0.04947406762127307,0.5535928130149841,0.6825884461402894,17.769189484265386,1.4189208605150796,15.7378719329834,19.438240814208985,5.976132774147735,0.17615852353222786,5.798841590712723,6.204872018167606,1853.9672203842474,466.764030078253,1146.151953125,2494.65048828125,0.026571126616730983,0.007801511830837252,0.017263514176011085,0.03762943372130394
libby,C4_fog_blur_noise,3.0,1,49,49,3.0134084224700928,3.8995115756988525,"dagrs,greedy,sam2video",7.097731692149987,1.4586311893166048,5.29074555069439,9.104933375304638,0.15011878977929227,0.07301052748757095,0.07320930362149643,0.26471979132607415,2061.51214973294,987.3502105153881,813.3654418945313,3474.9177734375,0.46970589246068684,0.03419880655212794,0.4202451765537262,0.5059608459472656,25.984010696411133,1.736878506090986,24.033766174316405,28.382379150390626,6.659338796690171,0.08576890871737514,6.551138696257312,6.768027896647958,2621.4240448620853,1121.5781844029075,1283.3344970703124,4255.23955078125,0.1416852008931491,0.015070528906709573,0.12279749363660812,0.16029102504253387
libby,clean,1.0,1,49,49,1.0,1.0,"dagrs,greedy,sam2video",99.0,0.0,99.0,99.0,0.9999999999999565,2.054390187001367e-14,0.9999999999999287,0.9999999999999807,155.0684755286392,47.07222321880801,120.72741394042968,233.2446350097657,0.10002974268733239,0.019924278551399593,0.07687080502510071,0.12481918632984161,31.548840036197586,1.8435396522387786,29.12035217285156,34.045083618164064,6.810000917573707,0.05584756343020503,6.740348321393196,6.9003935924475295,3827.5743183992345,855.5608727580196,3096.5587890625,5318.644824218751,0.2809015381701139,0.033661028513621113,0.24187772572040558,0.32862756252288816
libby,dust,3.0,1,49,49,3.0134084224700928,3.8995115756988525,"dagrs,greedy,sam2video",10.239236040460089,1.2147906450333348,8.759694855750691,12.033639955169862,0.6068008991840345,0.06144140045301589,0.5165390983114134,0.6986844881547244,41.099174227033345,9.20464154405602,31.599860763549806,52.82476119995118,0.4093524758913079,0.029522598524911403,0.36683608293533326,0.4427830338478088,25.156480867035533,1.7040706179565197,23.383517456054687,27.37639465332031,6.636821855904103,0.08648662154519315,6.531469178822319,6.7418445778317135,1001.011925522162,176.02244896882127,802.77138671875,1273.7955810546875,0.20040568618141874,0.03686992789687166,0.1488395392894745,0.2478680670261383
libby,fog,3.0,1,49,49,3.0134084224700928,3.8995115756988525,"dagrs,greedy,sam2video",7.1263327221416635,1.4063677475474288,5.438976303283697,9.298448310795866,0.46114683063612205,0.07743396852812524,0.352749178946312,0.5760076669123564,19.51096369295704,6.137471760158232,12.431135559082032,27.712905502319337,0.6116028330763992,0.07876398483558827,0.49009600281715393,0.6980337023735047,24.365934099469865,1.9898950007307419,21.833753967285155,27.100317001342773,6.429885040114163,0.1561334749653097,6.2347528686078,6.623801654093978,480.4528911357023,152.29965793422815,317.867822265625,696.2518066406251,0.036337994153098185,0.012505725525668903,0.022924181446433066,0.05651358217000962
libby,lowlight,3.0,1,49,49,3.0134084224700928,3.8995115756988525,"dagrs,greedy,sam2video",14.347115787036063,1.310012846270056,12.893056276172274,16.249428834547942,0.2181559357191496,0.08539711018300018,0.13089160366301258,0.34891858515685,987.7226898816167,164.63021305612781,764.4366455078125,1184.248193359375,0.0012565444529321454,0.001909577732643486,5.262838021735661e-06,0.004663334134966137,17.485874312264578,3.716586510417262,13.101300239562988,22.512491607666018,5.45719761133026,0.3564586813887093,5.036560660804316,5.947070748234109,2157.951418506856,265.0467599057725,1832.3970947265625,2537.296435546875,0.7699081240868082,0.07374466161324131,0.6571897149085999,0.837306535243988
libby,motion_blur,3.0,1,49,49,3.0134084224700928,3.8995115756988525,"dagrs,greedy,sam2video",28.403577850112192,2.2423102797367,25.3915242792867,30.748817187885688,0.7321015189406855,0.08367443267453792,0.6108326428498058,0.8197841862004189,11.535240533400556,8.584173593033597,4.668030548095703,23.7541072845459,0.14051265938549626,0.022022158876440684,0.11234160661697387,0.16781187653541565,28.70228483238999,2.0585626393170826,25.79236755371094,31.57474021911621,6.687886686268605,0.0651285863696335,6.583108702266146,6.753088129021251,947.7659513512436,273.8754634037221,619.9135620117188,1336.0685302734378,0.2683681097565865,0.032056989198879525,0.2331514537334442,0.3127563834190369
libby,rain,3.0,1,49,49,3.0134084224700928,3.8995115756988525,"dagrs,greedy,sam2video",9.70951034634676,1.3248574332807164,8.088854465818846,11.664526453926296,0.559723779102384,0.07766296627651616,0.45216376337565495,0.676763071516386,55.11610529374103,11.621272542997154,43.03506317138672,72.52160949707032,0.4746935154710497,0.051448785858050565,0.39693673849105837,0.5322973728179932,25.20066393638144,1.7861611882303094,23.2565975189209,27.027737808227542,6.646270862747125,0.09178091142826925,6.544499327349488,6.7390578511146355,1613.0473333864795,536.2467617931571,1008.4161010742188,2274.668212890625,0.061571485153874575,0.013229136474275765,0.047264409065246586,0.07990239113569261
libby,sensor_noise,3.0,1,49,49,3.0134084224700928,3.8995115756988525,"dagrs,greedy,sam2video",25.19341348291958,2.2890286343192483,22.476436344802604,28.618644217259767,0.4737337820970315,0.09926722237956104,0.352873109094006,0.6224193897717729,2170.034202108578,983.4479153896639,932.225146484375,3531.7697265625,0.029195380986345058,0.019073541896390298,0.006033710297197104,0.06183138489723206,32.95820617675781,2.0038230628890674,30.396434783935547,35.67811660766601,6.91792383159179,0.07847436512613984,6.805494069184378,7.025596577566333,6208.441929408482,1799.8634502588907,4143.88310546875,9114.9189453125,0.44770716100322955,0.06663976932293711,0.3500236451625824,0.5436365246772766
libby,snow,3.0,1,49,49,3.0134084224700928,3.8995115756988525,"dagrs,greedy,sam2video",10.631074152061196,1.2152016599329396,9.07887738969469,12.422897416442396,0.5960232310228007,0.06502537646431211,0.5093683750566889,0.6932466926160831,104.2174712200554,24.940435627941227,76.94315795898437,144.22290344238283,0.43333729371732593,0.04198158411108275,0.3716069161891937,0.48009214401245115,26.475006570621414,1.9062441594588755,24.167148971557616,28.607482147216796,6.686274197842638,0.08621698317921676,6.587684162829215,6.776359227712364,3266.9852793168047,910.2411378703395,2047.9264892578126,4769.58466796875,0.07229973482234138,0.012438667262956778,0.05764302834868431,0.08967004716396333
libby,underwater,3.0,1,49,49,3.0134084224700928,3.8995115756988525,"dagrs,greedy,sam2video",16.767301184358605,0.8367447750479363,15.665677305983685,18.1494520333786,0.6391283791011003,0.06180171886541703,0.5543028617071023,0.7275235615698004,13.530963722540408,4.940584458603579,7.888678073883057,20.833328247070312,0.05711838154464352,0.0037598279049297686,0.05149912759661675,0.06141635254025459,9.372169533554388,1.7996534794470285,7.63285551071167,12.101276779174805,5.071383517915272,0.2181803423931799,4.849379290386866,5.39184550233709,298.30425278021363,126.82802049225667,153.74105834960938,474.6254272460938,0.6248300708070094,0.05779330759092655,0.5413082599639892,0.685675299167633
loading,C1_fog_noise,3.0,1,50,50,3.0,3.8995375633239746,"dagrs,greedy,sam2video",9.01133638042264,1.5133938873970623,7.207450960014807,11.164039107415956,0.2699837832408959,0.10351307484091773,0.15433696895565505,0.4230557410463015,2061.6753051757814,933.0061332754057,925.552978515625,3379.817919921875,0.508369333744049,0.025606177691675187,0.47103144228458405,0.5346513271331788,29.046368141174316,3.3573838767428312,25.095537376403808,33.52769393920899,6.8179924319540985,0.1825271183114552,6.597775343217662,7.064666348809763,4021.4335693359376,674.9639124575183,3185.6352783203124,4785.8701171875,0.13830923169851303,0.013323237863782214,0.12160532921552658,0.15515541136264802
loading,C2_lowlight_blur,3.0,1,50,50,3.0,3.8995375633239746,"dagrs,greedy,sam2video",12.20916276166315,1.7005689068892502,10.308558329273794,14.859780274360586,0.421682272044699,0.09587341528335638,0.3166173644564845,0.562255147524268,44.79499603271484,22.40070086216014,26.853186225891115,76.02035140991211,0.09013264715671539,0.021412867914434093,0.06539241597056389,0.12060606628656387,47.916377258300784,8.207401265912427,38.869232177734375,61.42415847778321,6.82049342735954,0.3874910821206126,6.326851757791316,7.37438952005701,2539.7182043457033,1537.5375664791898,1079.5259643554687,4000.0974609375007,0.3220877981185913,0.021407078029043174,0.2889181524515152,0.34576149880886076
loading,C3_rain_snow,3.0,1,50,50,3.0,3.8995375633239746,"dagrs,greedy,sam2video",9.065059734197508,0.9805309323852548,7.906778603913142,10.423639985990167,0.5081513966273488,0.06137751656716494,0.4322544368193422,0.5952267223432541,77.37348846435548,11.19151329284497,64.19339218139649,89.69800033569337,0.6537350177764892,0.04203258410594615,0.5941296577453613,0.7041963279247284,20.530903625488282,2.7283526974148513,17.326506233215333,24.34928169250488,6.255627245956814,0.25567927709059945,5.945643204154452,6.599720763368827,2222.883879394531,270.3360069125764,1916.8429443359375,2532.609423828125,0.029677996784448622,0.00867735130596308,0.020509840734303,0.04148150160908699
loading,C4_fog_blur_noise,3.0,1,50,50,3.0,3.8995375633239746,"dagrs,greedy,sam2video",8.90214441809525,1.4776001656515272,7.135942852182395,11.00227194814459,0.18560686563111478,0.08133653503429207,0.09636456345266584,0.3019214691228199,2021.1184228515624,960.2983541989603,837.7676391601562,3374.203271484375,0.5179729473590851,0.02381096910711785,0.4813695788383484,0.5428427278995513,27.959095306396485,3.263644379309037,23.94844455718994,32.39538497924805,6.763289416273991,0.18062235190618517,6.537638906730171,7.0134028362100285,2869.435979003906,920.067672040657,1775.7645507812501,4153.740771484375,0.13702204644680024,0.013562931330238582,0.11956882104277611,0.15412625223398208
loading,clean,1.0,1,50,50,1.0,1.0,"dagrs,greedy,sam2video",99.0,0.0,99.0,99.0,0.9999999999999747,3.802963594627595e-15,0.9999999999999686,0.9999999999999793,381.1339416503906,100.19708039410033,283.23236083984375,500.1949859619141,0.22874952465295792,0.0065602519641471445,0.2213932141661644,0.23861557990312576,64.95565124511718,3.6135830070526436,60.635388946533205,70.89633560180664,7.754372065265287,0.057553002660097,7.677812432000098,7.8260066161886375,12702.34546875,2249.081424355768,10535.69072265625,15840.451953125,0.19470615416765213,0.008642127096311333,0.183263336122036,0.20474888682365416
loading,dust,3.0,1,50,50,3.0,3.8995375633239746,"dagrs,greedy,sam2video",12.1187192944045,1.3446043782395618,10.397208277365277,14.006844179768454,0.7114745308312148,0.04943300391204263,0.648226069662649,0.7756277863057226,104.49686195373535,45.844930114288246,61.610219192504886,167.28018493652345,0.47390386402606965,0.022223771978714505,0.44648197293281555,0.5031096279621124,35.36815845489502,3.8587872842421636,30.712877082824708,40.029238891601565,7.115716133273793,0.14668571747585188,6.942705125700793,7.284448203531717,3358.1037939453126,1157.8692537039597,2331.99462890625,5373.688232421875,0.18487997502088546,0.03718814922395836,0.1341253101825714,0.23300444036722184
loading,fog,3.0,1,50,50,3.0,3.8995375633239746,"dagrs,greedy,sam2video",9.099355863053923,1.5180439244933164,7.228055398845806,11.327685630071976,0.5817344664599705,0.0684859619999832,0.4972707706962474,0.6727115112640216,51.18622688293457,32.14158233190827,21.46075496673584,92.53843154907229,0.6517140924930572,0.0716567926785221,0.5569961905479431,0.7417866110801696,27.064408149719238,4.36781187875795,21.504086112976076,32.08253440856934,6.609601093687237,0.32133862024580173,6.227869136365785,6.968154146893901,1603.3041467285157,863.1606562773811,801.4174194335938,2972.6103515625,0.03876653172075748,0.012678339746258132,0.024113562516868116,0.05557566620409489
loading,lowlight,3.0,1,50,50,3.0,3.8995375633239746,"dagrs,greedy,sam2video",12.397670744259447,1.7405261424528649,10.46267550121075,15.035059105358119,0.3468743212745878,0.10945788692416504,0.22093001489328465,0.5017049547113381,1471.45345703125,242.9902095884033,1147.2292358398438,1798.4352661132812,0.03773497881367802,0.018370588942967215,0.016404597088694572,0.06250474229454994,52.221781997680665,7.843316024731029,43.3754020690918,65.73011093139648,6.9797573107783455,0.3213004254557454,6.58579795246403,7.455266740347955,11033.582841796875,3091.012697080796,8444.219921875,15014.3484375,0.5993976551294327,0.08166170086534884,0.4825196385383606,0.6940263330936431
loading,motion_blur,3.0,1,50,50,3.0,3.8995375633239746,"dagrs,greedy,sam2video",23.14162371024646,1.5202522870112234,21.078969114880117,25.147534610195315,0.7302042364540463,0.06055451768459733,0.6469518692635984,0.8063256591348529,33.1581064414978,16.780601339881898,12.42073974609375,57.440605926513676,0.2762706595659256,0.012342693016183081,0.25789780616760255,0.2951337367296219,60.818944778442386,3.533824975635442,57.462242126464844,67.58986129760743,7.738944805948069,0.06556377573030459,7.65528469496958,7.82330086677675,3255.360280761719,1192.143790695958,1830.0388671875,5156.4662109375,0.18443896532058715,0.008307381437761151,0.17391198873519897,0.19502988308668137
loading,rain,3.0,1,50,50,3.0,3.8995375633239746,"dagrs,greedy,sam2video",11.727705005191753,1.4347398762051808,9.89690595373696,13.722836312503157,0.6732482309707356,0.06738346308531616,0.5907866418835597,0.7593887155129023,106.75160873413085,39.30231237139098,69.38895187377929,158.3363983154297,0.5336943542957306,0.046445571505235476,0.4752061665058136,0.5942275702953339,33.888221168518065,3.8593659035096377,29.315190696716307,38.4815242767334,7.055564190590373,0.1563008538586859,6.876383433026658,7.2296219630917005,3504.4347705078126,902.6424085392352,2590.0464111328124,5000.623291015625,0.061752325892448424,0.01212271749919345,0.04694131575524807,0.07671288177371026
loading,sensor_noise,3.0,1,50,50,3.0,3.8995375633239746,"dagrs,greedy,sam2video",25.313230700374387,2.3021516477230937,22.46744171549166,28.597797696819175,0.5329594473736283,0.10023369902679176,0.41694069050028343,0.6726475804160338,2321.8948022460936,886.2788812652942,1316.49423828125,3608.22373046875,0.13719744950532914,0.02428058951270373,0.10528177246451378,0.16726745367050172,65.14618385314941,3.448888347361165,60.87289199829102,70.63997192382813,7.841920531250298,0.05130855948941924,7.762722689417736,7.9099849841480365,14875.61787109375,2268.3027006717475,11676.66796875,17710.9384765625,0.35640624046325686,0.046320629264380686,0.2958227902650833,0.4149532377719879
loading,snow,3.0,1,50,50,3.0,3.8995375633239746,"dagrs,greedy,sam2video",12.637651696366559,1.3286820487559556,10.90470606770611,14.47000367477657,0.699926195133692,0.055772869162191624,0.6252953162983723,0.7763348898506334,163.1775096130371,34.36059170666317,130.17186279296874,213.13244171142577,0.4988019925355911,0.037755450623684614,0.45123209357261657,0.5484964489936829,37.18790203094483,3.235588287922601,33.46869468688965,41.27210464477539,7.1803006003781205,0.11886778476657424,7.041182596493718,7.322316635846475,5313.635498046875,815.130046507997,4493.7353515625,6461.8341796875,0.07067785881459714,0.01091876364490451,0.057107341662049296,0.08519332036376001
loading,underwater,3.0,1,50,50,3.0,3.8995375633239746,"dagrs,greedy,sam2video",10.466142856799587,0.755201572374026,9.67745155329039,11.830344499745964,0.5939648069051173,0.05962488676866118,0.5231511123752878,0.6794625643826745,35.38148874282837,25.531964530407336,12.518649482727051,70.48485336303712,0.07817552730441094,0.005820353427210054,0.07175789773464203,0.08677330538630486,18.649471435546875,5.287737335873253,12.646604061126709,25.62135009765625,6.042417754665429,0.3501244702204859,5.642636394706834,6.56830999786655,1074.7758697509767,696.9462082782328,412.43419494628904,2099.5249267578124,0.6322999656200409,0.05629940820405448,0.5519985795021057,0.6965726315975189
mbike-trick,C1_fog_noise,3.0,1,79,79,2.9896240234375,3.899766206741333,"dagrs,greedy,sam2video",10.611757968504083,1.520619260848868,8.78688414464526,12.667671256696119,0.2617186469760361,0.10147900763862863,0.14751611986746577,0.40677133782162894,2049.3364203730716,938.1458351115823,901.9964965820312,3378.585546875,0.5507268551029737,0.01352115346911103,0.5291313648223877,0.5642278552055359,26.19065209883678,2.891265197614337,22.764199829101564,30.59942665100098,6.609241808360804,0.13011464612657955,6.452658526660284,6.811943232723395,2971.2797449812106,920.1315652926418,1941.1127197265625,4319.103125,0.12440633877545973,0.018186979555393255,0.10040485262870788,0.14776987433433533
mbike-trick,C2_lowlight_blur,3.0,1,79,79,2.9896240234375,3.899766206741333,"dagrs,greedy,sam2video",11.60252330255242,1.8665932703699364,9.48637239953508,14.325397224895875,0.49555893049052996,0.09186857822486949,0.38896349079340603,0.6200199745194013,26.609090684335442,5.969748029277988,20.188416290283204,33.760763549804686,0.18174104053008405,0.041357301024512155,0.13197359442710876,0.2408947616815567,46.84782540043698,6.0469000510445925,37.81519622802735,55.15972671508789,6.663008151694363,0.36396910897392715,6.188256966207547,7.12363605042646,448.9945510671109,271.97300155246563,204.21650390625,870.6566284179687,0.24374860581717914,0.025660925257394274,0.20602127015590668,0.2744154751300812
mbike-trick,C3_rain_snow,3.0,1,79,79,2.9896240234375,3.899766206741333,"dagrs,greedy,sam2video",10.772195807743312,0.9009446085228827,9.669150328403958,11.94011411486911,0.6555087055331872,0.052469789632322975,0.591151660122068,0.7224949309706676,75.19833393338361,10.092194887046581,64.60769195556641,85.77018127441407,0.692185627508767,0.03356448881616227,0.6473398208618164,0.7341608285903931,18.32591799241078,2.442258126992123,15.328865814208985,21.51636085510254,5.830522810756871,0.25862932530978777,5.4966783862723165,6.170175997398939,1540.4665102415447,301.47522361905703,1109.4653564453124,1956.3984619140626,0.01940089566750994,0.005800498883111851,0.012225916795432567,0.027594157680869102
mbike-trick,C4_fog_blur_noise,3.0,1,79,79,2.9896240234375,3.899766206741333,"dagrs,greedy,sam2video",10.55785253573817,1.4981723737735522,8.756432815121794,12.56184694809446,0.20420380010011271,0.081109697939246,0.11715906287731714,0.3241517365257511,2000.0289198477058,957.6002634433917,828.1888305664063,3351.865869140625,0.5560510822489292,0.01196896769528953,0.5384335398674012,0.5678860783576966,25.774004441273362,2.847050765593868,22.465026473999025,30.13212356567383,6.594647829083098,0.12839308025485424,6.439360572754598,6.794479787896325,2521.478115419798,1088.8792442949507,1219.1105712890626,4082.35283203125,0.12412587892782839,0.018278544886225812,0.10013124644756317,0.14760744273662568
mbike-trick,clean,1.0,1,79,79,1.0,1.0,"dagrs,greedy,sam2video",99.0,0.0,99.0,99.0,0.9999999999999829,2.2345600492013096e-15,0.9999999999999813,0.9999999999999841,424.11544645285306,50.68381786520549,383.8546936035156,465.309228515625,0.3849839790712429,0.0111966906579035,0.3729217529296875,0.3968220591545105,58.86701115475425,1.6766504613620443,56.213372802734376,60.66589508056641,7.341203582717603,0.08620289571487706,7.267758456816961,7.491442151898824,4600.257630167128,430.2674825201069,4108.12900390625,4945.98173828125,0.1255457569149476,0.006761736734701032,0.11942847967147827,0.1375740945339203
mbike-trick,dust,3.0,1,79,79,2.9896240234375,3.899766206741333,"dagrs,greedy,sam2video",13.758090411820088,1.2571109424831541,12.14289519224465,15.454260873745362,0.8211404773402231,0.03039413712633558,0.7784999511054039,0.8632711027900403,115.60307408586333,29.362966556487187,86.58925933837891,149.86410217285157,0.5422918434384503,0.010664788982642706,0.5264765977859497,0.5538897156715393,32.08222910724109,3.1125821488892287,27.738545227050782,36.05300445556641,6.650352963899422,0.17362506244026857,6.446456233286578,6.877796029605348,1248.8613513029075,315.585061216828,901.0079711914062,1614.908740234375,0.1610456685288043,0.049071657341263966,0.09512808024883271,0.22380881309509276
mbike-trick,fog,3.0,1,79,79,2.9896240234375,3.899766206741333,"dagrs,greedy,sam2video",10.774541443919592,1.445570130160281,8.938033544058916,12.700877948705765,0.7312995372068372,0.04617695526395098,0.6684169192863036,0.7954416166861539,55.32384384734721,24.3315772750386,29.567657470703125,86.54436187744142,0.6989755502230004,0.05790678288507877,0.6231864094734192,0.7742081999778747,24.300835331784018,3.5809540922793905,19.299398803710936,29.073980712890627,6.1555645977371345,0.29739718266313353,5.746554479293414,6.5145207299624985,600.8483029136174,263.50807951286515,305.5555908203125,930.2022094726564,0.025478262855093692,0.008442359089059355,0.015217992104589939,0.03718904852867127
mbike-trick,lowlight,3.0,1,79,79,2.9896240234375,3.899766206741333,"dagrs,greedy,sam2video",11.563829275761053,1.89667379903074,9.408845144853931,14.35694292189851,0.272534377349424,0.11202948235014042,0.1432263094132582,0.43721306213828837,1443.7520775131031,323.93252128895017,1026.3758666992187,1872.23251953125,0.11048395941151848,0.04373744302495596,0.05668908879160881,0.17045322954654693,48.12599964383282,5.836066438161519,39.4531753540039,56.12245330810547,6.979122764690896,0.24169093948980644,6.664111602886024,7.28073846012209,3227.8927511867087,408.5683198550505,2916.217236328125,3633.613134765625,0.48600484223305424,0.10063442002551871,0.35282065272331237,0.6120440363883972
mbike-trick,motion_blur,3.0,1,79,79,2.9896240234375,3.899766206741333,"dagrs,greedy,sam2video",27.76522870464665,1.4687603377896994,26.220978808238268,29.53393927195979,0.7702586137868155,0.058364470878928015,0.7035207647086278,0.8571709842266423,20.09382001055947,17.21379406407062,8.047848129272461,41.51320343017579,0.4267624907101257,0.014778646717601663,0.40347257256507874,0.44071528911590574,57.467432480824144,1.7836233607995184,54.691069793701175,59.36557235717773,7.246368665473178,0.12238862147573205,7.136540503033042,7.465083648807219,953.5862040459356,539.7647981399905,434.37522583007814,1781.4957763671875,0.12055917084217072,0.006785472826912629,0.11310658156871796,0.132656592130661
mbike-trick,rain,3.0,1,79,79,2.9896240234375,3.899766206741333,"dagrs,greedy,sam2video",13.529175293134028,1.3216643622668363,11.83846811611432,15.262246783195955,0.7838292854695621,0.050732510456147586,0.7165951239805568,0.8491439068095104,113.14705213715759,26.124032250449382,89.02492065429688,142.29815368652345,0.6041836648047725,0.035492195609880955,0.5577051281929016,0.6509091973304748,30.61776487133171,3.157963217332958,26.18458480834961,34.84314117431641,6.62788320932299,0.1581643753621324,6.452743000968286,6.828119358220026,1534.40340298037,250.88464767428624,1231.90390625,1807.6747314453125,0.040457117359472224,0.00817750471153954,0.029992470145225526,0.051751576364040375
mbike-trick,sensor_noise,3.0,1,79,79,2.9896240234375,3.899766206741333,"dagrs,greedy,sam2video",25.215101916498252,2.345038081858695,22.299945161590518,28.514034459484733,0.4292603995547066,0.10361454460519234,0.30835370615172636,0.578122249563923,2434.0364943878562,995.7633314495661,1256.5232177734374,3854.721875,0.27304696055907235,0.03289789135376431,0.22963705956935881,0.32075801491737366,59.600274194644975,1.5997582930207817,57.40365829467773,61.49604110717773,7.589915301056078,0.0716051529141851,7.487657751130467,7.660875643827872,6990.234826196598,1210.1698613266085,5382.70380859375,8624.971484375,0.2504159430914287,0.03451919105380401,0.20269131958484649,0.2956261396408081
mbike-trick,snow,3.0,1,79,79,2.9896240234375,3.899766206741333,"dagrs,greedy,sam2video",14.436012510918692,1.204325660167652,12.84049101196757,16.035220665680196,0.7911335947675119,0.04101634425305472,0.7317463224059043,0.8415492386959734,172.37099427814726,23.057873303689824,149.77294921875,193.0012969970703,0.5773480096949807,0.02861399694431634,0.5397148489952087,0.615089225769043,33.77760131449639,2.4970558209955986,30.326426696777343,36.84584732055664,6.74660538238283,0.1451271090820245,6.586137096831333,6.964751219686677,2892.600504042227,478.25660346922655,2193.824609375,3573.26318359375,0.046175558921657034,0.007362743291990766,0.036699502170085906,0.05665896981954575
mbike-trick,underwater,3.0,1,79,79,2.9896240234375,3.899766206741333,"dagrs,greedy,sam2video",9.45643534318441,0.6275308936712589,8.891885248395896,10.375437422165202,0.6004022593492693,0.05947667320457568,0.530676423424812,0.683329542624956,36.68658875815476,19.042976258882497,15.03629207611084,59.04601821899415,0.1007790908783297,0.014916866124924075,0.08474602997303009,0.12328609675168992,17.09878646271138,5.012043356971431,10.725222969055176,23.74513511657715,5.915582344318467,0.44406998884684307,5.313902792427788,6.485267907792951,386.7122737063637,213.49672515878552,142.62932434082032,654.1577270507812,0.6357666397396522,0.05879534957434561,0.5461141467094421,0.7030623078346252
motocross-jump,C1_fog_noise,3.0,1,40,40,3.0,3.8983938694000244,"dagrs,greedy,sam2video",9.43595750333033,2.0500842905636305,6.967083588449176,12.616792902890287,0.23190042130298405,0.09617706188975225,0.12694135609235477,0.3624331338469531,2035.7374740600585,962.3003120460133,842.9704467773438,3389.783984375,0.5292427569627762,0.04135171390172491,0.46595545411109923,0.5806097447872162,26.47330288887024,3.4258191410615524,22.605489921569824,31.474711227416993,6.642034439358452,0.1334382393952024,6.4539806198976235,6.816441794220419,2754.5247436523437,1020.6047292065591,1525.9211791992188,4212.299267578125,0.13164216093719006,0.01850314134018245,0.10762104988098145,0.1546026036143303
motocross-jump,C2_lowlight_blur,3.0,1,40,40,3.0,3.8983938694000244,"dagrs,greedy,sam2video",12.439222853570374,1.9835137914787957,9.893140383511545,15.415710938545006,0.46663097328282566,0.14788576732058897,0.3127643218919889,0.7070668995339013,24.784825110435484,8.344702952088998,17.300716209411622,35.221622467041016,0.12033153083175421,0.09717840403940202,0.04881801530718804,0.3024033904075623,40.62190127372742,16.57954064192915,25.061868286132814,68.56252517700196,6.146720438645503,0.7369070197140398,5.318683550362339,7.354273703381312,565.7302433013916,424.406377840618,211.40812835693362,1265.2023071289066,0.34745987616479396,0.05035285334084405,0.26407020092010497,0.3958782315254211
motocross-jump,C3_rain_snow,3.0,1,40,40,3.0,3.8983938694000244,"dagrs,greedy,sam2video",9.588296845819707,1.7291230742499055,7.488905583044648,12.540415329642697,0.6199048877071721,0.09664380348195085,0.49224397926011615,0.7787928158105396,56.93185224533081,14.919284912800162,37.43567390441895,78.49858856201172,0.6741083696484566,0.04500442309668024,0.5957412660121918,0.7196358442306519,18.118153119087218,3.117551148463111,14.912986278533936,23.033102416992186,5.905890618782216,0.21579163794192685,5.61040823021316,6.166340637137036,1522.0680282592773,428.7982703303599,966.9899108886718,2115.2190673828127,0.028080294094979762,0.007481274168586303,0.019494952261447908,0.036659155040979385
motocross-jump,C4_fog_blur_noise,3.0,1,40,40,3.0,3.8983938694000244,"dagrs,greedy,sam2video",9.409182960624486,2.031711438547505,6.957076948697179,12.560988482953736,0.20529832489363234,0.09085274969657296,0.11367221763565673,0.3325143918337953,2024.5813491821289,968.0802796165033,827.3240539550782,3388.0822265625,0.5319329343736172,0.04129373690332784,0.46843135356903076,0.5842527329921723,26.143547105789185,3.3670675256129488,22.384846878051757,31.100393104553223,6.629290311024914,0.13402318335796384,6.447202161904908,6.810036189854881,2562.922991943359,1089.6758463929975,1258.8631469726563,4117.3642578125,0.13124389573931694,0.01859547749844829,0.10702155753970147,0.1543469801545143
motocross-jump,clean,1.0,1,40,40,1.0,1.0,"dagrs,greedy,sam2video",99.0,0.0,99.0,99.0,0.9999999999999867,6.0356475986659745e-15,0.999999999999979,0.9999999999999932,96.35077476501465,24.35631115277718,66.13542022705079,130.38532562255858,0.3126327879726887,0.10657980727349037,0.2032752051949501,0.4844750702381134,51.36471958160401,11.926872616504488,37.112997436523436,70.33412857055664,7.105524801858411,0.29063132667611935,6.760953560953103,7.514849820681311,2342.467498779297,765.913118828626,1471.1655029296876,3650.4973876953127,0.18323386684060097,0.019330498824324208,0.15356410145759583,0.20658536702394487
motocross-jump,dust,3.0,1,40,40,3.0,3.8983938694000244,"dagrs,greedy,sam2video",12.62479015456599,1.7688974484239413,10.636535928909245,15.256613747115601,0.7894270103146311,0.06948794408270637,0.6975788912593424,0.8890935605716455,27.65495421886444,9.633159483750758,15.289793682098388,37.81892623901368,0.5093792334198952,0.0596153286548355,0.4285323888063431,0.5999678611755371,29.88438491821289,6.137623197441864,22.74211311340332,40.38328552246094,6.675337429022052,0.1977196427421212,6.402031355236731,6.9081866287949625,648.2438850402832,290.4121989182394,305.5509735107422,1143.1049072265625,0.1761728323996067,0.05081552796618817,0.09507963955402375,0.24110833108425142
motocross-jump,fog,3.0,1,40,40,3.0,3.8983938694000244,"dagrs,greedy,sam2video",9.594263012203982,2.0999225594208584,7.227554290857047,12.825212493096737,0.6880477083153433,0.09491531454010078,0.562885513017104,0.8312230294747789,13.986417639255524,6.651932496331397,6.411170530319214,21.630414962768555,0.6776558712124825,0.06819833384682705,0.5689379394054412,0.7507610082626343,24.182166147232056,4.363793582733017,18.67383804321289,30.52379722595215,6.3131388859967785,0.2518897643544162,5.961250047995408,6.596913683551986,326.2855466842651,187.866219407685,126.7590431213379,604.8783569335938,0.03702058340422809,0.010718224806128433,0.024999499134719372,0.053011189028620724
motocross-jump,lowlight,3.0,1,40,40,3.0,3.8983938694000244,"dagrs,greedy,sam2video",12.366667688365856,1.9782476877231583,9.800837812168723,15.32332258927415,0.24088131543361024,0.10377950442329752,0.1260011821671963,0.40012404299393217,1266.0257537841796,334.34785599499304,842.8813415527344,1778.3148315429687,0.0724974530749023,0.0873897743936218,0.010466723050922156,0.23068587929010395,42.17132806777954,16.342607211823736,26.513048362731933,69.52255477905274,6.542156799328964,0.546100171947517,5.948189559327817,7.465767564914172,2618.841079711914,586.604754479104,2013.3272583007813,3567.353662109375,0.6193911612033844,0.1432580445076829,0.36719407737255094,0.7756887197494508
motocross-jump,motion_blur,3.0,1,40,40,3.0,3.8983938694000244,"dagrs,greedy,sam2video",30.57312364150127,1.677202066571923,28.43618678236691,32.86598108542047,0.8747698597831505,0.04565803021940207,0.8167019728344791,0.9331537782832092,8.71581501364708,5.995561823749666,3.740100431442261,13.496941947937012,0.33559505753219127,0.10274509699731704,0.2237001746892929,0.49639766514301303,50.060510063171385,11.940925580450322,36.139678955078125,69.40209197998047,7.05479581395268,0.32084425687883583,6.688544818285449,7.509474185294628,828.7618919372559,489.5196040737495,355.62823791503905,1707.4465698242188,0.17814397402107715,0.018796199588371004,0.15035660117864608,0.2034204125404358
motocross-jump,rain,3.0,1,40,40,3.0,3.8983938694000244,"dagrs,greedy,sam2video",12.282781835443732,1.9868944839085705,10.082961515615452,15.31484433004201,0.7422113643324169,0.08421910912083813,0.6295992795969193,0.87470023511196,38.449694061279295,5.9463406055572685,32.41635932922363,43.87676696777344,0.5717154569923878,0.06114281185977969,0.47051393389701845,0.6370569825172424,28.913238191604613,5.70415917520621,22.3830659866333,38.708212280273436,6.6593338455350075,0.17892775119827226,6.396422501863602,6.863024563121421,1115.4915771484375,337.1914514463285,702.7994384765625,1632.0710815429688,0.05921198884025216,0.009952171557326799,0.04851903989911079,0.07372462376952171
motocross-jump,sensor_noise,3.0,1,40,40,3.0,3.8983938694000244,"dagrs,greedy,sam2video",25.191415273649174,2.36006196524674,22.31330178000762,28.584166970261563,0.3804607681551423,0.11534803132529707,0.23475134132545955,0.5424229681699007,2128.351887512207,982.0686562243516,916.6286865234375,3511.91044921875,0.19566459245979786,0.11236977642246683,0.0914672814309597,0.3992882937192917,52.3327075958252,11.602752896066022,38.568633270263675,70.51951370239257,7.317556625919096,0.24754731885470962,6.999728180095212,7.655840151386988,4769.0333251953125,1038.616390394824,3100.698046875,5975.80078125,0.3073432680219412,0.06370914328212514,0.21153023093938828,0.39837636351585387
motocross-jump,snow,3.0,1,40,40,3.0,3.8983938694000244,"dagrs,greedy,sam2video",13.197161818855966,1.8955764644763309,11.088004016914057,16.106802540158476,0.757822059133433,0.07025077256730641,0.6653899536255204,0.8613942581738496,82.44148607254029,16.757945496985894,59.58003120422363,104.30449752807617,0.5410651497542858,0.061869248438713484,0.4425958305597305,0.612082976102829,31.59891700744629,5.861742127033127,24.567461204528808,41.54962005615234,6.7413815179707,0.19116750425148255,6.492413904369449,6.946227641912121,2460.643939208984,701.5049530964069,1640.0550415039063,3425.431909179688,0.0678662784397602,0.008902498633036875,0.05807715579867363,0.07978683188557625
motocross-jump,underwater,3.0,1,40,40,3.0,3.8983938694000244,"dagrs,greedy,sam2video",11.29431364126646,2.363083076583537,8.38425456812361,14.734052750341833,0.6604992354798818,0.04435493687276272,0.6185945275548055,0.724654113717684,9.856671583652496,5.231052166597037,4.148136329650879,16.444774627685547,0.09292627889662981,0.026328678410194824,0.07012212201952935,0.13729905784130098,15.158832561969756,6.703486071916096,8.311401653289796,27.11634273529053,5.542030925628701,0.6248079757488916,4.621890881873749,6.562220130694019,211.37907524108886,150.95457821733916,58.05986328125,421.45245971679697,0.6292856387794018,0.0636370212145939,0.5478492200374603,0.7032710015773773
paragliding-launch,C1_fog_noise,3.0,1,80,80,3.0,3.899968147277832,"dagrs,greedy,sam2video",13.768709360742992,1.7345833460535924,11.624397383560849,16.33716768597609,0.2984162861697591,0.11210849170019054,0.1728137292437274,0.4704397494205319,2052.085646057129,935.9218327130297,878.4481994628907,3362.4173583984375,0.5662085585296154,0.010535304801440824,0.551477587223053,0.5790076971054077,16.544927060604095,1.2071993386808952,15.07020959854126,18.116240310668946,6.010089318549339,0.11605943917926057,5.866515877934038,6.139528189867256,2888.386930847168,984.0593556135848,1679.3823486328124,4304.537841796875,0.14434135463088751,0.006563293404311807,0.13657110035419465,0.15311703234910964
paragliding-launch,C2_lowlight_blur,3.0,1,80,80,3.0,3.899968147277832,"dagrs,greedy,sam2video",10.48029871734509,2.0107745065115665,8.145653009510806,13.534018505338736,0.49365901495229486,0.10642343078398113,0.35661859995169554,0.6325389929773981,39.028888654708865,7.109617083530587,30.14307746887207,47.353215408325205,0.14766494920477272,0.04615057711102908,0.09441891089081764,0.21501711755990985,22.708732390403746,2.427484143967544,19.557278060913085,26.054745864868167,6.469711926318217,0.1391223562826527,6.287785976417463,6.648430687053536,733.4516845703125,241.5428697035181,463.93529052734374,1087.2722045898438,0.52046814635396,0.0503064011172791,0.44900629222393035,0.5834053456783295
paragliding-launch,C3_rain_snow,3.0,1,80,80,3.0,3.899968147277832,"dagrs,greedy,sam2video",14.619527590755443,1.1024012796199005,13.160058249603273,16.163185542966133,0.6776397117407689,0.0658028726600335,0.5937896496391952,0.7659469385871848,68.98868541717529,10.867224739813365,55.960229110717776,83.38548812866212,0.6940771855413914,0.03293518692932111,0.6482147514820099,0.7364030301570892,11.255078279972077,0.9473166525946771,10.049425506591797,12.210741138458252,5.022463804013608,0.21454829265916628,4.718754381275703,5.303879208259459,1358.555305480957,252.26527317355925,970.6590942382812,1714.4033691406253,0.06610881104134023,0.017970157434818963,0.044423841685056684,0.09206578806042673
paragliding-launch,C4_fog_blur_noise,3.0,1,80,80,3.0,3.899968147277832,"dagrs,greedy,sam2video",13.677245281294867,1.6982463016249145,11.589299661122975,16.216184100506755,0.2175999892205259,0.08430543902460484,0.1242624792750165,0.3445653139800891,2011.3131744384766,949.0324913693855,817.5785400390625,3330.99970703125,0.5710970379412175,0.009418766580038651,0.5591917395591736,0.5814556002616883,16.06464442014694,1.2824265910796573,14.559330463409424,17.7002965927124,5.968942852560454,0.13280553489170777,5.808992674754267,6.117479945107735,2495.9202529907225,1090.4641883618467,1162.4433837890624,4042.692529296875,0.14389687608927487,0.006635850288352139,0.13611685186624528,0.15292280167341232
paragliding-launch,clean,1.0,1,80,80,1.0,1.0,"dagrs,greedy,sam2video",99.0,0.0,99.0,99.0,0.9999999999999979,3.279389090891522e-16,0.9999999999999974,0.9999999999999982,374.2117527008057,128.0049397751945,262.28388671875,579.6713317871097,0.3898490216583014,0.007672670104759523,0.37917765974998474,0.39937800765037534,28.1401424407959,1.4078678798142705,26.15307445526123,29.940548515319826,6.71264888050073,0.04551169790899613,6.642205071151361,6.769032577618967,4062.0940856933594,870.269802247508,3137.0946533203123,5445.965917968751,0.30749153941869733,0.007538054579826412,0.29972131848335265,0.31658625304698945
paragliding-launch,dust,3.0,1,80,80,3.0,3.899968147277832,"dagrs,greedy,sam2video",16.951331908755925,1.561061377027023,15.025076454806598,19.0852751333301,0.85721455091584,0.03872517014566897,0.8059609492594222,0.9057339890490912,97.62159905433654,31.82182799238162,65.50368576049804,153.08707275390626,0.5808270253241062,0.010604971230117185,0.5676399648189545,0.59269500374794,15.699451303482055,1.608016635700179,13.584512329101562,17.54335746765137,5.811848074786927,0.14486475461158602,5.616108053020892,5.974986652791689,1054.254892730713,283.6450366232336,728.6755737304687,1464.8081787109381,0.17057234002277255,0.03708195655482241,0.1223261833190918,0.22067562341690067
paragliding-launch,fog,3.0,1,80,80,3.0,3.899968147277832,"dagrs,greedy,sam2video",14.091130201640834,1.7742795701494456,11.961313035823165,16.564114813548635,0.7577153913482492,0.06349664456665319,0.6764771721415184,0.84101896366629,45.81462111473083,20.651221919961085,23.577050399780273,79.01623764038087,0.7039751186966896,0.0577029694601318,0.6275524616241455,0.7787325978279114,12.967010939121247,1.6642834678655845,10.535526943206786,14.651514434814455,5.401728475694539,0.22864507651816654,5.077328959272394,5.667718023396497,492.6689489364624,215.85556223266155,260.98406372070315,775.4735656738281,0.0853794562164694,0.025090663489970234,0.05548894256353378,0.12084685489535332
paragliding-launch,lowlight,3.0,1,80,80,3.0,3.899968147277832,"dagrs,greedy,sam2video",10.438128874455115,2.0195815176376586,8.089973136419403,13.486999580009176,0.38706561401130535,0.12056074926196417,0.24262763866407688,0.5504129601393706,1867.8369689941405,552.9932726113581,1171.658935546875,2563.564599609376,0.06010357835330069,0.04831299034766716,0.009738297760486602,0.1350463703274727,26.609003019332885,1.780799867765929,24.131378746032716,29.532187271118165,6.747338435412763,0.0897766046897625,6.611305308384605,6.88499419375796,5730.375415039062,993.5868234377042,4649.996826171875,7195.662646484376,0.5558765660971403,0.06712708576301656,0.46333512365818025,0.638384485244751
paragliding-launch,motion_blur,3.0,1,80,80,3.0,3.899968147277832,"dagrs,greedy,sam2video",28.389129925850888,1.4509636445584784,26.653490098392698,30.183393868521453,0.6985943169083241,0.05971138450673603,0.6148436550658933,0.7661798608696064,18.110694265365602,6.6350413808462045,11.139596080780029,26.36418361663819,0.43894267119467256,0.011885161130005633,0.42664927542209624,0.45992523729801177,25.751320815086366,1.00103211029178,24.34934139251709,27.206313514709475,6.53328429838939,0.03871838393839768,6.478223113232618,6.577587485118612,682.5192649841308,228.21115860900812,448.9015869140625,999.7908630371094,0.3045449085533619,0.007681343812337411,0.29561066031455996,0.3138481438159943
paragliding-launch,rain,3.0,1,80,80,3.0,3.899968147277832,"dagrs,greedy,sam2video",17.268729415713057,1.5770781821555013,15.340722291094144,19.30448378710277,0.8230474040875236,0.05807800596829132,0.7466086650361122,0.8952897814637579,93.4729238986969,27.47486709369606,67.01004791259766,142.7579071044922,0.6094776645302773,0.03510560690952726,0.563883924484253,0.6552168190479278,15.426145040988922,1.3909096399916079,13.706091785430909,17.061807250976564,5.812233599932414,0.10929640258471374,5.667620627246275,5.943663865372598,1222.2373374938966,210.37120859782092,961.85791015625,1498.2317138671879,0.13075035251677036,0.022031120232849873,0.10211048796772956,0.16071531623601915
paragliding-launch,sensor_noise,3.0,1,80,80,3.0,3.899968147277832,"dagrs,greedy,sam2video",25.137085899114858,2.3447423412825583,22.23879910113119,28.543768528186256,0.4617369654281716,0.11206194653481838,0.3207782754255397,0.615562546056691,2421.5920944213867,1046.7801245128594,1163.908251953125,3929.7510253906253,0.2885433899238706,0.03301756228083389,0.244751039147377,0.33204535245895384,29.84442765712738,1.804419676025219,27.102103996276856,32.43311958312988,6.847754949757217,0.07810632996545969,6.738771227680984,6.95300061290623,6496.98844909668,1660.8634128614233,4382.7041015625,8505.094433593755,0.3275521919131279,0.011575679720767593,0.31390019655227663,0.34615411460399625
paragliding-launch,snow,3.0,1,80,80,3.0,3.899968147277832,"dagrs,greedy,sam2video",18.15435343093272,1.4363119807990057,16.285956058835215,20.06186279198406,0.83048528636609,0.04682578882537557,0.7640118347833924,0.8930487277850925,149.5794939994812,31.803153745392574,119.73022842407227,203.87547760009767,0.5825962901115418,0.027962677385518914,0.5469033658504486,0.6187396168708802,17.709761464595793,1.1802322158086038,16.13437614440918,19.355936241149905,5.937515721144779,0.10568698991130462,5.793759851403644,6.065952804932201,2422.9503479003906,391.1197434532521,1887.9226928710937,2978.212060546875,0.14729011254385113,0.01889045503951375,0.12231476753950118,0.17283525168895722
paragliding-launch,underwater,3.0,1,80,80,3.0,3.899968147277832,"dagrs,greedy,sam2video",8.514194796933895,0.6618034403870197,7.549365920026261,9.378380064748006,0.5493890026149761,0.06589989069381977,0.4670082756312783,0.6412971904307886,31.478602170944214,16.13255357106274,14.942290210723877,54.750496673583996,0.11580208074301482,0.02014678802546068,0.09553834348917008,0.1460112363100052,10.244854879379272,3.241307712063652,6.331029319763184,14.697933864593507,5.201384681547716,0.5189354515882464,4.555157972267531,5.869365083626861,324.86900825500487,170.49315165080355,144.59925079345703,542.6304321289065,0.6235171396285295,0.06421163051083811,0.5259000837802887,0.6933528006076812
parkour,C1_fog_noise,3.0,1,100,100,3.000000238418579,3.8995673656463623,"dagrs,greedy,sam2video",11.754360333450393,2.3628951494570987,8.825245701733333,15.618067710066585,0.30853044686107517,0.11059395686993236,0.1856731766837269,0.4717540393169289,2161.5137506103515,892.0692368222141,1071.6754638671875,3403.0025146484377,0.5428232428431511,0.03972236505746132,0.4746490389108658,0.5834981381893158,21.781663007736206,2.5338887628019613,18.157775688171387,24.671634101867678,6.35395224045897,0.16536456475725647,6.141445094641644,6.566287220470924,3758.806162109375,743.0949737332897,2685.1480224609377,4685.360009765625,0.12898217014968394,0.01576961705385191,0.10571701526641845,0.1473999008536339
parkour,C2_lowlight_blur,3.0,1,100,100,3.000000238418579,3.8995673656463623,"dagrs,greedy,sam2video",10.899898152587125,1.969483810029329,8.391653701253766,13.821949549105017,0.4206136789098429,0.12429932752568598,0.2664454886222677,0.621941047261203,50.26309070587158,21.713834275472678,30.1022216796875,76.65123977661133,0.14601493187248707,0.07232046528644509,0.07494257390499115,0.26776077747344973,30.22087938308716,6.067261148698647,21.440495109558107,39.09823760986328,6.7260183535273805,0.3435300932548962,6.179586325544862,7.154342034732882,1288.5084130859375,643.2015411026422,541.8230041503906,2102.323754882813,0.29587504386901853,0.0461861984658553,0.2333418607711792,0.37242607474327094
parkour,C3_rain_snow,3.0,1,100,100,3.000000238418579,3.8995673656463623,"dagrs,greedy,sam2video",12.180213446340028,2.221401343006459,9.666747996835944,15.257989366487744,0.6033186887608047,0.09020549894964189,0.4923259832756178,0.7455231697807131,127.61330192565919,52.025799095443965,83.89003219604493,212.87955322265628,0.677761942744255,0.04995313566251243,0.5944552183151245,0.7397431194782257,14.866796703338624,2.0087858075104745,12.088525390625,17.52010612487793,5.54423106469098,0.34657645509162893,5.012816811412563,6.025190164614259,1907.987830810547,349.09412499666524,1459.5391235351562,2357.4589599609376,0.030228364914655685,0.010140379935710056,0.01757318414747715,0.043508154526352885
parkour,C4_fog_blur_noise,3.0,1,100,100,3.000000238418579,3.8995673656463623,"dagrs,greedy,sam2video",11.601383180066854,2.30665995375883,8.749177397556585,15.337255082205722,0.1945799209045272,0.08083314361248743,0.1092977491298606,0.3130045268231169,2020.3900079345703,951.8885529294589,836.0724182128906,3346.762890625,0.553606987297535,0.03607717439984271,0.4934292554855347,0.5913542032241821,20.7500968170166,2.338763715539802,17.49184684753418,23.563255310058594,6.301549939378732,0.1578363111987006,6.087319291594909,6.490530906051754,2683.2622705078124,992.9293789075027,1508.4838256835938,4094.72802734375,0.12832265123724937,0.015910362431052066,0.10508895814418792,0.14708266407251358
parkour,clean,1.0,1,100,100,1.0,1.0,"dagrs,greedy,sam2video",99.0,0.0,99.0,99.0,0.9999999999999956,2.304107339648257e-15,0.9999999999999926,0.9999999999999982,1160.4116998291015,482.5526638727574,644.0364868164063,1788.1809448242188,0.32620425403118136,0.10725662060596214,0.17841685712337493,0.446256884932518,43.04222858428955,2.2884288410811764,38.92007179260254,45.84810600280762,7.254724090282138,0.0966809198221642,7.12126310735243,7.362823495359153,10560.18595703125,2574.499904260623,7467.3849609375,14095.117871093751,0.17618272826075554,0.041962538704959126,0.14585358202457427,0.2526006400585175
parkour,dust,3.0,1,100,100,3.000000238418579,3.8995673656463623,"dagrs,greedy,sam2video",15.036630954382103,2.154334916152744,12.433493723556683,18.417572719457908,0.8042971378860329,0.06027209551887282,0.7278458419522666,0.8891754810873644,309.41414680480955,159.4527071080882,154.05686645507814,581.0584777832031,0.512937381863594,0.05409486950843632,0.43192065358161924,0.5708842039108276,23.753125810623168,3.071719016816263,18.834701156616212,27.176472091674803,6.386072495921071,0.25936159927589836,5.97939075452624,6.712208866535062,2781.515588378906,963.7977541931293,1739.02275390625,4515.29033203125,0.18971569016575812,0.037390704548862695,0.13965385109186174,0.23522219359874724
parkour,fog,3.0,1,100,100,3.000000238418579,3.8995673656463623,"dagrs,greedy,sam2video",11.90022151747873,2.3736009609617725,9.001160554215454,15.682401557365235,0.6827371434573203,0.09115502745781018,0.5721143758072323,0.8143643956407849,146.7105397415161,98.46662846038387,52.25931625366211,335.0018707275391,0.6832946801185608,0.07571146490681163,0.5612858831882477,0.7814569115638733,18.675800333023073,3.3855280580064977,13.695958805084228,22.753820610046386,5.861661165142728,0.40176853164198456,5.261502323112074,6.400859464043519,1308.8337942504884,673.6027510928831,613.2087036132813,2566.3747558593755,0.03924048271030187,0.013749298717906155,0.02327505201101303,0.057471579313278204
parkour,lowlight,3.0,1,100,100,3.000000238418579,3.8995673656463623,"dagrs,greedy,sam2video",10.99517739119022,2.028217385513673,8.403779677815889,13.92534466130921,0.36962741719385034,0.12080619321333894,0.21775035197806505,0.5488866239575922,2086.113409423828,367.7441358641805,1496.25009765625,2620.693383789063,0.06510696426965296,0.06086192461282249,0.011054466664791108,0.17769606858491901,34.63084730148316,5.26672030426576,26.84360694885254,41.98318176269532,6.967919705848441,0.28093680067289595,6.521273752102949,7.311343369081682,7953.079887695312,1202.1778115683687,6211.731787109375,9795.416699218751,0.4798337835073471,0.1138957394248962,0.3065182238817215,0.6263298273086548
parkour,motion_blur,3.0,1,100,100,3.000000238418579,3.8995673656463623,"dagrs,greedy,sam2video",24.234662797828506,1.5447462263000937,22.345121890928368,26.758638405498345,0.6415662927964693,0.07339901825453739,0.5574432202968567,0.7471993500564765,50.66968453407288,31.964834387838614,20.50392265319824,88.2502899169922,0.39777073711156846,0.10303731120736989,0.2529802918434143,0.5220754504203796,38.635873794555664,2.5731646523451586,33.87340774536133,42.09001617431641,7.109360627091734,0.11117935565943261,6.933597614000975,7.235480621670913,1981.9086010742187,698.9324794073345,1060.5366088867188,2805.7739990234377,0.16650502294301986,0.03935416691376826,0.1393493339419365,0.2402186587452889
parkour,rain,3.0,1,100,100,3.000000238418579,3.8995673656463623,"dagrs,greedy,sam2video",14.818514618809942,2.383453437267439,11.955212346012356,18.406271636285922,0.7689720666299791,0.075023348632653,0.6672485777445899,0.8770837365221101,282.39010444641116,147.5139414958816,138.8183563232422,539.3039855957031,0.5795159420371055,0.06827738371943855,0.4710028201341629,0.6676077544689178,22.897459564208983,2.9848603618261373,18.11283302307129,26.120548820495607,6.3594021427998735,0.2429094308795118,5.992462554886398,6.664759373326533,2817.7841345214842,831.9144412858358,1918.23037109375,4190.383447265625,0.06183631781488657,0.015335685280577206,0.043547706305980684,0.0851161263883114
parkour,sensor_noise,3.0,1,100,100,3.000000238418579,3.8995673656463623,"dagrs,greedy,sam2video",25.146535587951277,2.344283329493582,22.257873502691528,28.53961447875331,0.5437509025650527,0.10843018379775857,0.40084298625121684,0.7006691785871401,3198.8455139160155,1040.1878948760207,1613.338671875,4567.932373046876,0.2322585306316614,0.0982579084400487,0.12316151633858681,0.37093358337879184,44.167585639953614,2.1361579070690815,40.89805564880371,46.690438461303714,7.392594301877725,0.09641193119683635,7.267159642003016,7.506666993883966,12974.230205078125,2763.7036476264293,8779.41279296875,15831.126074218751,0.2618676047027111,0.05343958025653559,0.18833571672439575,0.32370133996009837
parkour,snow,3.0,1,100,100,3.000000238418579,3.8995673656463623,"dagrs,greedy,sam2video",15.714544482693158,2.298147993130119,12.973914342396723,19.165374212534136,0.786022756207216,0.060365307848345415,0.7034615112200779,0.8752335559304958,377.75871520996094,160.7836501697663,222.61119232177734,636.8614257812501,0.5494565534591674,0.06790731571349622,0.4440527409315109,0.6348557949066163,25.50911153793335,2.513981435074273,21.507060623168947,28.027358627319337,6.49947876417461,0.22176539072644805,6.154502634801426,6.755279770784212,4431.006157226562,984.121736309965,3259.4623779296876,5787.571435546875,0.07038895040750504,0.015486437842657628,0.05295244492590427,0.09447228088974953
parkour,underwater,3.0,1,100,100,3.000000238418579,3.8995673656463623,"dagrs,greedy,sam2video",9.579116358544631,1.6307107655979858,7.371889916447019,11.850753163766585,0.5398485027144592,0.06746871397176303,0.4596012842208102,0.6356440649943884,101.72159917831421,74.01920446177029,31.59766368865967,227.23495178222657,0.09639611415565014,0.024096496553852834,0.07382051646709442,0.13839041590690612,13.131342930793762,4.003656583915498,8.055060815811157,18.428422737121583,5.632851608598752,0.469209466779057,4.965179868691157,6.192018554502577,883.7292054748535,526.0491626568389,334.9088989257813,1765.0641723632814,0.6116967338323593,0.06923619750819061,0.5139058232307434,0.6946581959724426
pigs,C1_fog_noise,3.0,1,79,79,2.9972586631774902,3.8992199897766113,"dagrs,greedy,sam2video",10.495863380589297,1.4822945675253494,8.635232222436214,12.580525580624517,0.28682177034523554,0.10872255944795402,0.1638914484960822,0.4490938419518333,2058.4185157486154,958.0604056663484,872.4362670898438,3415.338134765625,0.5293626630608039,0.019607917997410268,0.49832814931869507,0.5504764437675476,21.64609138875068,1.734609295006364,19.134051513671874,23.63237228393555,6.3592968874922,0.09775440182241121,6.204496432545444,6.463876173877575,3039.7595616594144,962.5236227134677,1968.1618896484374,4437.99072265625,0.1312132885184469,0.015274667932252243,0.1129632368683815,0.1522664487361908
pigs,C2_lowlight_blur,3.0,1,79,79,2.9972586631774902,3.8992199897766113,"dagrs,greedy,sam2video",11.013025264240472,1.8042878013258832,8.954844634370097,13.753203612085539,0.3804914207824481,0.1248480888153653,0.24269729912014237,0.5608123253584806,31.48629796957668,8.574525162590579,22.566952514648438,39.72635955810547,0.0933143685607216,0.03073698405144852,0.05638424530625343,0.1377015918493271,22.76979186866857,5.801924585826391,15.673560333251952,30.42765693664551,6.273061484182855,0.3596474940121051,5.777754588351284,6.728582160942024,652.2265186551251,359.15448654626897,279.7199401855469,1081.7036376953126,0.37786988706528385,0.03258875116635859,0.3289337754249573,0.416965389251709
pigs,C3_rain_snow,3.0,1,79,79,2.9972586631774902,3.8992199897766113,"dagrs,greedy,sam2video",10.825138159498886,0.9540105827852399,9.438581400870952,12.081150968701573,0.5713772184768712,0.07025761945304486,0.4832404529296002,0.6688646960227476,69.1894726813594,11.959345003505156,54.770347595214844,87.0990707397461,0.6648290866537939,0.04051963745649005,0.6111358761787414,0.7155368328094482,14.822458061990858,1.5833335389135472,12.777014541625977,16.745251846313476,5.534659605388092,0.24333488774077622,5.196690833967828,5.847644659703253,1621.6463344911986,307.08367726822274,1178.1370361328125,2073.3564453125,0.03446748329302932,0.009777553167897612,0.022618532180786133,0.04919895529747009
pigs,C4_fog_blur_noise,3.0,1,79,79,2.9972586631774902,3.8992199897766113,"dagrs,greedy,sam2video",10.444980866152077,1.4682079850977021,8.601293436225141,12.486678243198801,0.1990734855895613,0.0842634074742394,0.1087924076169866,0.3276408516377684,2024.2440888610067,967.4307000207141,825.0808227539063,3395.607080078125,0.5362451068962677,0.017224253529974906,0.5098342061042785,0.5550167679786682,21.104145484634593,1.779307962936649,18.315681838989256,23.135451126098634,6.328313108669779,0.10502186616584966,6.164616860255463,6.4406174463246035,2573.3192772201346,1087.169611928544,1274.795654296875,4149.44619140625,0.13103492322224605,0.015315275533185525,0.11273036450147629,0.15214936137199403
pigs,clean,1.0,1,79,79,1.0,1.0,"dagrs,greedy,sam2video",99.0,0.0,99.0,99.0,0.9999999999999942,1.8054551014615317e-15,0.9999999999999919,0.9999999999999964,310.40677507617806,72.37650082941357,225.3175048828125,418.89154052734375,0.2719507530520234,0.007632254882274839,0.26388633251190186,0.2801737427711487,37.82014315641379,2.8544066722828108,33.899576568603514,40.91420974731445,7.05391496468498,0.08165260083598436,6.926290280890893,7.130548818469299,4915.245778530459,569.3900190597022,4408.796875,5841.6052734375,0.20538410318048694,0.003818998393568589,0.2000121831893921,0.20991905331611632
pigs,dust,3.0,1,79,79,2.9972586631774902,3.8992199897766113,"dagrs,greedy,sam2video",14.189184274002814,1.1735079032177353,12.606051516123749,15.706550744310219,0.7898040594745479,0.04298576539775927,0.7334299915310585,0.8456978801354098,82.36446259896967,16.16599825207039,59.80143585205078,101.07455596923829,0.4780435166026972,0.01839921445982698,0.4524874448776245,0.5028448581695557,22.725800212425522,2.48968345580303,19.412367248535155,25.83278694152832,6.311846150030371,0.1664672073609473,6.0951519715808,6.52023227710334,1309.1356695633901,235.6942341409041,1038.821533203125,1643.824951171875,0.23268135835098314,0.030834354766497794,0.19057641327381133,0.272526615858078
pigs,fog,3.0,1,79,79,2.9972586631774902,3.8992199897766113,"dagrs,greedy,sam2video",10.671453348902157,1.4355823169702842,8.816145457303998,12.6705393541921,0.6520839969847446,0.07126223114711727,0.5668730612896306,0.7486913701558326,38.608216635788544,11.707573287364747,25.61035614013672,55.83141021728516,0.6636832273459132,0.06484098157973694,0.5789519667625427,0.7473825216293335,19.242743033397048,2.330165748849051,16.10676727294922,22.094691467285156,5.96744922213537,0.21999860024659307,5.709685827074049,6.253243306236988,622.0151452173161,221.49938122948228,384.3805786132813,933.6170776367188,0.045855382952509044,0.013474310541920493,0.03025412857532501,0.06531078964471818
pigs,lowlight,3.0,1,79,79,2.9972586631774902,3.8992199897766113,"dagrs,greedy,sam2video",10.993030844297387,1.8112576989655582,8.914318594513778,13.73061237830134,0.33513087511415895,0.12415119420136649,0.18503755909504452,0.516146531984683,1526.657235061066,397.68649956982705,997.60595703125,2034.563818359375,0.024018140084035047,0.025075590642144308,0.00034750229096971454,0.06306734085083009,26.131550535371034,4.827523571425544,20.27321128845215,32.619754028320315,6.575408313973707,0.25883410601409385,6.219561631526566,6.8881942603006125,4334.02329225178,344.5001376400342,3857.42138671875,4795.730859375,0.5501376179200185,0.09597475043095427,0.4207296550273895,0.6719840049743653
pigs,motion_blur,3.0,1,79,79,2.9972586631774902,3.8992199897766113,"dagrs,greedy,sam2video",27.538823339953275,1.451924942958267,25.84595414613212,29.30898090572138,0.6681787356583414,0.06895095474005648,0.59093565823072,0.7526883413250969,16.934171863749057,9.552387634857832,8.57130765914917,30.940288925170897,0.33913002021705047,0.016099611177458093,0.3205545783042908,0.3600607991218567,35.315388570857955,3.3176763127287927,30.429963684082033,39.143262481689455,6.905576886794873,0.11542331290521153,6.726954868502693,7.0272482693447245,1013.9651002521756,378.64616818736596,617.2408935546875,1513.6757080078125,0.20268411368508882,0.003921739825522882,0.1968541771173477,0.20720590949058532
pigs,rain,3.0,1,79,79,2.9972586631774902,3.8992199897766113,"dagrs,greedy,sam2video",13.550264486284329,1.2913014693871792,11.8093287432729,15.24492137648455,0.7449000916223031,0.06463876942782372,0.6629989128486572,0.8277256125872908,84.03049990497058,14.020030751449514,66.01827926635742,100.85699768066407,0.5521446821055834,0.040939723647597515,0.4989479720592499,0.6061954617500305,22.26069131682191,2.2857885157879356,19.059888076782226,25.08796615600586,6.324748350348392,0.13661016887160313,6.110203174541362,6.491338255704834,1609.442166485364,231.8129627157665,1281.8793212890625,1877.1591796875,0.07255405324357975,0.01255149309579887,0.05653384476900101,0.08985151201486588
pigs,sensor_noise,3.0,1,79,79,2.9972586631774902,3.8992199897766113,"dagrs,greedy,sam2video",25.13969290158012,2.33299115163923,22.252158036208662,28.511666362837534,0.5071048741236018,0.10171227723945536,0.38183815793190806,0.6482627056130128,2350.9563853589793,1041.8912363067395,1057.95869140625,3836.26435546875,0.18261322322525556,0.028871174981632924,0.14362853467464448,0.21834672689437867,39.17539094369623,2.645715394608378,35.910038757324216,42.200006103515626,7.187002545792888,0.08249857694351953,7.087797667866987,7.306342197164581,7357.506353837025,1579.359029083174,5595.1765625,9507.6794921875,0.2817976623773575,0.02816740707673659,0.24688288569450378,0.3230162501335144
pigs,snow,3.0,1,79,79,2.9972586631774902,3.8992199897766113,"dagrs,greedy,sam2video",14.477295652923647,1.1759431962977063,12.827123079261357,16.003730106739898,0.7671432004881017,0.05073562330166492,0.6980638299815128,0.8344282893105567,140.65008081363726,25.445446991035542,112.5349624633789,174.14861755371095,0.519464529013332,0.03293529358324313,0.47633776664733884,0.563469922542572,24.529353322862068,2.0722180929708998,21.545619583129884,27.09158935546875,6.422270169775387,0.14051217422526943,6.220210214247656,6.596527132718032,3080.300555651701,559.3859442525294,2360.580615234375,3958.9564453125,0.0828565931112706,0.010969820533364628,0.06820113360881805,0.09771754443645478
pigs,underwater,3.0,1,79,79,2.9972586631774902,3.8992199897766113,"dagrs,greedy,sam2video",10.654678456025268,0.5642912284026107,9.923343184804441,11.45272933458772,0.566074546086905,0.0659183170459872,0.4790956250577577,0.6567899756091391,25.654445962060855,9.61876154544051,14.244054031372071,41.295561981201175,0.09862235810937761,0.013800272715078036,0.08458022773265839,0.12058413177728652,11.214625437048417,3.5531996357213087,6.8988348007202145,16.218238067626952,5.3912935848727015,0.48997332418039014,4.737038192515718,5.994646111065271,404.02482035190246,179.52454504913527,199.79677734375002,657.5547729492188,0.5599232285837584,0.08806283649297715,0.42916563153266907,0.6615724205970764
scooter-black,C1_fog_noise,3.0,1,43,43,2.9869327545166016,3.8900890350341797,"dagrs,greedy,sam2video",9.932352600873394,1.60189595624446,7.541353905218663,11.866615495195985,0.29493935881876127,0.1058633342180167,0.17068047689908308,0.4503429186851893,2134.387374523074,900.3249194823131,1038.958984375,3391.861767578125,0.5253252858339355,0.021793160947302343,0.4940547525882721,0.5506594181060791,28.187085661777232,4.204073448389193,23.775112533569335,34.32323074340821,6.708864536815526,0.21489296271499594,6.480446337132115,7.0390036249134145,5175.0791015625,430.9895041222765,4581.00322265625,5852.244433593751,0.1296536740522052,0.015615877341099479,0.10801587849855424,0.14979104399681092
scooter-black,C2_lowlight_blur,3.0,1,43,43,2.9869327545166016,3.8900890350341797,"dagrs,greedy,sam2video",11.462021021010147,1.8987247923771762,9.149123049409546,14.137044504715158,0.43938959541206624,0.09187108312483133,0.3185551996483701,0.5619767878483816,71.17001356080522,49.58023193374144,36.94505767822265,128.025148010254,0.14238062396992085,0.03230339645590078,0.10042465925216675,0.18594718575477603,45.71285647015239,10.526323353596972,32.19576187133789,63.363169097900396,6.9259509832106465,0.2975016674646589,6.561410536378435,7.39641158510634,3450.4851698764537,1694.1455815888098,1474.238232421875,5442.57705078125,0.24243559705656628,0.018071592845524335,0.21919774413108825,0.2655951976776123
scooter-black,C3_rain_snow,3.0,1,43,43,2.9869327545166016,3.8900890350341797,"dagrs,greedy,sam2video",10.059867094295335,1.1070777170030601,8.279713701484873,11.395705419801686,0.540898754731145,0.06989559572526059,0.4275083472844459,0.6297618159630332,130.16669393140216,27.20193303709469,101.69511108398437,153.6914093017578,0.6645664226177127,0.04051713444637921,0.6115256667137146,0.7185946702957153,20.20507158235062,3.6119141526429903,16.108757400512694,25.829073333740233,6.067954452840979,0.3118099696773803,5.680477178777924,6.532571271532163,2785.0776594295057,314.47149531706367,2402.05,3212.7119140625,0.023992235707335694,0.00749990776934978,0.013961555249989033,0.03338585197925568
scooter-black,C4_fog_blur_noise,3.0,1,43,43,2.9869327545166016,3.8900890350341797,"dagrs,greedy,sam2video",9.706860837742548,1.525440090698727,7.424094898391664,11.597220249562849,0.18320545024863388,0.07717288998420099,0.09600426650479797,0.2886949526496145,2001.1803106263626,951.7135446114037,819.316650390625,3306.968408203125,0.5379804525264474,0.019226745668234152,0.5105857372283935,0.5605468630790711,26.408298270646917,4.066225361983342,22.27408561706543,32.134463500976565,6.623636033784927,0.21724435534015968,6.400904140669259,6.970968944759617,3031.2817184093387,805.5752893509515,2049.66640625,4236.19501953125,0.12887040144482323,0.015946309868393956,0.10697738975286483,0.1494174063205719
scooter-black,clean,1.0,1,43,43,1.0,1.0,"dagrs,greedy,sam2video",99.0,0.0,99.0,99.0,0.9999999999998336,7.441053387884446e-14,0.9999999999997036,0.9999999999998906,1284.2449355014535,361.3215689499038,939.4848388671875,1873.2069335937501,0.2784046350523483,0.03115069804793406,0.2386106640100479,0.3147677183151245,67.20031587467638,6.164625774807122,60.39713592529297,75.14873504638672,7.501084280495317,0.1532729361043942,7.328701009645364,7.682135625122149,23528.26203670058,2038.1635641312748,21219.82265625,26348.1734375,0.21759492713351583,0.020181134172097163,0.19795625507831574,0.24957939982414248
scooter-black,dust,3.0,1,43,43,2.9869327545166016,3.8900890350341797,"dagrs,greedy,sam2video",13.128340939722836,1.390639803686521,11.060169823168346,14.650731690884044,0.7353988642349542,0.05635130509187214,0.6360409908942131,0.7967513694440884,331.71696010855743,102.60469445966802,211.7108123779297,428.59497680664066,0.48612709516702696,0.01928305981517919,0.45875505805015565,0.5108584642410279,35.896938457045444,4.8036558912808065,29.36510238647461,43.689571380615234,6.966115924565324,0.19345144747723814,6.710640215222609,7.259406537729,6158.1418911246365,1323.3512786685235,4592.29443359375,7854.06240234375,0.19730241215506264,0.03720169067870313,0.14866028726100922,0.24698227643966675
scooter-black,fog,3.0,1,43,43,2.9869327545166016,3.8900890350341797,"dagrs,greedy,sam2video",10.070656257736866,1.559245172914049,7.814515742255299,11.980505479869997,0.6158189482149014,0.0754586821420492,0.48789433105220914,0.7030190099344762,152.62860914718274,65.70995649586416,74.11753845214844,229.09817810058598,0.665171951748604,0.06558005482161564,0.5770274758338928,0.7502735495567322,26.48553546639376,4.898495379548069,20.658628082275392,34.10520706176758,6.432417030545147,0.3471382328283001,5.979583339161219,6.944832780493218,2874.2377901299055,1166.5508585158539,1513.2493408203125,4545.780566406252,0.032229155128778414,0.010906887236801862,0.018277184665203096,0.04836725369095803
scooter-black,lowlight,3.0,1,43,43,2.9869327545166016,3.8900890350341797,"dagrs,greedy,sam2video",11.858274031653991,2.0252754129758173,9.418383198375114,14.707471215257767,0.4008185680202842,0.11078162092848606,0.26822195769475765,0.5549935052595883,2251.107084052507,466.78024600538174,1706.1230712890624,2974.4846191406255,0.07316952203075554,0.03956067100170993,0.027014593407511712,0.12584096044301987,52.48279110220976,9.21767902140336,40.94979629516602,68.6815170288086,7.163645345723099,0.2090856849109708,6.904023372225186,7.4826411113330495,17916.983262172966,2428.5334662604805,14447.3484375,20800.838671875,0.48162142759145693,0.07174611327545262,0.38599625825881956,0.5850463867187501
scooter-black,motion_blur,3.0,1,43,43,2.9869327545166016,3.8900890350341797,"dagrs,greedy,sam2video",20.59185403887866,1.324972664594863,19.08838916770564,22.438118471527766,0.649224666967958,0.0638350479133235,0.5723484332419069,0.7261398301134273,58.42374628643657,31.48062187277305,28.827933502197265,103.36132965087893,0.3342630364174067,0.032396347824729686,0.29460341334342954,0.37778635025024415,60.20900185163631,7.014012415458552,51.99361114501953,70.14201202392579,7.476686789325895,0.20873885192907624,7.238785601089897,7.725226527132562,4628.622388263081,1354.1758560693129,2951.90498046875,6201.11015625,0.1958370267651802,0.018001481516985617,0.17689838707447053,0.2200390487909317
scooter-black,rain,3.0,1,43,43,2.9869327545166016,3.8900890350341797,"dagrs,greedy,sam2video",12.738844820949486,1.4747511919655834,10.531442186210267,14.348289200434476,0.7032125595623211,0.0695442594209896,0.5853702679356557,0.780022261196265,302.40373762263806,92.13186502307815,196.11012268066406,393.1979064941407,0.5543722371722377,0.04199512875042523,0.49881104230880735,0.6142942190170289,34.097957699797874,4.81056555960283,27.632431030273438,41.970245361328125,6.911725300406714,0.19681511688920883,6.650611081357166,7.212646395379661,5840.26540924782,1089.8107282412311,4595.8607421875,7295.296484375001,0.05260443453525388,0.010859495072629463,0.038426601141691205,0.06766301393508911
scooter-black,sensor_noise,3.0,1,43,43,2.9869327545166016,3.8900890350341797,"dagrs,greedy,sam2video",25.412290314892644,2.297028079565252,22.562432273278688,28.706582132326417,0.5879527447934109,0.09163902540595655,0.4811445760704934,0.7173341477447025,3197.540158293968,1102.2460659653543,1870.3495361328125,4765.383105468751,0.20430892116801683,0.030695824415648432,0.15595156848430633,0.2426441103219986,67.37538084872934,5.914236923875002,60.90198440551758,74.97078704833984,7.755234223307635,0.1079461695407144,7.612940857440413,7.884698911039388,25439.874591206397,2478.7446203864397,22235.464453125,29295.234375,0.3245714992977852,0.04376181534554427,0.2725610613822937,0.400377893447876
scooter-black,snow,3.0,1,43,43,2.9869327545166016,3.8900890350341797,"dagrs,greedy,sam2video",13.641641771537204,1.363646181595456,11.65104764535389,15.098197617340205,0.7240552395820348,0.058364360118248075,0.6274659458503832,0.7872329480226044,402.53503205055415,103.20775757674906,288.04193115234375,516.2114318847657,0.5220669404018757,0.03478159876515632,0.4756842076778412,0.5708507061004638,37.612594116565795,4.363082636974092,31.977785491943358,44.671730041503906,7.037101703568267,0.17088585499856174,6.825727100977376,7.289488510230925,8071.651821402616,939.6304770851402,6923.767578125,9042.4994140625,0.06076431161789007,0.009888356571536604,0.04807629808783531,0.07387929856777191
scooter-black,underwater,3.0,1,43,43,2.9869327545166016,3.8900890350341797,"dagrs,greedy,sam2video",9.158301909007655,0.45988462108830364,8.621633696564757,9.835573407891218,0.5308670216024352,0.06758902941714372,0.44751384130925226,0.6233697396756165,104.01674004488213,51.36771845678488,38.169464874267575,165.59231872558595,0.08751056689855664,0.01013602667164058,0.07605165392160415,0.10301943719387055,19.234397777291232,5.861373663069133,12.17711582183838,27.49528045654297,6.09549248815304,0.4391318527693623,5.432054454313603,6.6357351685993935,1936.8727885401527,966.2420791238691,792.9558227539062,3348.376953125,0.6136800078458564,0.06189928384949236,0.5256663680076599,0.6874410390853882
shooting,C1_fog_noise,3.0,1,40,40,3.0,3.894073247909546,"dagrs,greedy,sam2video",7.836290810136736,1.9967739159808036,5.386304721942494,10.550869021174115,0.20059426104197842,0.10241616668214538,0.08622869875888575,0.3542564688303436,2038.7291641235352,981.4894301637343,850.6297973632812,3376.3279541015627,0.4859061188995838,0.02896322201151044,0.4516717344522476,0.5212702631950379,27.41129117012024,2.8471171125670547,24.389606857299803,30.69673023223877,6.708230895311269,0.14310638188639005,6.544890512692883,6.876821035735994,2744.8928100585936,1027.2784055192533,1507.12216796875,4137.831591796875,0.14336446672677994,0.013826768955242657,0.12523265033960343,0.1608866572380066
shooting,C2_lowlight_blur,3.0,1,40,40,3.0,3.894073247909546,"dagrs,greedy,sam2video",13.378705691556911,1.6943843160363699,11.078840338118775,15.469929387522212,0.4801811768767477,0.10327055770216347,0.34517221964847455,0.6317628281637124,18.71318335533142,3.8500941065934966,13.851492404937744,24.266697502136232,0.04751226424705237,0.03049590185807988,0.017082088068127634,0.0930994063615799,25.104347920417787,11.104776005342984,12.63391923904419,38.05204315185547,5.7528405453180635,0.9196636214883603,4.461104651859753,6.862453120331952,466.6417505264282,294.72724803558714,165.8862548828125,830.303289794922,0.4037845142185688,0.02397340290392471,0.37440666258335115,0.4343508809804916
shooting,C3_rain_snow,3.0,1,40,40,3.0,3.894073247909546,"dagrs,greedy,sam2video",7.858459128376014,1.5266212103560157,5.778859930051754,9.671355816488866,0.5001028901494446,0.11308586053922717,0.3164520007858073,0.6328814912970426,42.24766435623169,12.396642155833852,25.543643760681153,60.18514709472656,0.6401444703340531,0.0422211170633777,0.5885609745979309,0.6972515881061554,17.93759160041809,2.543910703726974,14.837423324584961,20.627293777465823,5.984563691640538,0.2712293104958339,5.60485537526667,6.271541086071632,1292.5661178588866,336.2750663029724,790.7331176757813,1704.2155883789062,0.03578559560701251,0.010826211351168536,0.022051051445305347,0.0501791749149561
shooting,C4_fog_blur_noise,3.0,1,40,40,3.0,3.894073247909546,"dagrs,greedy,sam2video",7.820340906083933,1.989930563786819,5.384610669600092,10.517154592081347,0.1823261349766729,0.09523675450072774,0.07906758070659985,0.3282077403429997,2035.9932006835938,983.9824770687927,845.5635864257813,3376.4056640625004,0.48835491612553594,0.028141129885714107,0.45487540364265444,0.5225538551807404,27.039827728271483,2.8735008180835226,24.008101844787596,30.34602642059326,6.690760296140704,0.14431543672004582,6.523108358547537,6.864025540165609,2597.8334259033204,1095.430283650805,1286.4263427734375,4111.130224609376,0.14291276093572378,0.013937233393773065,0.1246427409350872,0.16068799048662186
shooting,clean,1.0,1,40,40,1.0,1.0,"dagrs,greedy,sam2video",99.0,0.0,99.0,99.0,0.9999999999997566,2.7703642088364014e-13,0.9999999999992002,0.9999999999999709,29.802464270591734,8.474687287292355,20.133704376220702,41.74863624572754,0.16899149250239134,0.0577976501159941,0.07826943844556808,0.23937943130731584,45.547540950775144,5.409062129328714,40.44717597961426,48.80670852661133,7.296719195495527,0.2167729692862143,6.934371797033252,7.4935127448697685,2176.521682739258,464.3278230542247,1626.8615234375,2687.405615234375,0.3585702136158943,0.06562879558028026,0.29340432286262513,0.4454429179430008
shooting,dust,3.0,1,40,40,3.0,3.894073247909546,"dagrs,greedy,sam2video",11.193179717695688,1.8508513176374979,8.597558108346082,13.73170925788958,0.6627764331339794,0.11540687071880153,0.465421517813637,0.7868466700514191,10.051032441854478,3.6731243781824707,5.7074604511260985,16.14994926452637,0.43224895298480986,0.03316634002385487,0.39233248233795165,0.4764037072658539,29.364910984039305,3.9383854271672947,25.012775421142578,32.328067016601565,6.813762514489144,0.19292935912892373,6.528705400140232,7.024322339940864,636.1430492401123,229.0749229700079,326.7114593505859,924.2711975097657,0.22820996232330798,0.03234271556408169,0.186349356174469,0.2695727229118347
shooting,fog,3.0,1,40,40,3.0,3.894073247909546,"dagrs,greedy,sam2video",7.999968324477875,1.988565698584114,5.368667107761585,10.73933981547955,0.5554966045361885,0.12185333860558581,0.35777044620410736,0.7023236719428978,5.6932035893201824,2.5481486798371735,2.8239259719848633,9.882598400115967,0.6250093057751656,0.07327971801767282,0.5253845751285553,0.7194310307502747,25.687998056411743,3.8037721367596133,20.42862148284912,29.682435607910158,6.470421018422428,0.26772788281768034,6.032016482823245,6.761970748713315,331.86454582214355,163.80495069299002,125.42914810180665,562.1648742675782,0.05070051928050816,0.017239017089149294,0.03028360418975353,0.07476451694965362
shooting,lowlight,3.0,1,40,40,3.0,3.894073247909546,"dagrs,greedy,sam2video",13.29922592122191,1.6938592500975154,10.982458701997748,15.345782870573531,0.26036905128517457,0.09608967918405911,0.14595747005854134,0.4085067206956656,1052.004039001465,266.07843675478017,733.7255737304688,1452.6934204101562,0.016687440983014314,0.023463285766247313,6.485971607617103e-05,0.04595618583261967,27.22491443157196,10.38349913772551,16.401852893829346,39.09263114929199,6.122132001085541,0.6672036664776004,5.2158701260874505,6.968527745084261,2092.795794677734,299.1289116747557,1672.4123779296874,2487.8383056640623,0.6917442306876183,0.10222776623317727,0.5425782144069672,0.8155216932296753
shooting,motion_blur,3.0,1,40,40,3.0,3.894073247909546,"dagrs,greedy,sam2video",31.324063761602098,2.0180333867848157,28.964406292920273,34.183946723005974,0.9169656140025968,0.025633672910921602,0.8881975466434113,0.947588952656834,5.263369697332382,2.2985874249316094,3.1325903415679934,8.145433902740479,0.18532163854688405,0.058630951658101754,0.09434646666049958,0.25549115538597106,43.94477758407593,5.744975672374787,37.39460792541504,47.85962257385254,7.268602528730608,0.21019019536347744,6.933123737899188,7.4816404984523475,965.8708343505859,455.9069533653456,513.3320556640625,1386.2081665039063,0.3494502387940884,0.06406571256836306,0.2865593731403351,0.4366052120923996
shooting,rain,3.0,1,40,40,3.0,3.894073247909546,"dagrs,greedy,sam2video",10.668861003542272,1.9322012310384165,8.000824837491079,13.338050052942778,0.6251180066797036,0.12303522562151872,0.42443954388407074,0.7656101623295086,22.105334758758545,5.317418267325023,15.911861991882324,29.641044998168947,0.49855348020792006,0.050303321713813555,0.4411711752414703,0.5640837550163269,28.733892917633057,3.7621444715592087,24.448649978637697,31.50489158630371,6.788954418562005,0.18114837082658286,6.524147150759541,6.978255736759078,1070.444190979004,272.3846640069763,755.1012145996094,1493.807177734375,0.0833697290159762,0.01724429060918984,0.0619657676666975,0.1049043022096157
shooting,sensor_noise,3.0,1,40,40,3.0,3.894073247909546,"dagrs,greedy,sam2video",25.38977245999606,2.230308448278979,22.738889671658125,28.583023568514992,0.395425774237137,0.12385813379220341,0.24704711765755544,0.573790347902998,1950.5340789794923,896.1515903507534,845.3360473632813,3186.721337890625,0.09147430909797549,0.049868745517493825,0.028690614923834803,0.15549484491348267,46.25438776016235,5.243397858653102,41.09969635009766,49.5296672821045,7.389791598290799,0.2020858872943501,7.0319582976406245,7.584290518240446,4450.942565917969,834.2044820712854,3476.526708984375,5685.40146484375,0.46688621044158934,0.10234414797137721,0.3511087328195572,0.624351978302002
shooting,snow,3.0,1,40,40,3.0,3.894073247909546,"dagrs,greedy,sam2video",11.61307413179615,1.8312550515987738,9.08322671441712,14.118628624192729,0.6494013221936449,0.11378742971311165,0.462129685225945,0.7744384737354151,53.94098787307739,14.7651776632197,35.73561134338379,74.78190612792969,0.4610860660672188,0.04443851121557555,0.4088078111410141,0.5203014492988587,30.508397150039674,3.580566498616115,26.40799331665039,32.87996940612793,6.875541202880808,0.16777527523776264,6.655865420563673,7.055586464788609,2220.9435333251954,529.3592141469412,1551.9050537109374,2894.1087646484375,0.0966698531061411,0.01576649397416238,0.0770466148853302,0.11452756300568581
shooting,underwater,3.0,1,40,40,3.0,3.894073247909546,"dagrs,greedy,sam2video",13.58379072028411,1.4628593472906177,11.93175556545623,15.955865245290509,0.6615125085413388,0.04464780644412545,0.5985600053805148,0.7222375727811585,4.089132934808731,1.9259739874584694,1.9421934723854064,7.1228590488433845,0.07681986624374985,0.015120249706076568,0.056557615473866465,0.0996352031826973,13.681753957271576,4.660391511168587,8.604759120941162,18.90073165893555,5.6502065316704,0.44695270706799056,5.062948623998653,6.19206944796073,197.43804502487183,126.71993028037461,54.07240447998047,368.69865722656255,0.5685668922960758,0.07810358146447244,0.4649479746818542,0.6624401926994323
soapbox,C1_fog_noise,3.0,1,99,99,3.000358819961548,3.899975299835205,"dagrs,greedy,sam2video",10.4418051541989,1.7359503133586953,8.389039117856555,13.07660875668765,0.2813096484508903,0.10821350465988472,0.15834943495648854,0.44137564108980815,2067.7349391128078,943.7165092263808,886.921630859375,3393.8860351562503,0.5325509568657538,0.017649897369307097,0.5077301740646363,0.5552244424819947,24.686418379196013,2.701512576991428,21.383553314208985,28.51216049194336,6.5509065502798185,0.13883780744590205,6.394856116209817,6.764223742057857,3438.3242976641413,762.0861055851009,2556.302197265625,4528.57958984375,0.13177682745336283,0.01662093659249639,0.11021124124526978,0.15297887921333314
soapbox,C2_lowlight_blur,3.0,1,99,99,3.000358819961548,3.899975299835205,"dagrs,greedy,sam2video",11.270322301981743,1.7406292828753767,9.28927519481226,13.896157376998437,0.448271755525967,0.12353669368694689,0.3074034444226404,0.6225760818482493,34.897438415373216,12.978732975919984,25.0400333404541,47.75277099609375,0.11920181037199618,0.03766130089164172,0.07080365866422653,0.17261197566986083,37.818709980357774,6.872548049696695,29.12964324951172,49.20593948364258,6.846307813341653,0.2976894732689041,6.4696716092526865,7.313043043706813,1292.9105871951942,761.2159740556675,457.54829711914067,2278.2424804687503,0.30172921145203135,0.05177048594077294,0.22414867281913758,0.3807752788066864
soapbox,C3_rain_snow,3.0,1,99,99,3.000358819961548,3.899975299835205,"dagrs,greedy,sam2video",10.652632584479596,1.2407476274039813,9.312081033598975,12.475368990369642,0.5882684167285253,0.07581650291622868,0.5014542783320819,0.6942403865495771,74.85393574261906,10.376343494233348,63.44388656616211,89.49320831298829,0.6719364788797166,0.03659336939915382,0.6211736917495727,0.7169754862785339,16.858215399462768,2.1725380034865984,14.349979972839355,20.383114242553713,5.861378823419939,0.24327157049052003,5.57128591894468,6.240056069148209,1809.5838783341226,228.65262188365338,1508.4258056640624,2128.206298828125,0.029614530597822836,0.00856119213322018,0.017604631185531617,0.041336358338594434
soapbox,C4_fog_blur_noise,3.0,1,99,99,3.000358819961548,3.899975299835205,"dagrs,greedy,sam2video",10.347522831786529,1.7024785781017038,8.333531042584458,12.919465505276408,0.2074893056327503,0.09099251679913546,0.10864941283736794,0.340961868006418,2022.990930422388,957.6420245287245,822.7895385742188,3363.3779785156253,0.5399683707892292,0.015966249588286838,0.5156796693801879,0.5607866644859314,23.852781218711776,2.730356245895772,20.56713447570801,27.948122406005858,6.509890846793533,0.14546568567212173,6.329796231890641,6.726661312824525,2708.6717122395835,985.6131073913642,1511.5902587890625,4114.83896484375,0.1310833560095893,0.016730994446578353,0.10933326780796052,0.15248995423316955
soapbox,clean,1.0,1,99,99,1.0,1.0,"dagrs,greedy,sam2video",99.0,0.0,99.0,99.0,0.9999999999999656,1.9162315429827443e-14,0.999999999999938,0.9999999999999857,421.72574777314156,139.64053082947984,290.06654663085936,670.9113403320313,0.2969699806035167,0.02396533523936988,0.2663250267505646,0.3350957989692688,52.00172697895705,6.307876187197794,40.27748565673828,58.01758804321289,7.585036750492237,0.18240171622034707,7.208020430674451,7.72877023103821,8075.103160511364,474.37439135696616,7592.9025390625,8752.683203125,0.1891128374169571,0.03674404618995429,0.14716719686985016,0.24293628036975862
soapbox,dust,3.0,1,99,99,3.000358819961548,3.899975299835205,"dagrs,greedy,sam2video",13.802505529170933,1.5420549706224678,11.998465782054792,16.18806251466333,0.7831100155660269,0.05192767563656696,0.7215188931043705,0.8676324693249127,111.63607618543837,31.73529863164348,66.36000976562501,148.4318084716797,0.49941257033685243,0.014948981898531742,0.47964762449264525,0.5195687294006348,28.983418686221345,3.7560524723554733,24.49497833251953,35.153210449218754,6.763724576260763,0.1746139906531759,6.509485171833609,7.018114032647687,2170.35634913589,477.6184620168904,1522.8410400390626,2754.4345703125,0.19442181183834267,0.03890047989011904,0.14066523611545562,0.2447984278202057
soapbox,fog,3.0,1,99,99,3.000358819961548,3.899975299835205,"dagrs,greedy,sam2video",10.61718665578578,1.7471417393473516,8.640932875652707,13.064652159870109,0.6663919183397005,0.07569223723361775,0.5774511603235741,0.7869299711486027,52.29722595214844,19.06818679622102,24.005555725097658,76.32098693847657,0.6722588948529176,0.06127987883771769,0.5869818925857544,0.7526165843009949,22.668672946968464,3.2928350622074993,18.767262268066407,28.120896911621095,6.2407991754386964,0.26943397026492966,5.901137605590616,6.6235359854216975,1038.6736613572245,422.7122443935767,523.3012451171875,1616.3034423828126,0.03910538373571454,0.012060357600458265,0.02327098324894905,0.05560345575213432
soapbox,lowlight,3.0,1,99,99,3.000358819961548,3.899975299835205,"dagrs,greedy,sam2video",11.310071652321911,1.764308169709642,9.27211411222229,13.919336937759729,0.3339410385864712,0.12107934111241249,0.18937003029148042,0.5114591609815481,1534.835720486111,345.0971742391819,1074.4378662109375,1975.44423828125,0.05150159342553128,0.035915164496904774,0.010810479894280434,0.10840334743261337,40.94420398365367,6.19625195538525,33.29043884277344,51.438951873779295,7.037530542017944,0.2458586846680832,6.727565477797005,7.424865282698192,6099.129236702967,1051.2375634276061,4788.1044921875,7486.46630859375,0.5229840657927773,0.11453137719056224,0.36179227828979493,0.6631621599197388
soapbox,motion_blur,3.0,1,99,99,3.000358819961548,3.899975299835205,"dagrs,greedy,sam2video",25.293638298141218,1.4407354686328726,23.421690150169823,27.27573959768423,0.7168360832003418,0.07459604311500838,0.6227859783200417,0.8181033377786648,26.766085224922257,18.340692779907375,11.145868492126466,48.7254623413086,0.34841635371699475,0.024272070259371958,0.3210913479328156,0.37882245779037477,48.680028626413055,6.713575499415292,37.14833526611328,55.710889434814455,7.484602183855211,0.20007624196211793,7.086207489439281,7.643607168007063,2017.1773095949732,713.3985265994033,1205.3525146484376,2996.48828125,0.18020308010204875,0.03524818116838957,0.14235259592533112,0.23197758197784424
soapbox,rain,3.0,1,99,99,3.000358819961548,3.899975299835205,"dagrs,greedy,sam2video",13.400582040887992,1.6513856992393985,11.505437971110858,15.970678561681853,0.7452214161017392,0.07062793390294726,0.6605759655193126,0.852936324153567,109.79699333267983,27.26952909127057,72.10816802978516,144.5861785888672,0.564189997586337,0.037113349914384614,0.5133255839347839,0.6109597325325012,27.855942311913076,3.581601055591559,23.653003692626953,33.709259033203125,6.714078386962394,0.16953863093712346,6.474509919532582,6.961758309131715,2375.1964641532513,279.25820804896625,1991.9444580078125,2737.35166015625,0.062192649364170405,0.013649752046367791,0.0426444910466671,0.07848462462425232
soapbox,sensor_noise,3.0,1,99,99,3.000358819961548,3.899975299835205,"dagrs,greedy,sam2video",25.19406824955519,2.3188667042263527,22.34522022766578,28.586485001181483,0.5019241697221779,0.09950483948805766,0.3803418120143249,0.6414977083260407,2438.1021864149307,1032.2702980945176,1177.1625,3820.4123046875,0.20736378792560461,0.03906233555238584,0.14777959287166595,0.2565414309501648,52.80061818132497,6.315351566386314,41.054544067382814,58.438883209228514,7.658938311196973,0.18184786505079642,7.305732065649368,7.810824666681134,10435.849885574495,1169.827029791382,8836.4056640625,12009.7623046875,0.2943795665044977,0.05017189913311481,0.2164953261613846,0.3657543420791626
soapbox,snow,3.0,1,99,99,3.000358819961548,3.899975299835205,"dagrs,greedy,sam2video",14.3170768091408,1.5326271663351205,12.520432593434718,16.732756150087564,0.7635511742159371,0.05748520504178544,0.6912083169041346,0.8490590784017521,169.72358572603477,35.71685560655474,136.91997985839845,234.50090026855472,0.5326914176194355,0.029570517082170247,0.4926670670509338,0.5702008724212646,30.67005660317161,3.541477946118903,26.145215225219726,36.210550689697264,6.854883590898975,0.16372382049955247,6.621607963217802,7.084460323812623,3924.418903389362,402.48812148148306,3470.407666015625,4568.66484375,0.07111690513262844,0.014340916051347746,0.050929109752178195,0.08725540637969971
soapbox,underwater,3.0,1,99,99,3.000358819961548,3.899975299835205,"dagrs,greedy,sam2video",9.927846571684762,0.5267355061233364,9.306911865630676,10.736642653874584,0.5643778225716086,0.061375242721517925,0.4920912322947955,0.6557974127832661,35.11868177279077,14.840321779948535,14.213476943969727,55.48783493041992,0.09449484583103296,0.01384923497473051,0.0806578204035759,0.11712401062250137,14.998548343928173,4.254797061995395,10.108640098571778,21.584255981445313,5.8278660774990145,0.3972190660075458,5.3469066202232325,6.407386880146377,681.2146826850044,341.1143375621956,316.4213012695312,1173.1184326171874,0.6108654421387296,0.06708494080908832,0.5103273510932922,0.6861609935760498
